cag_name	gtdb_r214_classification	superkingdom	phylum	class	order	family	genus	species
CAG00001	d__Eukaryota;p__Heterokonta;c__Blastocystae;o__Blastocystida;f__Blastocystidae;g__Blastocystis;s__Blastocystis sp. subtype 2	Eukaryota	Heterokonta	Blastocystae	Blastocystida	Blastocystidae	Blastocystis	Blastocystis sp. subtype 2
CAG00002	d__Eukaryota;p__Heterokonta;c__Blastocystae;o__Blastocystida;f__Blastocystidae;g__Blastocystis;s__Blastocystis sp. subtype 3	Eukaryota	Heterokonta	Blastocystae	Blastocystida	Blastocystidae	Blastocystis	Blastocystis sp. subtype 3
CAG00003	d__Eukaryota;p__Heterokonta;c__Blastocystae;o__Blastocystida;f__Blastocystidae;g__Blastocystis;s__Blastocystis sp. subtype 1	Eukaryota	Heterokonta	Blastocystae	Blastocystida	Blastocystidae	Blastocystis	Blastocystis sp. subtype 1
CAG00004	d__Eukaryota;p__Heterokonta;c__Blastocystae;o__Blastocystida;f__Blastocystidae;g__Blastocystis;s__Blastocystis sp. subtype 4	Eukaryota	Heterokonta	Blastocystae	Blastocystida	Blastocystidae	Blastocystis	Blastocystis sp. subtype 4
CAG00005_1	d__Bacteria;p__Bacillota_A;c__Clostridia;o__Peptostreptococcales;f__Anaerovoracaceae;g__;s__	Bacteria	Bacillota_A	Clostridia	Peptostreptococcales	Anaerovoracaceae	unclassified Anaerovoracaceae	Anaerovoracaceae bacterium
CAG00005_2	d__Bacteria;p__Actinomycetota;c__Coriobacteriia;o__Coriobacteriales;f__Atopobiaceae;g__Thermophilibacter;s__Thermophilibacter avistercoris	Bacteria	Actinomycetota	Coriobacteriia	Coriobacteriales	Atopobiaceae	Thermophilibacter	Thermophilibacter avistercoris
CAG00005_3	d__Bacteria;p__Bacillota_A;c__Clostridia;o__Lachnospirales;f__Lachnospiraceae;g__;s__	Bacteria	Bacillota_A	Clostridia	Lachnospirales	Lachnospiraceae	unclassified Lachnospiraceae	Lachnospiraceae bacterium
CAG00005_4	d__Bacteria;p__Bacillota_A;c__Clostridia;o__Oscillospirales;f__Butyricicoccaceae;g__Agathobaculum;s__Agathobaculum sp900557315	Bacteria	Bacillota_A	Clostridia	Oscillospirales	Butyricicoccaceae	Agathobaculum	Agathobaculum sp900557315
CAG00005_5	d__;p__;c__;o__;f__;g__;s__	unclassified	unclassified	unclassified 	unclassified 	unclassified 	unclassified 	unclassified
CAG00006_1	d__Bacteria;p__Bacillota_A;c__Clostridia;o__Oscillospirales;f__Oscillospiraceae;g__Dysosmobacter;s__Dysosmobacter avistercoris	Bacteria	Bacillota_A	Clostridia	Oscillospirales	Oscillospiraceae	Dysosmobacter	Dysosmobacter avistercoris
CAG00006_2	d__Bacteria;p__Bacillota_A;c__Clostridia;o__Christensenellales;f__CAG-74;g__Ventricola;s__Ventricola intestinavium	Bacteria	Bacillota_A	Clostridia	Christensenellales	Christensenellales CAG-74	Ventricola	Ventricola intestinavium
CAG00006_3	d__Bacteria;p__Bacillota_A;c__Clostridia;o__Oscillospirales;f__Oscillospiraceae;g__Pelethomonas;s__Pelethomonas intestinigallinarum	Bacteria	Bacillota_A	Clostridia	Oscillospirales	Oscillospiraceae	Pelethomonas	Pelethomonas intestinigallinarum
CAG00006_4	d__Bacteria;p__Bacillota_A;c__Clostridia;o__Oscillospirales;f__Oscillospiraceae;g__Scatomorpha;s__Scatomorpha intestinavium	Bacteria	Bacillota_A	Clostridia	Oscillospirales	Oscillospiraceae	Scatomorpha	Scatomorpha intestinavium
CAG00007_1	d__Bacteria;p__Bacillota_A;c__Clostridia;o__Lachnospirales;f__Lachnospiraceae;g__Marvinbryantia;s__Marvinbryantia sp900550755	Bacteria	Bacillota_A	Clostridia	Lachnospirales	Lachnospiraceae	Marvinbryantia	Marvinbryantia sp900550755
CAG00007_2	d__Bacteria;p__Bacillota_A;c__Clostridia;o__;f__;g__;s__	Bacteria	Bacillota_A	Clostridia	unclassified Clostridia	unclassified Clostridia	unclassified Clostridia	Clostridia bacterium
CAG00007_3	d__Bacteria;p__Bacillota_A;c__Clostridia;o__Oscillospirales;f__Oscillospiraceae;g__Limivicinus;s__Limivicinus sp002320035	Bacteria	Bacillota_A	Clostridia	Oscillospirales	Oscillospiraceae	Limivicinus	Limivicinus sp002320035
CAG00007_4	d__Bacteria;p__Bacillota_A;c__Clostridia;o__Oscillospirales;f__Oscillospiraceae;g__Vescimonas;s__Vescimonas sp900550585	Bacteria	Bacillota_A	Clostridia	Oscillospirales	Oscillospiraceae	Vescimonas	Vescimonas sp900550585
CAG00008	d__Bacteria;p__Bacillota_A;c__Clostridia;o__Lachnospirales;f__Lachnospiraceae;g__Enterocloster;s__Enterocloster bolteae	Bacteria	Bacillota_A	Clostridia	Lachnospirales	Lachnospiraceae	Enterocloster	Enterocloster bolteae
CAG00009	d__Bacteria;p__Bacillota_A;c__Clostridia;o__Lachnospirales;f__Lachnospiraceae;g__Eisenbergiella;s__Eisenbergiella sp003478085	Bacteria	Bacillota_A	Clostridia	Lachnospirales	Lachnospiraceae	Eisenbergiella	Eisenbergiella sp003478085
CAG00010_1	d__Bacteria;p__Bacillota_A;c__Clostridia;o__Christensenellales;f__CAG-74;g__Faecivicinus;s__Faecivicinus sp900553265	Bacteria	Bacillota_A	Clostridia	Christensenellales	Christensenellales CAG-74	Faecivicinus	Faecivicinus sp900553265
CAG00010_2	d__Bacteria;p__Bacillota_A;c__Clostridia;o__Christensenellales;f__Christensenellaceae;g__CAJJPW01;s__CAJJPW01 sp905193725	Bacteria	Bacillota_A	Clostridia	Christensenellales	Christensenellaceae	Christensenellaceae CAJJPW01	Christensenellaceae CAJJPW01 sp905193725
CAG00010_3	d__Bacteria;p__Bacillota_A;c__Clostridia;o__Oscillospirales;f__Oscillospiraceae;g__Vescimonas;s__Vescimonas sp900551355	Bacteria	Bacillota_A	Clostridia	Oscillospirales	Oscillospiraceae	Vescimonas	Vescimonas sp900551355
CAG00011	d__Bacteria;p__Pseudomonadota;c__Gammaproteobacteria;o__Enterobacterales;f__Enterobacteriaceae;g__Escherichia;s__Escherichia coli	Bacteria	Pseudomonadota	Gammaproteobacteria	Enterobacterales	Enterobacteriaceae	Escherichia	Escherichia coli
CAG00012	d__Bacteria;p__Pseudomonadota;c__Gammaproteobacteria;o__Enterobacterales;f__Enterobacteriaceae;g__Klebsiella;s__Klebsiella pneumoniae	Bacteria	Pseudomonadota	Gammaproteobacteria	Enterobacterales	Enterobacteriaceae	Klebsiella	Klebsiella pneumoniae
CAG00013	d__Bacteria;p__Bacillota_A;c__Clostridia;o__Lachnospirales;f__Lachnospiraceae;g__Enterocloster;s__Enterocloster aldenensis	Bacteria	Bacillota_A	Clostridia	Lachnospirales	Lachnospiraceae	Enterocloster	Enterocloster aldenensis
CAG00014	d__Bacteria;p__Bacillota_A;c__Clostridia;o__Lachnospirales;f__Lachnospiraceae;g__Eisenbergiella;s__Eisenbergiella tayi	Bacteria	Bacillota_A	Clostridia	Lachnospirales	Lachnospiraceae	Eisenbergiella	Eisenbergiella tayi
CAG00015	d__Bacteria;p__Bacillota_A;c__Clostridia;o__Lachnospirales;f__Lachnospiraceae;g__Hungatella;s__Hungatella effluvii	Bacteria	Bacillota_A	Clostridia	Lachnospirales	Lachnospiraceae	Hungatella	Hungatella effluvii
CAG00016_1	d__Bacteria;p__Bacteroidota;c__Bacteroidia;o__Bacteroidales;f__;g__;s__	Bacteria	Bacteroidota	Bacteroidia	Bacteroidales	unclassified Bacteroidales	unclassified Bacteroidales	Bacteroidales bacterium
CAG00016_2	d__Bacteria;p__Bacteroidota;c__Bacteroidia;o__Bacteroidales;f__Bacteroidaceae;g__Prevotella;s__Prevotella sp900290275	Bacteria	Bacteroidota	Bacteroidia	Bacteroidales	Bacteroidaceae	Prevotella	Prevotella sp900290275
CAG00017	d__Bacteria;p__Bacillota_A;c__Clostridia;o__Lachnospirales;f__Lachnospiraceae;g__Enterocloster;s__Enterocloster sp900753815	Bacteria	Bacillota_A	Clostridia	Lachnospirales	Lachnospiraceae	Enterocloster	Enterocloster sp900753815
CAG00018_1	d__Bacteria;p__Pseudomonadota;c__Gammaproteobacteria;o__Enterobacterales;f__Enterobacteriaceae;g__Klebsiella;s__Klebsiella grimontii	Bacteria	Pseudomonadota	Gammaproteobacteria	Enterobacterales	Enterobacteriaceae	Klebsiella	Klebsiella grimontii
CAG00018_2	d__Bacteria;p__Pseudomonadota;c__Gammaproteobacteria;o__Enterobacterales;f__Enterobacteriaceae;g__Klebsiella;s__Klebsiella grimontii	Bacteria	Pseudomonadota	Gammaproteobacteria	Enterobacterales	Enterobacteriaceae	Klebsiella	Klebsiella grimontii
CAG00019_1	d__Bacteria;p__Bacillota_A;c__Clostridia;o__Peptostreptococcales;f__Peptostreptococcaceae;g__Intestinibacter;s__Intestinibacter bartlettii	Bacteria	Bacillota_A	Clostridia	Peptostreptococcales	Peptostreptococcaceae	Intestinibacter	Intestinibacter bartlettii
CAG00020	d__Bacteria;p__Bacillota_A;c__Clostridia;o__Lachnospirales;f__Lachnospiraceae;g__Eisenbergiella;s__Eisenbergiella porci	Bacteria	Bacillota_A	Clostridia	Lachnospirales	Lachnospiraceae	Eisenbergiella	Eisenbergiella porci
CAG00021	d__Bacteria;p__Bacillota_A;c__Clostridia;o__Clostridiales;f__Clostridiaceae;g__Clostridium;s__Clostridium butyricum	Bacteria	Bacillota_A	Clostridia	Clostridiales	Clostridiaceae	Clostridium	Clostridium butyricum
CAG00022	d__Bacteria;p__Bacillota_A;c__Clostridia;o__Lachnospirales;f__Lachnospiraceae;g__Enterocloster;s__Enterocloster clostridioformis	Bacteria	Bacillota_A	Clostridia	Lachnospirales	Lachnospiraceae	Enterocloster	Enterocloster clostridioformis
CAG00023_1	d__Bacteria;p__Bacillota_A;c__Clostridia;o__Clostridiales;f__Clostridiaceae;g__Clostridium;s__Clostridium celatum	Bacteria	Bacillota_A	Clostridia	Clostridiales	Clostridiaceae	Clostridium	Clostridium celatum
CAG00024	d__Bacteria;p__Bacteroidota;c__Bacteroidia;o__Bacteroidales;f__Bacteroidaceae;g__Bacteroides;s__Bacteroides fragilis	Bacteria	Bacteroidota	Bacteroidia	Bacteroidales	Bacteroidaceae	Bacteroides	Bacteroides fragilis
CAG00025	d__Bacteria;p__Bacillota_A;c__Clostridia;o__Lachnospirales;f__Lachnospiraceae;g__Hungatella;s__Hungatella hathewayi	Bacteria	Bacillota_A	Clostridia	Lachnospirales	Lachnospiraceae	Hungatella	Hungatella hathewayi
CAG00026	d__Bacteria;p__Bacteroidota;c__Bacteroidia;o__Bacteroidales;f__Tannerellaceae;g__Parabacteroides;s__Parabacteroides faecis	Bacteria	Bacteroidota	Bacteroidia	Bacteroidales	Tannerellaceae	Parabacteroides	Parabacteroides faecis
CAG00027_1	d__Bacteria;p__Verrucomicrobiota;c__Verrucomicrobiae;o__Verrucomicrobiales;f__Akkermansiaceae;g__Akkermansia;s__Akkermansia sp001580195	Bacteria	Verrucomicrobiota	Verrucomicrobiae	Verrucomicrobiales	Akkermansiaceae	Akkermansia	Akkermansia sp001580195
CAG00028	d__Bacteria;p__Pseudomonadota;c__Gammaproteobacteria;o__Enterobacterales;f__Enterobacteriaceae;g__Klebsiella;s__Klebsiella oxytoca	Bacteria	Pseudomonadota	Gammaproteobacteria	Enterobacterales	Enterobacteriaceae	Klebsiella	Klebsiella oxytoca
CAG00029	d__Bacteria;p__Bacillota_A;c__Clostridia;o__Lachnospirales;f__Lachnospiraceae;g__Enterocloster;s__Enterocloster sp005845215	Bacteria	Bacillota_A	Clostridia	Lachnospirales	Lachnospiraceae	Enterocloster	Enterocloster sp005845215
CAG00030	d__Bacteria;p__Pseudomonadota;c__Gammaproteobacteria;o__Enterobacterales;f__Enterobacteriaceae;g__Klebsiella;s__Klebsiella aerogenes	Bacteria	Pseudomonadota	Gammaproteobacteria	Enterobacterales	Enterobacteriaceae	Klebsiella	Klebsiella aerogenes
CAG00031	d__Bacteria;p__Bacillota_A;c__Clostridia;o__UBA1212;f__UBA1255;g__UMGS1851;s__UMGS1851 sp900555605	Bacteria	Bacillota_A	Clostridia	Clostridia UBA1212	Clostridia UBA1212 UBA1255	Clostridia UBA1212 UBA1255 UMGS1851	Clostridia UBA1212 UBA1255 UMGS1851 sp900555605
CAG00032_1	d__Bacteria;p__Bacillota;c__Bacilli;o__Erysipelotrichales;f__Erysipelotrichaceae;g__Absicoccus;s__Absicoccus porci	Bacteria	Bacillota	Bacilli	Erysipelotrichales	Erysipelotrichaceae	Absicoccus	Absicoccus porci
CAG00032_2	d__Bacteria;p__Bacillota_A;c__Clostridia;o__Oscillospirales;f__Ruminococcaceae;g__Negativibacillus;s__Negativibacillus sp019423685	Bacteria	Bacillota_A	Clostridia	Oscillospirales	Ruminococcaceae	Negativibacillus	Negativibacillus sp019423685
CAG00033	d__Bacteria;p__Verrucomicrobiota;c__Lentisphaeria;o__Victivallales;f__UBA1829;g__UBA1829;s__UBA1829 sp002338895	Bacteria	Verrucomicrobiota	Lentisphaeria	Victivallales	Victivallales UBA1829	Victivallales UBA1829	Victivallales UBA1829 sp002338895
CAG00034	d__Bacteria;p__Pseudomonadota;c__Gammaproteobacteria;o__Enterobacterales;f__Enterobacteriaceae;g__Enterobacter;s__Enterobacter ludwigii	Bacteria	Pseudomonadota	Gammaproteobacteria	Enterobacterales	Enterobacteriaceae	Enterobacter	Enterobacter ludwigii
CAG00035	d__Bacteria;p__Bacillota_A;c__Clostridia;o__Clostridiales;f__Clostridiaceae;g__Clostridium;s__Clostridium sp900759995	Bacteria	Bacillota_A	Clostridia	Clostridiales	Clostridiaceae	Clostridium	Clostridium sp900759995
CAG00036	d__Bacteria;p__Bacillota;c__Bacilli;o__Erysipelotrichales;f__Erysipelotrichaceae;g__Clostridium_AQ;s__Clostridium_AQ innocuum	Bacteria	Bacillota	Bacilli	Erysipelotrichales	Erysipelotrichaceae	Clostridium_AQ	Clostridium_AQ innocuum
CAG00037	d__Bacteria;p__Bacteroidota;c__Bacteroidia;o__Bacteroidales;f__Bacteroidaceae;g__Bacteroides;s__Bacteroides faecis	Bacteria	Bacteroidota	Bacteroidia	Bacteroidales	Bacteroidaceae	Bacteroides	Bacteroides faecis
CAG00038	d__Bacteria;p__Bacillota_A;c__Clostridia;o__Oscillospirales;f__Oscillospiraceae;g__Pseudoflavonifractor;s__Pseudoflavonifractor sp014287675	Bacteria	Bacillota_A	Clostridia	Oscillospirales	Oscillospiraceae	Pseudoflavonifractor	Pseudoflavonifractor sp014287675
CAG00039	d__Bacteria;p__Bacillota_A;c__Clostridia;o__Oscillospirales;f__Oscillospiraceae;g__Faecousia;s__	Bacteria	Bacillota_A	Clostridia	Oscillospirales	Oscillospiraceae	Faecousia	Faecousia sp.
CAG00040	d__Bacteria;p__Bacillota_A;c__Clostridia;o__UMGS1840;f__HGM11507;g__HGM11507;s__HGM11507 sp900761005	Bacteria	Bacillota_A	Clostridia	Clostridia UMGS1840	Clostridia UMGS1840 HGM11507	Clostridia UMGS1840 HGM11507	Clostridia UMGS1840 HGM11507 sp900761005
CAG00041	d__Bacteria;p__Bacillota;c__Bacilli;o__Erysipelotrichales;f__Erysipelotrichaceae;g__NSJ-61;s__NSJ-61 sp003433845	Bacteria	Bacillota	Bacilli	Erysipelotrichales	Erysipelotrichaceae	Erysipelotrichaceae NSJ-61	Erysipelotrichaceae NSJ-61 sp003433845
CAG00042	d__Bacteria;p__Bacillota_A;c__Clostridia;o__Oscillospirales;f__Ruminococcaceae;g__Gemmiger;s__Gemmiger sp900540595	Bacteria	Bacillota_A	Clostridia	Oscillospirales	Ruminococcaceae	Gemmiger	Gemmiger sp900540595
CAG00043	d__Bacteria;p__Pseudomonadota;c__Gammaproteobacteria;o__Enterobacterales;f__Enterobacteriaceae;g__Enterobacter;s__Enterobacter roggenkampii	Bacteria	Pseudomonadota	Gammaproteobacteria	Enterobacterales	Enterobacteriaceae	Enterobacter	Enterobacter roggenkampii
CAG00044	d__Bacteria;p__Bacillota_A;c__Clostridia;o__Lachnospirales;f__Lachnospiraceae;g__Clostridium_Q;s__Clostridium_Q symbiosum	Bacteria	Bacillota_A	Clostridia	Lachnospirales	Lachnospiraceae	Clostridium_Q	Clostridium_Q symbiosum
CAG00045	d__Bacteria;p__Verrucomicrobiota;c__Lentisphaeria;o__Victivallales;f__UBA1829;g__UBA1829;s__UBA1829 sp900760615	Bacteria	Verrucomicrobiota	Lentisphaeria	Victivallales	Victivallales UBA1829	Victivallales UBA1829	Victivallales UBA1829 sp900760615
CAG00046	d__Bacteria;p__Bacteroidota;c__Bacteroidia;o__Bacteroidales;f__Bacteroidaceae;g__Bacteroides;s__Bacteroides sp014385165	Bacteria	Bacteroidota	Bacteroidia	Bacteroidales	Bacteroidaceae	Bacteroides	Bacteroides sp014385165
CAG00047	d__Bacteria;p__Bacillota_A;c__Clostridia;o__Lachnospirales;f__Lachnospiraceae;g__Enterocloster;s__Enterocloster sp900538485	Bacteria	Bacillota_A	Clostridia	Lachnospirales	Lachnospiraceae	Enterocloster	Enterocloster sp900538485
CAG00048_1	d__Bacteria;p__Bacillota_A;c__Clostridia;o__Christensenellales;f__QALW01;g__QALW01;s__QALW01 sp900552055	Bacteria	Bacillota_A	Clostridia	Christensenellales	Christensenellales QALW01	Christensenellales QALW01	Christensenellales QALW01 sp900552055
CAG00048_2	d__Bacteria;p__Bacillota;c__Bacilli;o__RF39;f__UBA660;g__Caccenecus;s__Caccenecus sp900549285	Bacteria	Bacillota	Bacilli	Bacilli RF39	Bacilli RF39 UBA660	Caccenecus	Caccenecus sp900549285
CAG00049	d__Bacteria;p__Bacteroidota;c__Bacteroidia;o__Bacteroidales;f__Bacteroidaceae;g__Bacteroides;s__Bacteroides caccae	Bacteria	Bacteroidota	Bacteroidia	Bacteroidales	Bacteroidaceae	Bacteroides	Bacteroides caccae
CAG00050	d__Bacteria;p__Bacteroidota;c__Bacteroidia;o__Bacteroidales;f__Bacteroidaceae;g__Bacteroides;s__Bacteroides thetaiotaomicron	Bacteria	Bacteroidota	Bacteroidia	Bacteroidales	Bacteroidaceae	Bacteroides	Bacteroides thetaiotaomicron
CAG00051	d__Bacteria;p__Bacillota_A;c__Clostridia;o__Lachnospirales;f__Lachnospiraceae;g__Enterocloster;s__Enterocloster clostridioformis_A	Bacteria	Bacillota_A	Clostridia	Lachnospirales	Lachnospiraceae	Enterocloster	Enterocloster clostridioformis_A
CAG00052	d__Bacteria;p__Bacteroidota;c__Bacteroidia;o__Bacteroidales;f__Tannerellaceae;g__Parabacteroides;s__Parabacteroides goldsteinii	Bacteria	Bacteroidota	Bacteroidia	Bacteroidales	Tannerellaceae	Parabacteroides	Parabacteroides goldsteinii
CAG00053_1	d__Bacteria;p__Bacteroidota;c__Bacteroidia;o__Bacteroidales;f__Bacteroidaceae;g__Paraprevotella;s__Paraprevotella stercorigallinarum	Bacteria	Bacteroidota	Bacteroidia	Bacteroidales	Bacteroidaceae	Paraprevotella	Paraprevotella stercorigallinarum
CAG00054	d__Bacteria;p__Bacillota_A;c__Clostridia;o__Oscillospirales;f__Oscillospiraceae;g__Faecousia;s__Faecousia gallistercoris	Bacteria	Bacillota_A	Clostridia	Oscillospirales	Oscillospiraceae	Faecousia	Faecousia gallistercoris
CAG00055	d__Bacteria;p__Bacillota_A;c__Clostridia;o__Lachnospirales;f__Lachnospiraceae;g__CAG-45;s__CAG-45 sp000438375	Bacteria	Bacillota_A	Clostridia	Lachnospirales	Lachnospiraceae	Lachnospiraceae CAG-45	Lachnospiraceae CAG-45 sp000438375
CAG00056	d__Bacteria;p__Desulfobacterota;c__Desulfovibrionia;o__Desulfovibrionales;f__Desulfovibrionaceae;g__Bilophila;s__Bilophila faecipullorum	Bacteria	Desulfobacterota	Desulfovibrionia	Desulfovibrionales	Desulfovibrionaceae	Bilophila	Bilophila faecipullorum
CAG00057	d__;p__;c__;o__;f__;g__;s__	unclassified	unclassified	unclassified 	unclassified 	unclassified 	unclassified 	unclassified
CAG00058	d__Bacteria;p__Bacteroidota;c__Bacteroidia;o__Bacteroidales;f__Bacteroidaceae;g__Bacteroides;s__Bacteroides sp902388495	Bacteria	Bacteroidota	Bacteroidia	Bacteroidales	Bacteroidaceae	Bacteroides	Bacteroides sp902388495
CAG00059	d__Bacteria;p__Bacteroidota;c__Bacteroidia;o__Bacteroidales;f__Bacteroidaceae;g__Phocaeicola_A;s__Phocaeicola_A sp900765575	Bacteria	Bacteroidota	Bacteroidia	Bacteroidales	Bacteroidaceae	Phocaeicola_A	Phocaeicola_A sp900765575
CAG00060	d__Bacteria;p__Verrucomicrobiota;c__Lentisphaeria;o__Victivallales;f__UBA1829;g__UBA1829;s__UBA1829 sp900548385	Bacteria	Verrucomicrobiota	Lentisphaeria	Victivallales	Victivallales UBA1829	Victivallales UBA1829	Victivallales UBA1829 sp900548385
CAG00061	d__Bacteria;p__Bacillota_A;c__Clostridia;o__Peptostreptococcales;f__Anaerovoracaceae;g__Emergencia;s__Emergencia timonensis	Bacteria	Bacillota_A	Clostridia	Peptostreptococcales	Anaerovoracaceae	Emergencia	Emergencia timonensis
CAG00062	d__Bacteria;p__Bacteroidota;c__Bacteroidia;o__Bacteroidales;f__Bacteroidaceae;g__Bacteroides;s__Bacteroides salyersiae	Bacteria	Bacteroidota	Bacteroidia	Bacteroidales	Bacteroidaceae	Bacteroides	Bacteroides salyersiae
CAG00063	d__Bacteria;p__Bacteroidota;c__Bacteroidia;o__Bacteroidales;f__Barnesiellaceae;g__Barnesiella;s__Barnesiella merdigallinarum	Bacteria	Bacteroidota	Bacteroidia	Bacteroidales	Barnesiellaceae	Barnesiella	Barnesiella merdigallinarum
CAG00064	d__Bacteria;p__Verrucomicrobiota;c__Lentisphaeria;o__Victivallales;f__UBA1829;g__UBA11452;s__UBA11452 sp003526375	Bacteria	Verrucomicrobiota	Lentisphaeria	Victivallales	Victivallales UBA1829	Victivallales UBA1829 UBA11452	Victivallales UBA1829 UBA11452 sp003526375
CAG00065	d__Bacteria;p__Bacillota_A;c__Clostridia;o__Lachnospirales;f__Lachnospiraceae;g__Novisyntrophococcus;s__Novisyntrophococcus sp900539175	Bacteria	Bacillota_A	Clostridia	Lachnospirales	Lachnospiraceae	Novisyntrophococcus	Novisyntrophococcus sp900539175
CAG00066	d__Bacteria;p__Bacteroidota;c__Bacteroidia;o__Bacteroidales;f__Bacteroidaceae;g__Phocaeicola;s__Phocaeicola sp902388365	Bacteria	Bacteroidota	Bacteroidia	Bacteroidales	Bacteroidaceae	Phocaeicola	Phocaeicola sp902388365
CAG00067	d__Bacteria;p__Bacillota_A;c__Clostridia;o__Lachnospirales;f__Lachnospiraceae;g__Anaerobutyricum;s__Anaerobutyricum sp900754855	Bacteria	Bacillota_A	Clostridia	Lachnospirales	Lachnospiraceae	Anaerobutyricum	Anaerobutyricum sp900754855
CAG00068_1	d__Bacteria;p__Pseudomonadota;c__Gammaproteobacteria;o__Burkholderiales;f__Burkholderiaceae_A;g__Sutterella;s__Sutterella faecalis	Bacteria	Pseudomonadota	Gammaproteobacteria	Burkholderiales	Burkholderiaceae_A	Sutterella	Sutterella faecalis
CAG00068_2	d__Bacteria;p__Bacteroidota;c__Bacteroidia;o__Bacteroidales;f__Porphyromonadaceae;g__Porphyromonas;s__Porphyromonas sp900538385	Bacteria	Bacteroidota	Bacteroidia	Bacteroidales	Porphyromonadaceae	Porphyromonas	Porphyromonas sp900538385
CAG00069	d__Bacteria;p__Pseudomonadota;c__Gammaproteobacteria;o__Enterobacterales;f__Enterobacteriaceae;g__Morganella;s__Morganella morganii	Bacteria	Pseudomonadota	Gammaproteobacteria	Enterobacterales	Enterobacteriaceae	Morganella	Morganella morganii
CAG00070	d__Bacteria;p__Bacillota_A;c__Clostridia;o__Lachnospirales;f__Lachnospiraceae;g__Blautia_A;s__Blautia_A hydrogenotrophica	Bacteria	Bacillota_A	Clostridia	Lachnospirales	Lachnospiraceae	Blautia_A	Blautia_A hydrogenotrophica
CAG00071	d__Bacteria;p__Bacteroidota;c__Bacteroidia;o__Bacteroidales;f__Bacteroidaceae;g__Bacteroides;s__Bacteroides cellulosilyticus	Bacteria	Bacteroidota	Bacteroidia	Bacteroidales	Bacteroidaceae	Bacteroides	Bacteroides cellulosilyticus
CAG00072	d__Bacteria;p__Bacteroidota;c__Bacteroidia;o__Bacteroidales;f__Marinifilaceae;g__Odoribacter;s__Odoribacter laneus	Bacteria	Bacteroidota	Bacteroidia	Bacteroidales	Marinifilaceae	Odoribacter	Odoribacter laneus
CAG00073	d__Bacteria;p__Bacteroidota;c__Bacteroidia;o__Bacteroidales;f__Muribaculaceae;g__UBA7173;s__	Bacteria	Bacteroidota	Bacteroidia	Bacteroidales	Muribaculaceae	Muribaculaceae UBA7173	Muribaculaceae UBA7173 sp.
CAG00074	d__Bacteria;p__Bacteroidota;c__Bacteroidia;o__Bacteroidales;f__Tannerellaceae;g__Parabacteroides;s__Parabacteroides sp900760525	Bacteria	Bacteroidota	Bacteroidia	Bacteroidales	Tannerellaceae	Parabacteroides	Parabacteroides sp900760525
CAG00075	d__Bacteria;p__Bacteroidota;c__Bacteroidia;o__Bacteroidales;f__Bacteroidaceae;g__OM05-12;s__OM05-12 sp003438995	Bacteria	Bacteroidota	Bacteroidia	Bacteroidales	Bacteroidaceae	Bacteroidaceae OM05-12	Bacteroidaceae OM05-12 sp003438995
CAG00076	d__Bacteria;p__Bacillota_A;c__Clostridia;o__Lachnospirales;f__Lachnospiraceae;g__Blautia;s__Blautia sp900541955	Bacteria	Bacillota_A	Clostridia	Lachnospirales	Lachnospiraceae	Blautia	Blautia sp900541955
CAG00077	d__Bacteria;p__Bacillota;c__Bacilli;o__Erysipelotrichales;f__Erysipelotrichaceae;g__Clostridium_AQ;s__Clostridium_AQ sp000165065	Bacteria	Bacillota	Bacilli	Erysipelotrichales	Erysipelotrichaceae	Clostridium_AQ	Clostridium_AQ sp000165065
CAG00078	d__Bacteria;p__Pseudomonadota;c__Gammaproteobacteria;o__Enterobacterales;f__Enterobacteriaceae;g__Proteus;s__Proteus mirabilis	Bacteria	Pseudomonadota	Gammaproteobacteria	Enterobacterales	Enterobacteriaceae	Proteus	Proteus mirabilis
CAG00079	d__Bacteria;p__Bacillota_A;c__Clostridia;o__Lachnospirales;f__Lachnospiraceae;g__Enterocloster;s__Enterocloster sp000431375	Bacteria	Bacillota_A	Clostridia	Lachnospirales	Lachnospiraceae	Enterocloster	Enterocloster sp000431375
CAG00080_1	d__Bacteria;p__Bacillota_A;c__Clostridia;o__Lachnospirales;f__Lachnospiraceae;g__Eisenbergiella;s__Eisenbergiella sp900550285	Bacteria	Bacillota_A	Clostridia	Lachnospirales	Lachnospiraceae	Eisenbergiella	Eisenbergiella sp900550285
CAG00081	d__Bacteria;p__Bacteroidota;c__Bacteroidia;o__Bacteroidales;f__Bacteroidaceae;g__Bacteroides;s__Bacteroides fragilis_A	Bacteria	Bacteroidota	Bacteroidia	Bacteroidales	Bacteroidaceae	Bacteroides	Bacteroides fragilis_A
CAG00082	d__Bacteria;p__Bacillota;c__Bacilli;o__Erysipelotrichales;f__Coprobacillaceae;g__Thomasclavelia;s__Thomasclavelia ramosa	Bacteria	Bacillota	Bacilli	Erysipelotrichales	Coprobacillaceae	Thomasclavelia	Thomasclavelia ramosa
CAG00083	d__Bacteria;p__Bacteroidota;c__Bacteroidia;o__Bacteroidales;f__Marinifilaceae;g__Odoribacter;s__Odoribacter massiliensis	Bacteria	Bacteroidota	Bacteroidia	Bacteroidales	Marinifilaceae	Odoribacter	Odoribacter massiliensis
CAG00084	d__Bacteria;p__Bacillota_A;c__Clostridia;o__Oscillospirales;f__Acutalibacteraceae;g__UMGS856;s__UMGS856 sp900760305	Bacteria	Bacillota_A	Clostridia	Oscillospirales	Acutalibacteraceae	Acutalibacteraceae UMGS856	Acutalibacteraceae UMGS856 sp900760305
CAG00085	d__Bacteria;p__Bacteroidota;c__Bacteroidia;o__Bacteroidales;f__Marinifilaceae;g__Odoribacter;s__Odoribacter sp900548135	Bacteria	Bacteroidota	Bacteroidia	Bacteroidales	Marinifilaceae	Odoribacter	Odoribacter sp900548135
CAG00086	d__Bacteria;p__Bacteroidota;c__Bacteroidia;o__Bacteroidales;f__Bacteroidaceae;g__Phocaeicola;s__Phocaeicola massiliensis	Bacteria	Bacteroidota	Bacteroidia	Bacteroidales	Bacteroidaceae	Phocaeicola	Phocaeicola massiliensis
CAG00087	d__Bacteria;p__Bacteroidota;c__Bacteroidia;o__Bacteroidales;f__Bacteroidaceae;g__Phocaeicola_A;s__Phocaeicola_A sp003489705	Bacteria	Bacteroidota	Bacteroidia	Bacteroidales	Bacteroidaceae	Phocaeicola_A	Phocaeicola_A sp003489705
CAG00088	d__Bacteria;p__Bacillota_A;c__Clostridia;o__Lachnospirales;f__Lachnospiraceae;g__Enterocloster;s__Enterocloster sp001517625	Bacteria	Bacillota_A	Clostridia	Lachnospirales	Lachnospiraceae	Enterocloster	Enterocloster sp001517625
CAG00089	d__Bacteria;p__Bacillota_A;c__Clostridia;o__Lachnospirales;f__Lachnospiraceae;g__Blautia;s__Blautia argi	Bacteria	Bacillota_A	Clostridia	Lachnospirales	Lachnospiraceae	Blautia	Blautia argi
CAG00090	d__Bacteria;p__Bacillota_A;c__Clostridia;o__Lachnospirales;f__Lachnospiraceae;g__Anaerostipes;s__Anaerostipes caccae	Bacteria	Bacillota_A	Clostridia	Lachnospirales	Lachnospiraceae	Anaerostipes	Anaerostipes caccae
CAG00091	d__Bacteria;p__Bacillota_A;c__Clostridia;o__Christensenellales;f__CAG-74;g__SFHK01;s__SFHK01 sp004556395	Bacteria	Bacillota_A	Clostridia	Christensenellales	Christensenellales CAG-74	Christensenellales CAG-74 SFHK01	Christensenellales CAG-74 SFHK01 sp004556395
CAG00092	d__Bacteria;p__Pseudomonadota;c__Gammaproteobacteria;o__Burkholderiales;f__Burkholderiaceae_B;g__Comamonas;s__Comamonas kerstersii	Bacteria	Pseudomonadota	Gammaproteobacteria	Burkholderiales	Burkholderiaceae_B	Comamonas	Comamonas kerstersii
CAG00093	d__Bacteria;p__Pseudomonadota;c__Gammaproteobacteria;o__Enterobacterales;f__Enterobacteriaceae;g__Klebsiella;s__Klebsiella quasipneumoniae	Bacteria	Pseudomonadota	Gammaproteobacteria	Enterobacterales	Enterobacteriaceae	Klebsiella	Klebsiella quasipneumoniae
CAG00094	d__Bacteria;p__Bacillota_A;c__Clostridia;o__Clostridiales;f__Clostridiaceae;g__Clostridium;s__	Bacteria	Bacillota_A	Clostridia	Clostridiales	Clostridiaceae	Clostridium	Clostridium sp.
CAG00095	d__Bacteria;p__Verrucomicrobiota;c__Verrucomicrobiae;o__Verrucomicrobiales;f__Akkermansiaceae;g__Akkermansia;s__Akkermansia muciniphila_B	Bacteria	Verrucomicrobiota	Verrucomicrobiae	Verrucomicrobiales	Akkermansiaceae	Akkermansia	Akkermansia muciniphila_B
CAG00096_1	d__Bacteria;p__Bacillota_A;c__Clostridia;o__Oscillospirales;f__;g__;s__	Bacteria	Bacillota_A	Clostridia	Oscillospirales	unclassified Oscillospirales	unclassified Oscillospirales	Oscillospirales bacterium
CAG00096_2	d__Bacteria;p__Bacillota_A;c__Clostridia;o__Oscillospirales;f__Oscillospiraceae;g__Scatomorpha;s__	Bacteria	Bacillota_A	Clostridia	Oscillospirales	Oscillospiraceae	Scatomorpha	Scatomorpha sp.
CAG00097	d__Bacteria;p__Verrucomicrobiota;c__Lentisphaeria;o__Victivallales;f__Victivallaceae;g__Victivallis;s__Victivallis sp900768515	Bacteria	Verrucomicrobiota	Lentisphaeria	Victivallales	Victivallaceae	Victivallis	Victivallis sp900768515
CAG00098	d__Bacteria;p__Bacteroidota;c__Bacteroidia;o__Bacteroidales;f__Bacteroidaceae;g__Bacteroides;s__Bacteroides fluxus	Bacteria	Bacteroidota	Bacteroidia	Bacteroidales	Bacteroidaceae	Bacteroides	Bacteroides fluxus
CAG00099	d__Bacteria;p__Bacillota_A;c__Clostridia;o__Oscillospirales;f__Oscillospiraceae;g__Scatomorpha;s__Scatomorpha sp900759385	Bacteria	Bacillota_A	Clostridia	Oscillospirales	Oscillospiraceae	Scatomorpha	Scatomorpha sp900759385
CAG00100	d__Bacteria;p__Bacillota_A;c__Clostridia;o__Clostridiales;f__Clostridiaceae;g__Clostridium;s__Clostridium saudiense	Bacteria	Bacillota_A	Clostridia	Clostridiales	Clostridiaceae	Clostridium	Clostridium saudiense
CAG00101	d__Bacteria;p__Bacillota_A;c__Clostridia;o__Lachnospirales;f__Lachnospiraceae;g__Blautia_A;s__Blautia_A sp900066335	Bacteria	Bacillota_A	Clostridia	Lachnospirales	Lachnospiraceae	Blautia_A	Blautia_A sp900066335
CAG00102	d__Bacteria;p__Bacillota_A;c__Clostridia;o__Lachnospirales;f__Lachnospiraceae;g__Eisenbergiella;s__Eisenbergiella sp900555195	Bacteria	Bacillota_A	Clostridia	Lachnospirales	Lachnospiraceae	Eisenbergiella	Eisenbergiella sp900555195
CAG00103	d__Bacteria;p__Bacillota_A;c__Clostridia;o__Lachnospirales;f__Lachnospiraceae;g__Lachnoclostridium_A;s__Lachnoclostridium_A avicola	Bacteria	Bacillota_A	Clostridia	Lachnospirales	Lachnospiraceae	Lachnoclostridium_A	Lachnoclostridium_A avicola
CAG00104	d__Bacteria;p__Pseudomonadota;c__Gammaproteobacteria;o__Enterobacterales;f__Enterobacteriaceae;g__Enterobacter;s__Enterobacter kobei	Bacteria	Pseudomonadota	Gammaproteobacteria	Enterobacterales	Enterobacteriaceae	Enterobacter	Enterobacter kobei
CAG00105	d__Bacteria;p__Bacteroidota;c__Bacteroidia;o__Bacteroidales;f__Bacteroidaceae;g__Bacteroides;s__Bacteroides cutis	Bacteria	Bacteroidota	Bacteroidia	Bacteroidales	Bacteroidaceae	Bacteroides	Bacteroides cutis
CAG00106	d__Bacteria;p__Bacteroidota;c__Bacteroidia;o__Bacteroidales;f__Bacteroidaceae;g__Prevotella;s__Prevotella massiliensis	Bacteria	Bacteroidota	Bacteroidia	Bacteroidales	Bacteroidaceae	Prevotella	Prevotella massiliensis
CAG00107	d__Bacteria;p__Bacteroidota;c__Bacteroidia;o__Bacteroidales;f__Bacteroidaceae;g__Phocaeicola;s__Phocaeicola excrementipullorum	Bacteria	Bacteroidota	Bacteroidia	Bacteroidales	Bacteroidaceae	Phocaeicola	Phocaeicola excrementipullorum
CAG00108	d__Bacteria;p__Bacillota_A;c__Clostridia;o__Clostridiales;f__Clostridiaceae;g__Clostridium;s__Clostridium paraputrificum	Bacteria	Bacillota_A	Clostridia	Clostridiales	Clostridiaceae	Clostridium	Clostridium paraputrificum
CAG00109	d__Bacteria;p__Fusobacteriota;c__Fusobacteriia;o__Fusobacteriales;f__Fusobacteriaceae;g__Fusobacterium_A;s__Fusobacterium_A ulcerans_A	Bacteria	Fusobacteriota	Fusobacteriia	Fusobacteriales	Fusobacteriaceae	Fusobacterium_A	Fusobacterium_A ulcerans_A
CAG00110	d__Bacteria;p__Bacillota_A;c__Clostridia;o__Oscillospirales;f__Acutalibacteraceae;g__Fimivicinus;s__Fimivicinus sp900544375	Bacteria	Bacillota_A	Clostridia	Oscillospirales	Acutalibacteraceae	Fimivicinus	Fimivicinus sp900544375
CAG00111	d__Bacteria;p__Bacteroidota;c__Bacteroidia;o__Bacteroidales;f__Rikenellaceae;g__Alistipes;s__Alistipes montrealensis	Bacteria	Bacteroidota	Bacteroidia	Bacteroidales	Rikenellaceae	Alistipes	Alistipes montrealensis
CAG00112	d__Bacteria;p__Bacillota_A;c__Clostridia;o__Lachnospirales;f__Lachnospiraceae;g__Oliverpabstia;s__Oliverpabstia intestinalis	Bacteria	Bacillota_A	Clostridia	Lachnospirales	Lachnospiraceae	Oliverpabstia	Oliverpabstia intestinalis
CAG00113	d__Bacteria;p__Bacillota_A;c__Clostridia;o__Lachnospirales;f__Lachnospiraceae;g__Clostridium_AP;s__Clostridium_AP scindens	Bacteria	Bacillota_A	Clostridia	Lachnospirales	Lachnospiraceae	Clostridium_AP	Clostridium_AP scindens
CAG00114	d__Bacteria;p__Bacillota_A;c__Clostridia;o__Lachnospirales;f__Lachnospiraceae;g__;s__	Bacteria	Bacillota_A	Clostridia	Lachnospirales	Lachnospiraceae	unclassified Lachnospiraceae	Lachnospiraceae bacterium
CAG00115	d__Bacteria;p__Bacillota_A;c__Clostridia;o__Lachnospirales;f__Lachnospiraceae;g__Frisingicoccus;s__Frisingicoccus sp900753685	Bacteria	Bacillota_A	Clostridia	Lachnospirales	Lachnospiraceae	Frisingicoccus	Frisingicoccus sp900753685
CAG00116	d__Bacteria;p__Bacteroidota;c__Bacteroidia;o__Bacteroidales;f__Bacteroidaceae;g__Bacteroides;s__Bacteroides nordii	Bacteria	Bacteroidota	Bacteroidia	Bacteroidales	Bacteroidaceae	Bacteroides	Bacteroides nordii
CAG00117	d__Bacteria;p__Bacteroidota;c__Bacteroidia;o__Bacteroidales;f__Tannerellaceae;g__Parabacteroides;s__Parabacteroides merdae	Bacteria	Bacteroidota	Bacteroidia	Bacteroidales	Tannerellaceae	Parabacteroides	Parabacteroides merdae
CAG00118	d__Bacteria;p__Bacteroidota;c__Bacteroidia;o__Bacteroidales;f__Bacteroidaceae;g__Phocaeicola;s__Phocaeicola vulgatus	Bacteria	Bacteroidota	Bacteroidia	Bacteroidales	Bacteroidaceae	Phocaeicola	Phocaeicola vulgatus
CAG00119	d__Bacteria;p__Bacillota_A;c__Clostridia;o__Clostridiales;f__Clostridiaceae;g__Clostridium;s__Clostridium sp900539375	Bacteria	Bacillota_A	Clostridia	Clostridiales	Clostridiaceae	Clostridium	Clostridium sp900539375
CAG00120	d__Bacteria;p__Bacteroidota;c__Bacteroidia;o__Bacteroidales;f__Tannerellaceae;g__Parabacteroides;s__Parabacteroides massiliensis	Bacteria	Bacteroidota	Bacteroidia	Bacteroidales	Tannerellaceae	Parabacteroides	Parabacteroides massiliensis
CAG00121	d__Bacteria;p__Bacteroidota;c__Bacteroidia;o__Bacteroidales;f__Bacteroidaceae;g__Bacteroides;s__Bacteroides finegoldii	Bacteria	Bacteroidota	Bacteroidia	Bacteroidales	Bacteroidaceae	Bacteroides	Bacteroides finegoldii
CAG00122	d__Bacteria;p__Bacillota_A;c__Clostridia;o__Lachnospirales;f__Lachnospiraceae;g__Frisingicoccus;s__Frisingicoccus sp900757195	Bacteria	Bacillota_A	Clostridia	Lachnospirales	Lachnospiraceae	Frisingicoccus	Frisingicoccus sp900757195
CAG00123	d__Bacteria;p__Bacillota_A;c__Clostridia;o__Lachnospirales;f__Lachnospiraceae;g__Eisenbergiella;s__Eisenbergiella stercoravium	Bacteria	Bacillota_A	Clostridia	Lachnospirales	Lachnospiraceae	Eisenbergiella	Eisenbergiella stercoravium
CAG00124	d__Bacteria;p__Pseudomonadota;c__Gammaproteobacteria;o__Enterobacterales;f__Enterobacteriaceae;g__Klebsiella;s__Klebsiella variicola	Bacteria	Pseudomonadota	Gammaproteobacteria	Enterobacterales	Enterobacteriaceae	Klebsiella	Klebsiella variicola
CAG00125	d__Bacteria;p__Bacillota_A;c__Clostridia;o__Oscillospirales;f__Acutalibacteraceae;g__;s__	Bacteria	Bacillota_A	Clostridia	Oscillospirales	Acutalibacteraceae	unclassified Acutalibacteraceae	Acutalibacteraceae bacterium
CAG00126	d__Bacteria;p__Bacteroidota;c__Bacteroidia;o__Bacteroidales;f__Tannerellaceae;g__Parabacteroides;s__Parabacteroides gordonii	Bacteria	Bacteroidota	Bacteroidia	Bacteroidales	Tannerellaceae	Parabacteroides	Parabacteroides gordonii
CAG00127	d__Bacteria;p__Bacillota_A;c__Clostridia;o__Lachnospirales;f__Lachnospiraceae;g__Frisingicoccus;s__Frisingicoccus sp900549105	Bacteria	Bacillota_A	Clostridia	Lachnospirales	Lachnospiraceae	Frisingicoccus	Frisingicoccus sp900549105
CAG00128	d__Bacteria;p__Bacillota_A;c__Clostridia;o__Lachnospirales;f__Lachnospiraceae;g__Blautia;s__Blautia sp001304935	Bacteria	Bacillota_A	Clostridia	Lachnospirales	Lachnospiraceae	Blautia	Blautia sp001304935
CAG00129	d__Bacteria;p__Desulfobacterota;c__Desulfovibrionia;o__Desulfovibrionales;f__Desulfovibrionaceae;g__Mailhella;s__Mailhella excrementigallinarum	Bacteria	Desulfobacterota	Desulfovibrionia	Desulfovibrionales	Desulfovibrionaceae	Mailhella	Mailhella excrementigallinarum
CAG00130	d__Bacteria;p__Bacillota;c__Bacilli;o__Lactobacillales;f__Lactobacillaceae;g__Weissella;s__Weissella confusa	Bacteria	Bacillota	Bacilli	Lactobacillales	Lactobacillaceae	Weissella	Weissella confusa
CAG00131	d__Bacteria;p__Bacteroidota;c__Bacteroidia;o__Bacteroidales;f__Bacteroidaceae;g__Bacteroides;s__Bacteroides congonensis	Bacteria	Bacteroidota	Bacteroidia	Bacteroidales	Bacteroidaceae	Bacteroides	Bacteroides congonensis
CAG00132	d__Bacteria;p__Bacteroidota;c__Bacteroidia;o__Bacteroidales;f__Bacteroidaceae;g__Phocaeicola;s__Phocaeicola coprophilus	Bacteria	Bacteroidota	Bacteroidia	Bacteroidales	Bacteroidaceae	Phocaeicola	Phocaeicola coprophilus
CAG00133	d__Bacteria;p__Bacteroidota;c__Bacteroidia;o__Bacteroidales;f__Bacteroidaceae;g__Phocaeicola;s__Phocaeicola faecicola	Bacteria	Bacteroidota	Bacteroidia	Bacteroidales	Bacteroidaceae	Phocaeicola	Phocaeicola faecicola
CAG00134	d__Bacteria;p__Synergistota;c__Synergistia;o__Synergistales;f__Synergistaceae;g__Cloacibacillus;s__Cloacibacillus porcorum	Bacteria	Synergistota	Synergistia	Synergistales	Synergistaceae	Cloacibacillus	Cloacibacillus porcorum
CAG00135	d__Bacteria;p__Bacteroidota;c__Bacteroidia;o__Bacteroidales;f__Bacteroidaceae;g__Bacteroides;s__Bacteroides eggerthii	Bacteria	Bacteroidota	Bacteroidia	Bacteroidales	Bacteroidaceae	Bacteroides	Bacteroides eggerthii
CAG00136	d__Bacteria;p__Pseudomonadota;c__Gammaproteobacteria;o__Enterobacterales;f__Enterobacteriaceae;g__Enterobacter;s__Enterobacter hormaechei_A	Bacteria	Pseudomonadota	Gammaproteobacteria	Enterobacterales	Enterobacteriaceae	Enterobacter	Enterobacter hormaechei_A
CAG00137	d__Bacteria;p__Bacillota_A;c__Clostridia;o__Oscillospirales;f__Acutalibacteraceae;g__Anaeromassilibacillus;s__Anaeromassilibacillus sp001305115	Bacteria	Bacillota_A	Clostridia	Oscillospirales	Acutalibacteraceae	Anaeromassilibacillus	Anaeromassilibacillus sp001305115
CAG00138	d__Bacteria;p__Bacteroidota;c__Bacteroidia;o__Bacteroidales;f__Tannerellaceae;g__Parabacteroides;s__Parabacteroides sp900541965	Bacteria	Bacteroidota	Bacteroidia	Bacteroidales	Tannerellaceae	Parabacteroides	Parabacteroides sp900541965
CAG00139_1	d__Bacteria;p__Bacillota_A;c__Clostridia;o__Lachnospirales;f__Lachnospiraceae;g__Lachnoclostridium_B;s__Lachnoclostridium_B sp000765215	Bacteria	Bacillota_A	Clostridia	Lachnospirales	Lachnospiraceae	Lachnoclostridium_B	Lachnoclostridium_B sp000765215
CAG00140	d__Bacteria;p__Bacillota_A;c__Clostridia;o__Oscillospirales;f__Ruminococcaceae;g__Ruthenibacterium;s__Ruthenibacterium lactatiformans	Bacteria	Bacillota_A	Clostridia	Oscillospirales	Ruminococcaceae	Ruthenibacterium	Ruthenibacterium lactatiformans
CAG00141	d__Bacteria;p__Bacteroidota;c__Bacteroidia;o__Bacteroidales;f__Tannerellaceae;g__Parabacteroides;s__Parabacteroides distasonis	Bacteria	Bacteroidota	Bacteroidia	Bacteroidales	Tannerellaceae	Parabacteroides	Parabacteroides distasonis
CAG00142	d__Bacteria;p__Bacteroidota;c__Bacteroidia;o__Bacteroidales;f__Bacteroidaceae;g__Bacteroides;s__Bacteroides stercoris	Bacteria	Bacteroidota	Bacteroidia	Bacteroidales	Bacteroidaceae	Bacteroides	Bacteroides stercoris
CAG00143	d__Bacteria;p__Bacillota_A;c__Clostridia;o__Oscillospirales;f__Oscillospiraceae;g__Faecousia;s__Faecousia sp900544975	Bacteria	Bacillota_A	Clostridia	Oscillospirales	Oscillospiraceae	Faecousia	Faecousia sp900544975
CAG00144	d__Bacteria;p__Fusobacteriota;c__Fusobacteriia;o__Fusobacteriales;f__Fusobacteriaceae;g__Fusobacterium_A;s__Fusobacterium_A ulcerans	Bacteria	Fusobacteriota	Fusobacteriia	Fusobacteriales	Fusobacteriaceae	Fusobacterium_A	Fusobacterium_A ulcerans
CAG00145	d__Bacteria;p__Bacillota_A;c__Clostridia;o__Lachnospirales;f__Lachnospiraceae;g__Anaerobutyricum;s__Anaerobutyricum stercoris	Bacteria	Bacillota_A	Clostridia	Lachnospirales	Lachnospiraceae	Anaerobutyricum	Anaerobutyricum stercoris
CAG00146	d__Bacteria;p__Bacteroidota;c__Bacteroidia;o__Bacteroidales;f__Marinifilaceae;g__Butyricimonas;s__Butyricimonas faecalis	Bacteria	Bacteroidota	Bacteroidia	Bacteroidales	Marinifilaceae	Butyricimonas	Butyricimonas faecalis
CAG00147	d__Bacteria;p__Bacteroidota;c__Bacteroidia;o__Bacteroidales;f__Barnesiellaceae;g__CABJAA01;s__CABJAA01 sp003150885	Bacteria	Bacteroidota	Bacteroidia	Bacteroidales	Barnesiellaceae	Barnesiellaceae CABJAA01	Barnesiellaceae CABJAA01 sp003150885
CAG00148	d__Bacteria;p__Bacillota;c__Bacilli;o__Erysipelotrichales;f__Coprobacillaceae;g__Coprobacillus;s__Coprobacillus cateniformis	Bacteria	Bacillota	Bacilli	Erysipelotrichales	Coprobacillaceae	Coprobacillus	Coprobacillus cateniformis
CAG00149	d__Bacteria;p__Bacillota_A;c__Clostridia;o__Lachnospirales;f__Lachnospiraceae;g__Ventrimonas;s__Ventrimonas sp900540335	Bacteria	Bacillota_A	Clostridia	Lachnospirales	Lachnospiraceae	Ventrimonas	Ventrimonas sp900540335
CAG00150	d__Bacteria;p__Bacteroidota;c__Bacteroidia;o__Bacteroidales;f__Tannerellaceae;g__Parabacteroides;s__Parabacteroides sp014287585	Bacteria	Bacteroidota	Bacteroidia	Bacteroidales	Tannerellaceae	Parabacteroides	Parabacteroides sp014287585
CAG00151	d__Bacteria;p__Bacillota_A;c__Clostridia;o__Lachnospirales;f__Lachnospiraceae;g__CAG-56;s__CAG-56 sp905200565	Bacteria	Bacillota_A	Clostridia	Lachnospirales	Lachnospiraceae	Lachnospiraceae CAG-56	Lachnospiraceae CAG-56 sp905200565
CAG00152	d__Bacteria;p__Bacillota_A;c__Clostridia;o__Christensenellales;f__CAG-74;g__Aphodomonas;s__Aphodomonas sp934615235	Bacteria	Bacillota_A	Clostridia	Christensenellales	Christensenellales CAG-74	Aphodomonas	Aphodomonas sp934615235
CAG00153	d__Bacteria;p__Pseudomonadota;c__Gammaproteobacteria;o__Enterobacterales;f__Enterobacteriaceae;g__Hafnia;s__Hafnia paralvei	Bacteria	Pseudomonadota	Gammaproteobacteria	Enterobacterales	Enterobacteriaceae	Hafnia	Hafnia paralvei
CAG00154	d__Bacteria;p__Bacteroidota;c__Bacteroidia;o__Bacteroidales;f__Tannerellaceae;g__Parabacteroides;s__Parabacteroides acidifaciens	Bacteria	Bacteroidota	Bacteroidia	Bacteroidales	Tannerellaceae	Parabacteroides	Parabacteroides acidifaciens
CAG00155	d__Bacteria;p__Bacillota_A;c__Clostridia;o__Lachnospirales;f__Lachnospiraceae;g__Blautia;s__Blautia sp000432195	Bacteria	Bacillota_A	Clostridia	Lachnospirales	Lachnospiraceae	Blautia	Blautia sp000432195
CAG00156	d__Bacteria;p__Spirochaetota;c__Brachyspirae;o__Brachyspirales;f__Brachyspiraceae;g__Brachyspira;s__Brachyspira aalborgi	Bacteria	Spirochaetota	Brachyspirae	Brachyspirales	Brachyspiraceae	Brachyspira	Brachyspira aalborgi
CAG00157	d__Bacteria;p__Bacillota_A;c__Clostridia;o__Oscillospirales;f__QAKW01;g__HGM12957;s__HGM12957 sp900760695	Bacteria	Bacillota_A	Clostridia	Oscillospirales	Oscillospirales QAKW01	Oscillospirales QAKW01 HGM12957	Oscillospirales QAKW01 HGM12957 sp900760695
CAG00158	d__Bacteria;p__Bacteroidota;c__Bacteroidia;o__Bacteroidales;f__UBA932;g__Cryptobacteroides;s__Cryptobacteroides sp900546925	Bacteria	Bacteroidota	Bacteroidia	Bacteroidales	Bacteroidales UBA932	Cryptobacteroides	Cryptobacteroides sp900546925
CAG00159	d__Bacteria;p__Bacteroidota;c__Bacteroidia;o__Bacteroidales;f__Bacteroidaceae;g__Bacteroides;s__Bacteroides uniformis	Bacteria	Bacteroidota	Bacteroidia	Bacteroidales	Bacteroidaceae	Bacteroides	Bacteroides uniformis
CAG00160	d__Bacteria;p__Bacillota_A;c__Clostridia;o__Lachnospirales;f__Bianqueaceae;g__Bianquea;s__Bianquea renquensis	Bacteria	Bacillota_A	Clostridia	Lachnospirales	Bianqueaceae	Bianquea	Bianquea renquensis
CAG00161	d__Bacteria;p__Bacteroidota;c__Bacteroidia;o__Bacteroidales;f__Bacteroidaceae;g__Phocaeicola;s__Phocaeicola coprocola	Bacteria	Bacteroidota	Bacteroidia	Bacteroidales	Bacteroidaceae	Phocaeicola	Phocaeicola coprocola
CAG00162	d__Bacteria;p__Bacillota_A;c__Clostridia;o__Christensenellales;f__CAG-74;g__;s__	Bacteria	Bacillota_A	Clostridia	Christensenellales	Christensenellales CAG-74	unclassified Christensenellales CAG-74	Christensenellales CAG-74 bacterium
CAG00163	d__Bacteria;p__Bacteroidota;c__Bacteroidia;o__Bacteroidales;f__Bacteroidaceae;g__Prevotella;s__Prevotella rara	Bacteria	Bacteroidota	Bacteroidia	Bacteroidales	Bacteroidaceae	Prevotella	Prevotella rara
CAG00164	d__Bacteria;p__Bacillota_A;c__Clostridia;o__Lachnospirales;f__Lachnospiraceae;g__Blautia_A;s__Blautia_A wexlerae	Bacteria	Bacillota_A	Clostridia	Lachnospirales	Lachnospiraceae	Blautia_A	Blautia_A wexlerae
CAG00165	d__Bacteria;p__Bacillota_A;c__Clostridia;o__Lachnospirales;f__Lachnospiraceae;g__Merdimonas;s__Merdimonas faecis	Bacteria	Bacillota_A	Clostridia	Lachnospirales	Lachnospiraceae	Merdimonas	Merdimonas faecis
CAG00166	d__Bacteria;p__Bacillota_A;c__Clostridia;o__Oscillospirales;f__Acutalibacteraceae;g__Caccousia;s__Caccousia sp900752115	Bacteria	Bacillota_A	Clostridia	Oscillospirales	Acutalibacteraceae	Caccousia	Caccousia sp900752115
CAG00167_1	d__Bacteria;p__Bacillota;c__Bacilli;o__RF39;f__UBA660;g__CAG-417;s__CAG-417 sp000432835	Bacteria	Bacillota	Bacilli	Bacilli RF39	Bacilli RF39 UBA660	Bacilli RF39 UBA660 CAG-417	Bacilli RF39 UBA660 CAG-417 sp000432835
CAG00167_2	d__Bacteria;p__Bacillota_A;c__Clostridia;o__TANB77;f__CAG-508;g__CAG-492;s__CAG-492 sp000434335	Bacteria	Bacillota_A	Clostridia	Clostridia TANB77	Clostridia TANB77 CAG-508	Clostridia TANB77 CAG-508 CAG-492	Clostridia TANB77 CAG-508 CAG-492 sp000434335
CAG00168	d__Bacteria;p__Bacillota_A;c__Clostridia;o__Lachnospirales;f__Lachnospiraceae;g__Sellimonas;s__Sellimonas intestinalis	Bacteria	Bacillota_A	Clostridia	Lachnospirales	Lachnospiraceae	Sellimonas	Sellimonas intestinalis
CAG00169	d__Bacteria;p__Bacillota_A;c__Clostridia;o__Lachnospirales;f__Lachnospiraceae;g__CAG-882;s__CAG-882 sp000435595	Bacteria	Bacillota_A	Clostridia	Lachnospirales	Lachnospiraceae	Lachnospiraceae CAG-882	Lachnospiraceae CAG-882 sp000435595
CAG00170	d__Bacteria;p__Verrucomicrobiota;c__Lentisphaeria;o__Victivallales;f__Victivallaceae;g__Victivallis;s__Victivallis vadensis	Bacteria	Verrucomicrobiota	Lentisphaeria	Victivallales	Victivallaceae	Victivallis	Victivallis vadensis
CAG00171	d__Bacteria;p__Bacillota_A;c__Clostridia;o__Lachnospirales;f__Lachnospiraceae;g__UMGS1370;s__UMGS1370 sp900542035	Bacteria	Bacillota_A	Clostridia	Lachnospirales	Lachnospiraceae	Lachnospiraceae UMGS1370	Lachnospiraceae UMGS1370 sp900542035
CAG00172	d__Bacteria;p__Bacteroidota;c__Bacteroidia;o__Bacteroidales;f__Bacteroidaceae;g__Phocaeicola_A;s__Phocaeicola_A sp944320885	Bacteria	Bacteroidota	Bacteroidia	Bacteroidales	Bacteroidaceae	Phocaeicola_A	Phocaeicola_A sp944320885
CAG00173	d__Bacteria;p__Verrucomicrobiota;c__Lentisphaeria;o__Victivallales;f__Victivallaceae;g__Victivallis;s__Victivallis sp900550905	Bacteria	Verrucomicrobiota	Lentisphaeria	Victivallales	Victivallaceae	Victivallis	Victivallis sp900550905
CAG00174	d__Bacteria;p__Bacillota_A;c__Clostridia;o__Lachnospirales;f__Lachnospiraceae;g__Choladousia;s__Choladousia sp900757145	Bacteria	Bacillota_A	Clostridia	Lachnospirales	Lachnospiraceae	Choladousia	Choladousia sp900757145
CAG00175	d__Bacteria;p__Bacteroidota;c__Bacteroidia;o__Bacteroidales;f__Bacteroidaceae;g__Bacteroides;s__Bacteroides clarus	Bacteria	Bacteroidota	Bacteroidia	Bacteroidales	Bacteroidaceae	Bacteroides	Bacteroides clarus
CAG00176	d__Bacteria;p__Bacillota_A;c__Clostridia;o__Lachnospirales;f__Lachnospiraceae;g__Faecalimonas;s__Faecalimonas umbilicata	Bacteria	Bacillota_A	Clostridia	Lachnospirales	Lachnospiraceae	Faecalimonas	Faecalimonas umbilicata
CAG00177	d__Bacteria;p__Bacillota_C;c__Negativicutes;o__Veillonellales;f__Megasphaeraceae;g__Caecibacter;s__Caecibacter hominis	Bacteria	Bacillota_C	Negativicutes	Veillonellales	Megasphaeraceae	Caecibacter	Caecibacter hominis
CAG00178	d__Bacteria;p__Bacillota_A;c__Clostridia;o__Lachnospirales;f__Lachnospiraceae;g__Lachnospira;s__Lachnospira sp000437735	Bacteria	Bacillota_A	Clostridia	Lachnospirales	Lachnospiraceae	Lachnospira	Lachnospira sp000437735
CAG00179	d__Bacteria;p__Bacillota_A;c__Clostridia;o__Lachnospirales;f__Lachnospiraceae;g__Blautia_A;s__Blautia_A sp000436615	Bacteria	Bacillota_A	Clostridia	Lachnospirales	Lachnospiraceae	Blautia_A	Blautia_A sp000436615
CAG00180	d__Bacteria;p__Bacteroidota;c__Bacteroidia;o__Bacteroidales;f__Bacteroidaceae;g__Bacteroides;s__	Bacteria	Bacteroidota	Bacteroidia	Bacteroidales	Bacteroidaceae	Bacteroides	Bacteroides sp.
CAG00181	d__Bacteria;p__Bacteroidota;c__Bacteroidia;o__Bacteroidales;f__Muribaculaceae;g__CAG-485;s__CAG-485 sp001701295	Bacteria	Bacteroidota	Bacteroidia	Bacteroidales	Muribaculaceae	Muribaculaceae CAG-485	Muribaculaceae CAG-485 sp001701295
CAG00182	d__Bacteria;p__Bacteroidota;c__Bacteroidia;o__Bacteroidales;f__Bacteroidaceae;g__Phocaeicola;s__Phocaeicola faecalis	Bacteria	Bacteroidota	Bacteroidia	Bacteroidales	Bacteroidaceae	Phocaeicola	Phocaeicola faecalis
CAG00183	d__Bacteria;p__Bacillota_A;c__Clostridia;o__Lachnospirales;f__Lachnospiraceae;g__Blautia_A;s__Blautia_A sp900066145	Bacteria	Bacillota_A	Clostridia	Lachnospirales	Lachnospiraceae	Blautia_A	Blautia_A sp900066145
CAG00184	d__Bacteria;p__Bacteroidota;c__Bacteroidia;o__Bacteroidales;f__Bacteroidaceae;g__Phocaeicola_A;s__Phocaeicola_A sp900291465	Bacteria	Bacteroidota	Bacteroidia	Bacteroidales	Bacteroidaceae	Phocaeicola_A	Phocaeicola_A sp900291465
CAG00185	d__Bacteria;p__Bacillota_C;c__Negativicutes;o__Veillonellales;f__Veillonellaceae;g__Veillonella_A;s__Veillonella_A sp000431435	Bacteria	Bacillota_C	Negativicutes	Veillonellales	Veillonellaceae	Veillonella_A	Veillonella_A sp000431435
CAG00186	d__Bacteria;p__Bacillota;c__Bacilli;o__Lactobacillales;f__Streptococcaceae;g__Streptococcus;s__	Bacteria	Bacillota	Bacilli	Lactobacillales	Streptococcaceae	Streptococcus	Streptococcus sp.
CAG00187	d__Bacteria;p__Pseudomonadota;c__Gammaproteobacteria;o__Burkholderiales;f__Burkholderiaceae_A;g__Sutterella;s__Sutterella wadsworthensis	Bacteria	Pseudomonadota	Gammaproteobacteria	Burkholderiales	Burkholderiaceae_A	Sutterella	Sutterella wadsworthensis
CAG00188	d__Bacteria;p__Pseudomonadota;c__Alphaproteobacteria;o__RF32;f__CAG-239;g__CAG-267;s__CAG-267 sp001917135	Bacteria	Pseudomonadota	Alphaproteobacteria	Alphaproteobacteria RF32	Alphaproteobacteria RF32 CAG-239	Alphaproteobacteria RF32 CAG-239 CAG-267	Alphaproteobacteria RF32 CAG-239 CAG-267 sp001917135
CAG00189	d__Bacteria;p__Bacillota_A;c__Clostridia;o__Lachnospirales;f__Lachnospiraceae;g__COE1;s__COE1 sp001916965	Bacteria	Bacillota_A	Clostridia	Lachnospirales	Lachnospiraceae	Lachnospiraceae COE1	Lachnospiraceae COE1 sp001916965
CAG00190	d__Bacteria;p__Verrucomicrobiota;c__Lentisphaeria;o__Victivallales;f__Victivallaceae;g__Victivallis;s__Victivallis lenta	Bacteria	Verrucomicrobiota	Lentisphaeria	Victivallales	Victivallaceae	Victivallis	Victivallis lenta
CAG00191	d__Bacteria;p__Fusobacteriota;c__Fusobacteriia;o__Fusobacteriales;f__Fusobacteriaceae;g__Fusobacterium_A;s__Fusobacterium_A varium	Bacteria	Fusobacteriota	Fusobacteriia	Fusobacteriales	Fusobacteriaceae	Fusobacterium_A	Fusobacterium_A varium
CAG00192	d__Bacteria;p__Bacillota_A;c__Clostridia;o__Peptostreptococcales;f__Anaerovoracaceae;g__Fimisoma;s__Fimisoma sp900545135	Bacteria	Bacillota_A	Clostridia	Peptostreptococcales	Anaerovoracaceae	Fimisoma	Fimisoma sp900545135
CAG00193	d__Bacteria;p__Bacillota_A;c__Clostridia;o__Oscillospirales;f__Acutalibacteraceae;g__UMGS1484;s__UMGS1484 sp905193225	Bacteria	Bacillota_A	Clostridia	Oscillospirales	Acutalibacteraceae	Acutalibacteraceae UMGS1484	Acutalibacteraceae UMGS1484 sp905193225
CAG00194	d__Bacteria;p__Bacillota_A;c__Clostridia;o__Lachnospirales;f__Lachnospiraceae;g__Anaerobutyricum;s__Anaerobutyricum hallii	Bacteria	Bacillota_A	Clostridia	Lachnospirales	Lachnospiraceae	Anaerobutyricum	Anaerobutyricum hallii
CAG00195	d__Bacteria;p__Cyanobacteriota;c__Vampirovibrionia;o__Gastranaerophilales;f__Gastranaerophilaceae;g__Scatenecus;s__Scatenecus sp900554095	Bacteria	Cyanobacteriota	Vampirovibrionia	Gastranaerophilales	Gastranaerophilaceae	Scatenecus	Scatenecus sp900554095
CAG00196	d__Bacteria;p__Bacillota_A;c__Clostridia;o__Lachnospirales;f__Lachnospiraceae;g__CAG-95;s__CAG-95 sp000436115	Bacteria	Bacillota_A	Clostridia	Lachnospirales	Lachnospiraceae	Lachnospiraceae CAG-95	Lachnospiraceae CAG-95 sp000436115
CAG00197	d__Bacteria;p__Actinomycetota;c__Actinomycetia;o__Actinomycetales;f__Bifidobacteriaceae;g__Bifidobacterium;s__Bifidobacterium pullorum_B	Bacteria	Actinomycetota	Actinomycetia	Actinomycetales	Bifidobacteriaceae	Bifidobacterium	Bifidobacterium pullorum_B
CAG00198	d__Bacteria;p__Bacillota_A;c__Clostridia;o__UBA1381;f__UBA9506;g__Congzhengia;s__Congzhengia minquanensis	Bacteria	Bacillota_A	Clostridia	Clostridia UBA1381	Clostridia UBA1381 UBA9506	Congzhengia	Congzhengia minquanensis
CAG00199	d__Bacteria;p__Bacteroidota;c__Bacteroidia;o__Bacteroidales;f__Rikenellaceae;g__Alistipes;s__Alistipes sp902363575	Bacteria	Bacteroidota	Bacteroidia	Bacteroidales	Rikenellaceae	Alistipes	Alistipes sp902363575
CAG00200	d__Bacteria;p__Bacillota_A;c__Clostridia;o__Oscillospirales;f__Oscillospiraceae;g__Flavonifractor;s__Flavonifractor avistercoris	Bacteria	Bacillota_A	Clostridia	Oscillospirales	Oscillospiraceae	Flavonifractor	Flavonifractor avistercoris
CAG00201	d__Bacteria;p__Bacillota_A;c__Clostridia;o__Lachnospirales;f__Lachnospiraceae;g__Roseburia;s__Roseburia sp900550935	Bacteria	Bacillota_A	Clostridia	Lachnospirales	Lachnospiraceae	Roseburia	Roseburia sp900550935
CAG00202	d__Bacteria;p__Bacteroidota;c__Bacteroidia;o__Bacteroidales;f__Tannerellaceae;g__Parabacteroides;s__Parabacteroides johnsonii	Bacteria	Bacteroidota	Bacteroidia	Bacteroidales	Tannerellaceae	Parabacteroides	Parabacteroides johnsonii
CAG00203	d__Bacteria;p__Bacillota_A;c__Clostridia;o__Oscillospirales;f__Oscillospiraceae;g__Dysosmobacter;s__Dysosmobacter sp018228705	Bacteria	Bacillota_A	Clostridia	Oscillospirales	Oscillospiraceae	Dysosmobacter	Dysosmobacter sp018228705
CAG00204	d__Bacteria;p__Bacillota_A;c__Clostridia;o__Oscillospirales;f__Acutalibacteraceae;g__UMGS1474;s__UMGS1474 sp900547105	Bacteria	Bacillota_A	Clostridia	Oscillospirales	Acutalibacteraceae	Acutalibacteraceae UMGS1474	Acutalibacteraceae UMGS1474 sp900547105
CAG00205	d__Bacteria;p__Bacillota_C;c__Negativicutes;o__Veillonellales;f__Megasphaeraceae;g__Caecibacter;s__Caecibacter sp003467125	Bacteria	Bacillota_C	Negativicutes	Veillonellales	Megasphaeraceae	Caecibacter	Caecibacter sp003467125
CAG00206	d__Bacteria;p__Synergistota;c__Synergistia;o__Synergistales;f__Dethiosulfovibrionaceae;g__Pyramidobacter;s__Pyramidobacter piscolens	Bacteria	Synergistota	Synergistia	Synergistales	Dethiosulfovibrionaceae	Pyramidobacter	Pyramidobacter piscolens
CAG00207	d__Bacteria;p__Bacillota_A;c__Clostridia;o__Lachnospirales;f__Lachnospiraceae;g__CAG-411;s__CAG-411 sp000437275	Bacteria	Bacillota_A	Clostridia	Lachnospirales	Lachnospiraceae	Lachnospiraceae CAG-411	Lachnospiraceae CAG-411 sp000437275
CAG00208	d__Bacteria;p__Bacillota_A;c__Clostridia;o__Oscillospirales;f__Ruminococcaceae;g__Gemmiger;s__Gemmiger qucibialis	Bacteria	Bacillota_A	Clostridia	Oscillospirales	Ruminococcaceae	Gemmiger	Gemmiger qucibialis
CAG00209	d__Bacteria;p__Bacteroidota;c__Bacteroidia;o__Bacteroidales;f__Coprobacteraceae;g__Coprobacter;s__Coprobacter fastidiosus	Bacteria	Bacteroidota	Bacteroidia	Bacteroidales	Coprobacteraceae	Coprobacter	Coprobacter fastidiosus
CAG00210	d__Bacteria;p__Bacillota_A;c__Clostridia;o__Oscillospirales;f__Ruminococcaceae;g__Ruminococcus_D;s__Ruminococcus_D bicirculans	Bacteria	Bacillota_A	Clostridia	Oscillospirales	Ruminococcaceae	Ruminococcus_D	Ruminococcus_D bicirculans
CAG00211	d__Bacteria;p__Bacillota_A;c__Clostridia;o__Lachnospirales;f__Lachnospiraceae;g__Blautia;s__Blautia stercoris	Bacteria	Bacillota_A	Clostridia	Lachnospirales	Lachnospiraceae	Blautia	Blautia stercoris
CAG00212	d__Bacteria;p__Desulfobacterota;c__Desulfovibrionia;o__Desulfovibrionales;f__Desulfovibrionaceae;g__Bilophila;s__Bilophila wadsworthia	Bacteria	Desulfobacterota	Desulfovibrionia	Desulfovibrionales	Desulfovibrionaceae	Bilophila	Bilophila wadsworthia
CAG00213	d__Bacteria;p__Bacteroidota;c__Bacteroidia;o__Bacteroidales;f__Bacteroidaceae;g__Prevotella;s__	Bacteria	Bacteroidota	Bacteroidia	Bacteroidales	Bacteroidaceae	Prevotella	Prevotella sp.
CAG00214	d__Bacteria;p__Bacteroidota;c__Bacteroidia;o__Bacteroidales;f__Bacteroidaceae;g__Prevotella;s__Prevotella corporis	Bacteria	Bacteroidota	Bacteroidia	Bacteroidales	Bacteroidaceae	Prevotella	Prevotella corporis
CAG00215	d__Bacteria;p__Bacillota_A;c__Clostridia;o__Oscillospirales;f__Ruminococcaceae;g__Anaerotruncus;s__Anaerotruncus massiliensis	Bacteria	Bacillota_A	Clostridia	Oscillospirales	Ruminococcaceae	Anaerotruncus	Anaerotruncus massiliensis
CAG00216	d__Bacteria;p__Bacillota_A;c__Clostridia;o__Lachnospirales;f__Lachnospiraceae;g__Roseburia;s__Roseburia sp900753715	Bacteria	Bacillota_A	Clostridia	Lachnospirales	Lachnospiraceae	Roseburia	Roseburia sp900753715
CAG00217	d__Bacteria;p__Bacillota_C;c__Negativicutes;o__Veillonellales;f__Dialisteraceae;g__Dialister;s__Dialister hominis	Bacteria	Bacillota_C	Negativicutes	Veillonellales	Dialisteraceae	Dialister	Dialister hominis
CAG00218	d__Bacteria;p__Bacteroidota;c__Bacteroidia;o__Bacteroidales;f__Barnesiellaceae;g__Barnesiella;s__Barnesiella intestinihominis	Bacteria	Bacteroidota	Bacteroidia	Bacteroidales	Barnesiellaceae	Barnesiella	Barnesiella intestinihominis
CAG00219	d__Bacteria;p__Bacillota_A;c__Clostridia;o__Lachnospirales;f__Lachnospiraceae;g__COE1;s__COE1 sp900753305	Bacteria	Bacillota_A	Clostridia	Lachnospirales	Lachnospiraceae	Lachnospiraceae COE1	Lachnospiraceae COE1 sp900753305
CAG00220	d__Bacteria;p__Bacteroidota;c__Bacteroidia;o__Bacteroidales;f__Bacteroidaceae;g__Bacteroides;s__Bacteroides propionicigenes	Bacteria	Bacteroidota	Bacteroidia	Bacteroidales	Bacteroidaceae	Bacteroides	Bacteroides propionicigenes
CAG00221	d__Bacteria;p__Bacillota_A;c__Clostridia;o__Lachnospirales;f__Lachnospiraceae;g__CAG-510;s__CAG-510 sp900550475	Bacteria	Bacillota_A	Clostridia	Lachnospirales	Lachnospiraceae	Lachnospiraceae CAG-510	Lachnospiraceae CAG-510 sp900550475
CAG00222	d__Bacteria;p__Bacteroidota;c__Bacteroidia;o__Bacteroidales;f__Bacteroidaceae;g__Prevotella;s__Prevotella lascolaii	Bacteria	Bacteroidota	Bacteroidia	Bacteroidales	Bacteroidaceae	Prevotella	Prevotella lascolaii
CAG00223	d__Bacteria;p__Bacillota_A;c__Clostridia;o__Peptostreptococcales;f__Peptostreptococcaceae;g__Romboutsia;s__Romboutsia timonensis	Bacteria	Bacillota_A	Clostridia	Peptostreptococcales	Peptostreptococcaceae	Romboutsia	Romboutsia timonensis
CAG00224	d__Bacteria;p__Bacillota_A;c__Clostridia;o__Oscillospirales;f__CAG-272;g__QALR01;s__QALR01 sp900552255	Bacteria	Bacillota_A	Clostridia	Oscillospirales	Oscillospirales CAG-272	Oscillospirales CAG-272 QALR01	Oscillospirales CAG-272 QALR01 sp900552255
CAG00225	d__Bacteria;p__Bacillota_A;c__Clostridia;o__Oscillospirales;f__Ruminococcaceae;g__Faeciplasma;s__Faeciplasma sp900553675	Bacteria	Bacillota_A	Clostridia	Oscillospirales	Ruminococcaceae	Faeciplasma	Faeciplasma sp900553675
CAG00226	d__Bacteria;p__Bacillota_A;c__Clostridia;o__Lachnospirales;f__Anaerotignaceae;g__Metalachnospira;s__Metalachnospira sp900546215	Bacteria	Bacillota_A	Clostridia	Lachnospirales	Anaerotignaceae	Metalachnospira	Metalachnospira sp900546215
CAG00227	d__Bacteria;p__Bacillota_A;c__Clostridia;o__Lachnospirales;f__Lachnospiraceae;g__Oliverpabstia;s__Oliverpabstia sp000432335	Bacteria	Bacillota_A	Clostridia	Lachnospirales	Lachnospiraceae	Oliverpabstia	Oliverpabstia sp000432335
CAG00228	d__Bacteria;p__Bacillota_C;c__Negativicutes;o__Selenomonadales;f__Massilibacillaceae;g__CABIZH01;s__CABIZH01 sp902363205	Bacteria	Bacillota_C	Negativicutes	Selenomonadales	Massilibacillaceae	Massilibacillaceae CABIZH01	Massilibacillaceae CABIZH01 sp902363205
CAG00229	d__Bacteria;p__Bacteroidota;c__Bacteroidia;o__Bacteroidales;f__Bacteroidaceae;g__Paraprevotella;s__Paraprevotella sp003477995	Bacteria	Bacteroidota	Bacteroidia	Bacteroidales	Bacteroidaceae	Paraprevotella	Paraprevotella sp003477995
CAG00230	d__Bacteria;p__Bacteroidota;c__Bacteroidia;o__Bacteroidales;f__Bacteroidaceae;g__Phocaeicola;s__Phocaeicola intestinalis	Bacteria	Bacteroidota	Bacteroidia	Bacteroidales	Bacteroidaceae	Phocaeicola	Phocaeicola intestinalis
CAG00231	d__Bacteria;p__Bacteroidota;c__Bacteroidia;o__Bacteroidales;f__Marinifilaceae;g__Odoribacter;s__Odoribacter splanchnicus	Bacteria	Bacteroidota	Bacteroidia	Bacteroidales	Marinifilaceae	Odoribacter	Odoribacter splanchnicus
CAG00232	d__Bacteria;p__Bacillota_A;c__Clostridia;o__Oscillospirales;f__Oscillospiraceae;g__Lawsonibacter;s__	Bacteria	Bacillota_A	Clostridia	Oscillospirales	Oscillospiraceae	Lawsonibacter	Lawsonibacter sp.
CAG00233	d__Bacteria;p__Bacillota_A;c__Clostridia;o__Oscillospirales;f__Oscillospiraceae;g__Enterenecus;s__Enterenecus sp905210385	Bacteria	Bacillota_A	Clostridia	Oscillospirales	Oscillospiraceae	Enterenecus	Enterenecus sp905210385
CAG00234	d__Bacteria;p__Bacillota_A;c__Clostridia;o__Oscillospirales;f__Ruminococcaceae;g__Faeciplasma;s__Faeciplasma sp900760125	Bacteria	Bacillota_A	Clostridia	Oscillospirales	Ruminococcaceae	Faeciplasma	Faeciplasma sp900760125
CAG00235	d__Bacteria;p__Bacillota_A;c__Clostridia;o__Lachnospirales;f__Lachnospiraceae;g__Blautia_A;s__Blautia_A sp003471165	Bacteria	Bacillota_A	Clostridia	Lachnospirales	Lachnospiraceae	Blautia_A	Blautia_A sp003471165
CAG00236	d__Bacteria;p__Bacillota_A;c__Clostridia;o__Oscillospirales;f__CAG-272;g__UMGS902;s__	Bacteria	Bacillota_A	Clostridia	Oscillospirales	Oscillospirales CAG-272	Oscillospirales CAG-272 UMGS902	Oscillospirales CAG-272 UMGS902 sp.
CAG00237	d__Bacteria;p__Bacteroidota;c__Bacteroidia;o__Bacteroidales;f__Marinifilaceae;g__Butyricimonas;s__Butyricimonas sp900759925	Bacteria	Bacteroidota	Bacteroidia	Bacteroidales	Marinifilaceae	Butyricimonas	Butyricimonas sp900759925
CAG00238	d__Bacteria;p__Bacillota_A;c__Clostridia;o__Lachnospirales;f__Lachnospiraceae;g__Clostridium_Q;s__Clostridium_Q saccharolyticum_A	Bacteria	Bacillota_A	Clostridia	Lachnospirales	Lachnospiraceae	Clostridium_Q	Clostridium_Q saccharolyticum_A
CAG00239	d__Bacteria;p__Bacillota_A;c__Clostridia;o__Oscillospirales;f__Oscillospiraceae;g__Flavonifractor;s__Flavonifractor plautii	Bacteria	Bacillota_A	Clostridia	Oscillospirales	Oscillospiraceae	Flavonifractor	Flavonifractor plautii
CAG00240	d__Bacteria;p__Bacillota_A;c__Clostridia;o__Oscillospirales;f__Oscillospiraceae;g__Dysosmobacter;s__Dysosmobacter sp000436875	Bacteria	Bacillota_A	Clostridia	Oscillospirales	Oscillospiraceae	Dysosmobacter	Dysosmobacter sp000436875
CAG00241	d__Bacteria;p__Bacillota_A;c__Clostridia;o__Oscillospirales;f__CAG-272;g__CAG-390;s__CAG-390 sp000437015	Bacteria	Bacillota_A	Clostridia	Oscillospirales	Oscillospirales CAG-272	Oscillospirales CAG-272 CAG-390	Oscillospirales CAG-272 CAG-390 sp000437015
CAG00242	d__Bacteria;p__Bacillota_A;c__Clostridia;o__Lachnospirales;f__Lachnospiraceae;g__Agathobacter;s__Agathobacter sp000434275	Bacteria	Bacillota_A	Clostridia	Lachnospirales	Lachnospiraceae	Agathobacter	Agathobacter sp000434275
CAG00243	d__Bacteria;p__Bacillota_A;c__Clostridia;o__Lachnospirales;f__Lachnospiraceae;g__Mediterraneibacter;s__Mediterraneibacter torques	Bacteria	Bacillota_A	Clostridia	Lachnospirales	Lachnospiraceae	Mediterraneibacter	Mediterraneibacter torques
CAG00244	d__Bacteria;p__Bacillota_A;c__Clostridia;o__Lachnospirales;f__Lachnospiraceae;g__Lachnospira;s__Lachnospira sp900551945	Bacteria	Bacillota_A	Clostridia	Lachnospirales	Lachnospiraceae	Lachnospira	Lachnospira sp900551945
CAG00245	d__Bacteria;p__Bacillota_A;c__Clostridia;o__Christensenellales;f__QALW01;g__UMGS1322;s__UMGS1322 sp900550765	Bacteria	Bacillota_A	Clostridia	Christensenellales	Christensenellales QALW01	Christensenellales QALW01 UMGS1322	Christensenellales QALW01 UMGS1322 sp900550765
CAG00246	d__Bacteria;p__Bacillota_A;c__Clostridia;o__UBA1212;f__UBA1255;g__Egerieisoma;s__Egerieisoma sp900552695	Bacteria	Bacillota_A	Clostridia	Clostridia UBA1212	Clostridia UBA1212 UBA1255	Egerieisoma	Egerieisoma sp900552695
CAG00247	d__Bacteria;p__Bacillota_A;c__Clostridia;o__Christensenellales;f__UBA1750;g__Spyradocola;s__Spyradocola sp905193155	Bacteria	Bacillota_A	Clostridia	Christensenellales	Christensenellales UBA1750	Spyradocola	Spyradocola sp905193155
CAG00248	d__Bacteria;p__Bacillota_A;c__Clostridia;o__Lachnospirales;f__Lachnospiraceae;g__RUG115;s__RUG115 sp900066395	Bacteria	Bacillota_A	Clostridia	Lachnospirales	Lachnospiraceae	Lachnospiraceae RUG115	Lachnospiraceae RUG115 sp900066395
CAG00249	d__Bacteria;p__Bacillota_A;c__Clostridia;o__Oscillospirales;f__Acutalibacteraceae;g__Clostridium_A;s__Clostridium_A leptum	Bacteria	Bacillota_A	Clostridia	Oscillospirales	Acutalibacteraceae	Clostridium_A	Clostridium_A leptum
CAG00250	d__Bacteria;p__Bacillota_A;c__Clostridia;o__Oscillospirales;f__Ruminococcaceae;g__CAG-353;s__CAG-353 sp900066885	Bacteria	Bacillota_A	Clostridia	Oscillospirales	Ruminococcaceae	Ruminococcaceae CAG-353	Ruminococcaceae CAG-353 sp900066885
CAG00251	d__Bacteria;p__Bacteroidota;c__Bacteroidia;o__Bacteroidales;f__Rikenellaceae;g__Tidjanibacter;s__Tidjanibacter inops	Bacteria	Bacteroidota	Bacteroidia	Bacteroidales	Rikenellaceae	Tidjanibacter	Tidjanibacter inops
CAG00252	d__Bacteria;p__Pseudomonadota;c__Gammaproteobacteria;o__Burkholderiales;f__Burkholderiaceae_A;g__Sutterella;s__Sutterella sp905213905	Bacteria	Pseudomonadota	Gammaproteobacteria	Burkholderiales	Burkholderiaceae_A	Sutterella	Sutterella sp905213905
CAG00253	d__Bacteria;p__Bacillota;c__Bacilli;o__Lactobacillales;f__Streptococcaceae;g__Lactococcus;s__Lactococcus lactis	Bacteria	Bacillota	Bacilli	Lactobacillales	Streptococcaceae	Lactococcus	Lactococcus lactis
CAG00254	d__Bacteria;p__Bacillota_A;c__Clostridia;o__Lachnospirales;f__Lachnospiraceae;g__Ruminococcus_B;s__Ruminococcus_B gnavus	Bacteria	Bacillota_A	Clostridia	Lachnospirales	Lachnospiraceae	Ruminococcus_B	Ruminococcus_B gnavus
CAG00255	d__Bacteria;p__Bacillota_A;c__Clostridia;o__Lachnospirales;f__Lachnospiraceae;g__Blautia_A;s__Blautia_A intestinigallinarum	Bacteria	Bacillota_A	Clostridia	Lachnospirales	Lachnospiraceae	Blautia_A	Blautia_A intestinigallinarum
CAG00256	d__Bacteria;p__Bacillota_A;c__Clostridia;o__Lachnospirales;f__Lachnospiraceae;g__Frisingicoccus;s__	Bacteria	Bacillota_A	Clostridia	Lachnospirales	Lachnospiraceae	Frisingicoccus	Frisingicoccus sp.
CAG00257	d__Bacteria;p__Bacillota;c__Bacilli;o__Lactobacillales;f__Enterococcaceae;g__Enterococcus;s__Enterococcus faecalis	Bacteria	Bacillota	Bacilli	Lactobacillales	Enterococcaceae	Enterococcus	Enterococcus faecalis
CAG00258	d__;p__;c__;o__;f__;g__;s__	unclassified	unclassified	unclassified 	unclassified 	unclassified 	unclassified 	unclassified
CAG00259	d__Bacteria;p__Bacillota_A;c__Clostridia;o__Oscillospirales;f__Oscillospiraceae;g__Scatomorpha;s__Scatomorpha intestinigallinarum	Bacteria	Bacillota_A	Clostridia	Oscillospirales	Oscillospiraceae	Scatomorpha	Scatomorpha intestinigallinarum
CAG00260	d__Bacteria;p__Bacillota_C;c__Negativicutes;o__Acidaminococcales;f__Acidaminococcaceae;g__Acidaminococcus;s__Acidaminococcus intestini	Bacteria	Bacillota_C	Negativicutes	Acidaminococcales	Acidaminococcaceae	Acidaminococcus	Acidaminococcus intestini
CAG00261	d__Bacteria;p__Bacillota_A;c__Clostridia;o__Oscillospirales;f__Oscillospiraceae;g__Dysosmobacter;s__Dysosmobacter sp905200545	Bacteria	Bacillota_A	Clostridia	Oscillospirales	Oscillospiraceae	Dysosmobacter	Dysosmobacter sp905200545
CAG00262	d__Bacteria;p__Bacteroidota;c__Bacteroidia;o__Bacteroidales;f__Tannerellaceae;g__Parabacteroides;s__Parabacteroides intestinipullorum	Bacteria	Bacteroidota	Bacteroidia	Bacteroidales	Tannerellaceae	Parabacteroides	Parabacteroides intestinipullorum
CAG00263	d__Bacteria;p__Pseudomonadota;c__Gammaproteobacteria;o__Enterobacterales;f__Enterobacteriaceae;g__Klebsiella;s__Klebsiella michiganensis	Bacteria	Pseudomonadota	Gammaproteobacteria	Enterobacterales	Enterobacteriaceae	Klebsiella	Klebsiella michiganensis
CAG00264	d__Bacteria;p__Bacillota_A;c__Clostridia;o__Lachnospirales;f__Lachnospiraceae;g__Caccovicinus;s__Caccovicinus merdipullorum	Bacteria	Bacillota_A	Clostridia	Lachnospirales	Lachnospiraceae	Caccovicinus	Caccovicinus merdipullorum
CAG00265	d__Bacteria;p__Bacillota_A;c__Clostridia;o__Lachnospirales;f__Lachnospiraceae;g__CAG-194;s__CAG-194 sp000432915	Bacteria	Bacillota_A	Clostridia	Lachnospirales	Lachnospiraceae	Lachnospiraceae CAG-194	Lachnospiraceae CAG-194 sp000432915
CAG00266	d__Bacteria;p__Bacillota;c__Bacilli;o__Lactobacillales;f__Streptococcaceae;g__Streptococcus;s__Streptococcus lutetiensis	Bacteria	Bacillota	Bacilli	Lactobacillales	Streptococcaceae	Streptococcus	Streptococcus lutetiensis
CAG00267	d__Bacteria;p__Bacillota_A;c__Clostridia;o__Lachnospirales;f__Lachnospiraceae;g__Copromonas;s__Copromonas sp000435795	Bacteria	Bacillota_A	Clostridia	Lachnospirales	Lachnospiraceae	Copromonas	Copromonas sp000435795
CAG00268	d__Bacteria;p__Bacillota_A;c__Clostridia;o__Lachnospirales;f__Lachnospiraceae;g__Eisenbergiella;s__Eisenbergiella sp900066775	Bacteria	Bacillota_A	Clostridia	Lachnospirales	Lachnospiraceae	Eisenbergiella	Eisenbergiella sp900066775
CAG00269	d__Bacteria;p__Bacillota_A;c__Clostridia;o__Oscillospirales;f__Ruminococcaceae;g__CAG-115;s__CAG-115 sp000432175	Bacteria	Bacillota_A	Clostridia	Oscillospirales	Ruminococcaceae	Ruminococcaceae CAG-115	Ruminococcaceae CAG-115 sp000432175
CAG00270	d__Bacteria;p__Bacillota_A;c__Clostridia;o__Oscillospirales;f__Oscillospiraceae;g__Dysosmobacter;s__Dysosmobacter welbionis	Bacteria	Bacillota_A	Clostridia	Oscillospirales	Oscillospiraceae	Dysosmobacter	Dysosmobacter welbionis
CAG00271	d__Bacteria;p__Bacillota_A;c__Clostridia;o__Oscillospirales;f__Ruminococcaceae;g__Ruminococcus_C;s__Ruminococcus_C sp000980705	Bacteria	Bacillota_A	Clostridia	Oscillospirales	Ruminococcaceae	Ruminococcus_C	Ruminococcus_C sp000980705
CAG00272	d__Bacteria;p__Bacillota_A;c__Clostridia;o__Christensenellales;f__CAG-74;g__UBA11524;s__UBA11524 sp000437595	Bacteria	Bacillota_A	Clostridia	Christensenellales	Christensenellales CAG-74	Christensenellales CAG-74 UBA11524	Christensenellales CAG-74 UBA11524 sp000437595
CAG00273	d__Bacteria;p__Bacillota_A;c__Clostridia;o__Lachnospirales;f__Lachnospiraceae;g__Fusicatenibacter;s__Fusicatenibacter saccharivorans	Bacteria	Bacillota_A	Clostridia	Lachnospirales	Lachnospiraceae	Fusicatenibacter	Fusicatenibacter saccharivorans
CAG00274	d__Bacteria;p__Bacillota;c__Bacilli;o__Erysipelotrichales;f__Erysipelotrichaceae;g__Longicatena;s__Longicatena caecimuris	Bacteria	Bacillota	Bacilli	Erysipelotrichales	Erysipelotrichaceae	Longicatena	Longicatena caecimuris
CAG00275	d__Bacteria;p__Bacillota_A;c__Clostridia;o__Lachnospirales;f__Lachnospiraceae;g__Agathobacter;s__Agathobacter faecis	Bacteria	Bacillota_A	Clostridia	Lachnospirales	Lachnospiraceae	Agathobacter	Agathobacter faecis
CAG00276	d__Bacteria;p__Verrucomicrobiota;c__Verrucomicrobiae;o__Verrucomicrobiales;f__Akkermansiaceae;g__Akkermansia;s__Akkermansia sp900545155	Bacteria	Verrucomicrobiota	Verrucomicrobiae	Verrucomicrobiales	Akkermansiaceae	Akkermansia	Akkermansia sp900545155
CAG00277	d__Bacteria;p__Bacillota_A;c__Clostridia;o__Oscillospirales;f__Ruminococcaceae;g__Fournierella;s__Fournierella massiliensis	Bacteria	Bacillota_A	Clostridia	Oscillospirales	Ruminococcaceae	Fournierella	Fournierella massiliensis
CAG00278	d__Bacteria;p__Bacillota_A;c__Clostridia;o__Lachnospirales;f__Lachnospiraceae;g__Butyribacter;s__Butyribacter sp003524945	Bacteria	Bacillota_A	Clostridia	Lachnospirales	Lachnospiraceae	Butyribacter	Butyribacter sp003524945
CAG00279	d__Bacteria;p__Bacillota_A;c__Clostridia;o__Lachnospirales;f__Lachnospiraceae;g__Bacteroides_F;s__Bacteroides_F pectinophilus	Bacteria	Bacillota_A	Clostridia	Lachnospirales	Lachnospiraceae	Bacteroides_F	Bacteroides_F pectinophilus
CAG00280	d__Bacteria;p__Bacteroidota;c__Bacteroidia;o__Bacteroidales;f__Muribaculaceae;g__CAG-485;s__CAG-485 sp000437495	Bacteria	Bacteroidota	Bacteroidia	Bacteroidales	Muribaculaceae	Muribaculaceae CAG-485	Muribaculaceae CAG-485 sp000437495
CAG00281	d__Bacteria;p__Bacillota_A;c__Clostridia;o__Oscillospirales;f__CAG-272;g__HGM12650;s__HGM12650 sp900761725	Bacteria	Bacillota_A	Clostridia	Oscillospirales	Oscillospirales CAG-272	Oscillospirales CAG-272 HGM12650	Oscillospirales CAG-272 HGM12650 sp900761725
CAG00282	d__Bacteria;p__Bacillota_A;c__Clostridia;o__Lachnospirales;f__Lachnospiraceae;g__Butyribacter;s__Butyribacter huaianensis	Bacteria	Bacillota_A	Clostridia	Lachnospirales	Lachnospiraceae	Butyribacter	Butyribacter huaianensis
CAG00283	d__Bacteria;p__Bacillota_C;c__Negativicutes;o__Veillonellales;f__Megasphaeraceae;g__Megasphaera;s__Megasphaera sp000417505	Bacteria	Bacillota_C	Negativicutes	Veillonellales	Megasphaeraceae	Megasphaera	Megasphaera sp000417505
CAG00284	d__Bacteria;p__Bacillota_A;c__Clostridia;o__Lachnospirales;f__Lachnospiraceae;g__Blautia_A;s__Blautia_A faecis	Bacteria	Bacillota_A	Clostridia	Lachnospirales	Lachnospiraceae	Blautia_A	Blautia_A faecis
CAG00285	d__Bacteria;p__Bacteroidota;c__Bacteroidia;o__Bacteroidales;f__Bacteroidaceae;g__Phocaeicola;s__Phocaeicola faecium	Bacteria	Bacteroidota	Bacteroidia	Bacteroidales	Bacteroidaceae	Phocaeicola	Phocaeicola faecium
CAG00286	d__Bacteria;p__Bacillota_A;c__Clostridia;o__Oscillospirales;f__Acutalibacteraceae;g__Acutalibacter;s__Acutalibacter pullicola	Bacteria	Bacillota_A	Clostridia	Oscillospirales	Acutalibacteraceae	Acutalibacter	Acutalibacter pullicola
CAG00287	d__Bacteria;p__Bacteroidota;c__Bacteroidia;o__Bacteroidales;f__Bacteroidaceae;g__Prevotella;s__Prevotella sp000436595	Bacteria	Bacteroidota	Bacteroidia	Bacteroidales	Bacteroidaceae	Prevotella	Prevotella sp000436595
CAG00288	d__Bacteria;p__Bacillota_A;c__Clostridia;o__Lachnospirales;f__Lachnospiraceae;g__CAG-95;s__CAG-95 sp000438155	Bacteria	Bacillota_A	Clostridia	Lachnospirales	Lachnospiraceae	Lachnospiraceae CAG-95	Lachnospiraceae CAG-95 sp000438155
CAG00289	d__Bacteria;p__Bacteroidota;c__Bacteroidia;o__Bacteroidales;f__Muribaculaceae;g__Sodaliphilus;s__Sodaliphilus sp004557565	Bacteria	Bacteroidota	Bacteroidia	Bacteroidales	Muribaculaceae	Sodaliphilus	Sodaliphilus sp004557565
CAG00290	d__Bacteria;p__Bacteroidota;c__Bacteroidia;o__Bacteroidales;f__Bacteroidaceae;g__Prevotella;s__Prevotella sp002251385	Bacteria	Bacteroidota	Bacteroidia	Bacteroidales	Bacteroidaceae	Prevotella	Prevotella sp002251385
CAG00291	d__Bacteria;p__Bacillota_A;c__Clostridia;o__Lachnospirales;f__Lachnospiraceae;g__Roseburia;s__Roseburia intestinalis	Bacteria	Bacillota_A	Clostridia	Lachnospirales	Lachnospiraceae	Roseburia	Roseburia intestinalis
CAG00292	d__Bacteria;p__Bacillota_A;c__Clostridia;o__Christensenellales;f__CAG-138;g__RUG472;s__RUG472 sp900545265	Bacteria	Bacillota_A	Clostridia	Christensenellales	Christensenellales CAG-138	Christensenellales CAG-138 RUG472	Christensenellales CAG-138 RUG472 sp900545265
CAG00293	d__Bacteria;p__Bacillota_A;c__Clostridia;o__Peptostreptococcales;f__Anaerovoracaceae;g__Fimisoma;s__Fimisoma sp000435715	Bacteria	Bacillota_A	Clostridia	Peptostreptococcales	Anaerovoracaceae	Fimisoma	Fimisoma sp000435715
CAG00294	d__Bacteria;p__Bacillota_A;c__Clostridia;o__Oscillospirales;f__Oscillospiraceae;g__Scatomorpha;s__Scatomorpha sp900545405	Bacteria	Bacillota_A	Clostridia	Oscillospirales	Oscillospiraceae	Scatomorpha	Scatomorpha sp900545405
CAG00295	d__Bacteria;p__Bacteroidota;c__Bacteroidia;o__Bacteroidales;f__Bacteroidaceae;g__Prevotella;s__Prevotella sp000436035	Bacteria	Bacteroidota	Bacteroidia	Bacteroidales	Bacteroidaceae	Prevotella	Prevotella sp000436035
CAG00296	d__Bacteria;p__Bacillota;c__Bacilli;o__Haloplasmatales;f__Turicibacteraceae;g__Turicibacter;s__Turicibacter sanguinis	Bacteria	Bacillota	Bacilli	Haloplasmatales	Turicibacteraceae	Turicibacter	Turicibacter sanguinis
CAG00297	d__Bacteria;p__Bacillota_A;c__Clostridia;o__Oscillospirales;f__Ruminococcaceae;g__Faecalibacterium;s__Faecalibacterium prausnitzii_E	Bacteria	Bacillota_A	Clostridia	Oscillospirales	Ruminococcaceae	Faecalibacterium	Faecalibacterium prausnitzii_E
CAG00298	d__Bacteria;p__Bacteroidota;c__Bacteroidia;o__Bacteroidales;f__Bacteroidaceae;g__Bacteroides;s__Bacteroides intestinalis	Bacteria	Bacteroidota	Bacteroidia	Bacteroidales	Bacteroidaceae	Bacteroides	Bacteroides intestinalis
CAG00299	d__Bacteria;p__Pseudomonadota;c__Gammaproteobacteria;o__Burkholderiales;f__Burkholderiaceae_A;g__Turicimonas;s__Turicimonas muris	Bacteria	Pseudomonadota	Gammaproteobacteria	Burkholderiales	Burkholderiaceae_A	Turicimonas	Turicimonas muris
CAG00300	d__Bacteria;p__Bacteroidota;c__Bacteroidia;o__Bacteroidales;f__Bacteroidaceae;g__UBA6398;s__UBA6398 sp003150315	Bacteria	Bacteroidota	Bacteroidia	Bacteroidales	Bacteroidaceae	Bacteroidaceae UBA6398	Bacteroidaceae UBA6398 sp003150315
CAG00301	d__Bacteria;p__Verrucomicrobiota;c__Verrucomicrobiae;o__Verrucomicrobiales;f__Akkermansiaceae;g__Akkermansia;s__Akkermansia muciniphila	Bacteria	Verrucomicrobiota	Verrucomicrobiae	Verrucomicrobiales	Akkermansiaceae	Akkermansia	Akkermansia muciniphila
CAG00302	d__Bacteria;p__Pseudomonadota;c__Alphaproteobacteria;o__RF32;f__CAG-239;g__51-20;s__51-20 sp001917175	Bacteria	Pseudomonadota	Alphaproteobacteria	Alphaproteobacteria RF32	Alphaproteobacteria RF32 CAG-239	Alphaproteobacteria RF32 CAG-239 51-20	Alphaproteobacteria RF32 CAG-239 51-20 sp001917175
CAG00303	d__Bacteria;p__Bacillota_A;c__Clostridia;o__Clostridiales;f__Clostridiaceae;g__Clostridium;s__Clostridium sp900540255	Bacteria	Bacillota_A	Clostridia	Clostridiales	Clostridiaceae	Clostridium	Clostridium sp900540255
CAG00304	d__Bacteria;p__Bacillota_A;c__Clostridia;o__Oscillospirales;f__Acutalibacteraceae;g__UMGS856;s__UMGS856 sp900546265	Bacteria	Bacillota_A	Clostridia	Oscillospirales	Acutalibacteraceae	Acutalibacteraceae UMGS856	Acutalibacteraceae UMGS856 sp900546265
CAG00305	d__Bacteria;p__Bacillota_A;c__Clostridia;o__Oscillospirales;f__Oscillospiraceae;g__Intestinimonas;s__Intestinimonas butyriciproducens	Bacteria	Bacillota_A	Clostridia	Oscillospirales	Oscillospiraceae	Intestinimonas	Intestinimonas butyriciproducens
CAG00306	d__Bacteria;p__Bacillota_A;c__Clostridia;o__Clostridiales;f__Clostridiaceae;g__Clostridium;s__Clostridium sp000435835	Bacteria	Bacillota_A	Clostridia	Clostridiales	Clostridiaceae	Clostridium	Clostridium sp000435835
CAG00307	d__Bacteria;p__Bacillota_A;c__Clostridia;o__Lachnospirales;f__Lachnospiraceae;g__CAG-590;s__CAG-590 sp000431135	Bacteria	Bacillota_A	Clostridia	Lachnospirales	Lachnospiraceae	Lachnospiraceae CAG-590	Lachnospiraceae CAG-590 sp000431135
CAG00308	d__Bacteria;p__Bacillota_A;c__Clostridia;o__Oscillospirales;f__Oscillospiraceae;g__Limivicinus;s__Limivicinus sp900754515	Bacteria	Bacillota_A	Clostridia	Oscillospirales	Oscillospiraceae	Limivicinus	Limivicinus sp900754515
CAG00309	d__Bacteria;p__Bacteroidota;c__Bacteroidia;o__Bacteroidales;f__Rikenellaceae;g__Alistipes;s__Alistipes onderdonkii	Bacteria	Bacteroidota	Bacteroidia	Bacteroidales	Rikenellaceae	Alistipes	Alistipes onderdonkii
CAG00310	d__Bacteria;p__Pseudomonadota;c__Gammaproteobacteria;o__Burkholderiales;f__Burkholderiaceae_A;g__Sutterella;s__Sutterella parvirubra	Bacteria	Pseudomonadota	Gammaproteobacteria	Burkholderiales	Burkholderiaceae_A	Sutterella	Sutterella parvirubra
CAG00311	d__Bacteria;p__Bacillota_A;c__Clostridia;o__Lachnospirales;f__Lachnospiraceae;g__Faecalimonas;s__Faecalimonas phoceensis	Bacteria	Bacillota_A	Clostridia	Lachnospirales	Lachnospiraceae	Faecalimonas	Faecalimonas phoceensis
CAG00312	d__Bacteria;p__Bacteroidota;c__Bacteroidia;o__Bacteroidales;f__Muribaculaceae;g__CAG-485;s__CAG-485 sp002491165	Bacteria	Bacteroidota	Bacteroidia	Bacteroidales	Muribaculaceae	Muribaculaceae CAG-485	Muribaculaceae CAG-485 sp002491165
CAG00313	d__Bacteria;p__Verrucomicrobiota;c__Verrucomicrobiae;o__Opitutales;f__CAG-312;g__Merdousia;s__Merdousia sp000438015	Bacteria	Verrucomicrobiota	Verrucomicrobiae	Opitutales	Opitutales CAG-312	Merdousia	Merdousia sp000438015
CAG00314	d__Bacteria;p__Bacteroidota;c__Bacteroidia;o__Bacteroidales;f__Rikenellaceae;g__Alistipes;s__Alistipes sp902388705	Bacteria	Bacteroidota	Bacteroidia	Bacteroidales	Rikenellaceae	Alistipes	Alistipes sp902388705
CAG00315	d__Bacteria;p__Pseudomonadota;c__Gammaproteobacteria;o__Enterobacterales;f__Enterobacteriaceae;g__Citrobacter;s__Citrobacter portucalensis	Bacteria	Pseudomonadota	Gammaproteobacteria	Enterobacterales	Enterobacteriaceae	Citrobacter	Citrobacter portucalensis
CAG00316	d__Bacteria;p__Bacillota_A;c__Clostridia;o__Oscillospirales;f__Oscillospiraceae;g__Pelethomonas;s__Pelethomonas sp902373635	Bacteria	Bacillota_A	Clostridia	Oscillospirales	Oscillospiraceae	Pelethomonas	Pelethomonas sp902373635
CAG00317	d__Bacteria;p__Bacillota_A;c__Clostridia;o__Lachnospirales;f__Lachnospiraceae;g__Butyribacter;s__Butyribacter hominis	Bacteria	Bacillota_A	Clostridia	Lachnospirales	Lachnospiraceae	Butyribacter	Butyribacter hominis
CAG00318	d__Bacteria;p__Bacillota_A;c__Clostridia;o__Lachnospirales;f__Lachnospiraceae;g__CAG-510;s__CAG-510 sp000434615	Bacteria	Bacillota_A	Clostridia	Lachnospirales	Lachnospiraceae	Lachnospiraceae CAG-510	Lachnospiraceae CAG-510 sp000434615
CAG00319	d__Bacteria;p__Bacteroidota;c__Bacteroidia;o__Bacteroidales;f__Marinifilaceae;g__Butyricimonas;s__Butyricimonas sp900184685	Bacteria	Bacteroidota	Bacteroidia	Bacteroidales	Marinifilaceae	Butyricimonas	Butyricimonas sp900184685
CAG00320	d__Bacteria;p__Bacillota_C;c__Negativicutes;o__Acidaminococcales;f__Acidaminococcaceae;g__Phascolarctobacterium;s__Phascolarctobacterium faecium	Bacteria	Bacillota_C	Negativicutes	Acidaminococcales	Acidaminococcaceae	Phascolarctobacterium	Phascolarctobacterium faecium
CAG00321	d__Bacteria;p__Bacillota_A;c__Clostridia;o__Christensenellales;f__CAG-138;g__PeH17;s__PeH17 sp000435055	Bacteria	Bacillota_A	Clostridia	Christensenellales	Christensenellales CAG-138	Christensenellales CAG-138 PeH17	Christensenellales CAG-138 PeH17 sp000435055
CAG00322	d__Bacteria;p__Bacillota_A;c__Clostridia;o__Lachnospirales;f__Lachnospiraceae;g__V9D3004;s__V9D3004 sp900760345	Bacteria	Bacillota_A	Clostridia	Lachnospirales	Lachnospiraceae	Lachnospiraceae V9D3004	Lachnospiraceae V9D3004 sp900760345
CAG00323	d__Bacteria;p__Bacteroidota;c__Bacteroidia;o__Bacteroidales;f__Bacteroidaceae;g__Prevotella;s__Prevotella sp900543975	Bacteria	Bacteroidota	Bacteroidia	Bacteroidales	Bacteroidaceae	Prevotella	Prevotella sp900543975
CAG00324	d__Bacteria;p__Bacillota_A;c__Clostridia;o__Oscillospirales;f__Acutalibacteraceae;g__Acutalibacter;s__Acutalibacter ornithocaccae	Bacteria	Bacillota_A	Clostridia	Oscillospirales	Acutalibacteraceae	Acutalibacter	Acutalibacter ornithocaccae
CAG00325	d__Bacteria;p__Pseudomonadota;c__Gammaproteobacteria;o__Burkholderiales;f__Burkholderiaceae_A;g__Parasutterella;s__Parasutterella sp009767915	Bacteria	Pseudomonadota	Gammaproteobacteria	Burkholderiales	Burkholderiaceae_A	Parasutterella	Parasutterella sp009767915
CAG00326	d__Bacteria;p__Bacillota_A;c__Clostridia;o__Lachnospirales;f__Lachnospiraceae;g__CAG-882;s__CAG-882 sp003486385	Bacteria	Bacillota_A	Clostridia	Lachnospirales	Lachnospiraceae	Lachnospiraceae CAG-882	Lachnospiraceae CAG-882 sp003486385
CAG00327	d__Bacteria;p__Bacillota_A;c__Clostridia;o__Christensenellales;f__CAG-74;g__Limiplasma;s__Limiplasma merdipullorum	Bacteria	Bacillota_A	Clostridia	Christensenellales	Christensenellales CAG-74	Limiplasma	Limiplasma merdipullorum
CAG00328	d__Bacteria;p__Bacteroidota;c__Bacteroidia;o__Bacteroidales;f__Rikenellaceae;g__Alistipes_A;s__Alistipes_A indistinctus	Bacteria	Bacteroidota	Bacteroidia	Bacteroidales	Rikenellaceae	Alistipes_A	Alistipes_A indistinctus
CAG00329	d__Bacteria;p__Bacillota_A;c__Clostridia;o__Lachnospirales;f__Lachnospiraceae;g__Roseburia;s__Roseburia hominis	Bacteria	Bacillota_A	Clostridia	Lachnospirales	Lachnospiraceae	Roseburia	Roseburia hominis
CAG00330	d__Bacteria;p__Bacteroidota;c__Bacteroidia;o__Bacteroidales;f__Muribaculaceae;g__Muribaculum;s__Muribaculum sp003150235	Bacteria	Bacteroidota	Bacteroidia	Bacteroidales	Muribaculaceae	Muribaculum	Muribaculum sp003150235
CAG00331	d__Bacteria;p__Actinomycetota;c__Coriobacteriia;o__Coriobacteriales;f__Eggerthellaceae;g__Enteroscipio;s__Enteroscipio rubneri	Bacteria	Actinomycetota	Coriobacteriia	Coriobacteriales	Eggerthellaceae	Enteroscipio	Enteroscipio rubneri
CAG00332	d__Bacteria;p__Bacteroidota;c__Bacteroidia;o__Bacteroidales;f__Tannerellaceae;g__Parabacteroides;s__Parabacteroides sp900549585	Bacteria	Bacteroidota	Bacteroidia	Bacteroidales	Tannerellaceae	Parabacteroides	Parabacteroides sp900549585
CAG00333	d__Bacteria;p__Bacillota_A;c__Clostridia;o__Lachnospirales;f__Lachnospiraceae;g__Massilistercora;s__Massilistercora timonensis	Bacteria	Bacillota_A	Clostridia	Lachnospirales	Lachnospiraceae	Massilistercora	Massilistercora timonensis
CAG00334	d__Bacteria;p__Bacteroidota;c__Bacteroidia;o__Bacteroidales;f__Bacteroidaceae;g__Prevotella;s__Prevotella sp000436915	Bacteria	Bacteroidota	Bacteroidia	Bacteroidales	Bacteroidaceae	Prevotella	Prevotella sp000436915
CAG00335	d__Bacteria;p__Bacillota_A;c__Clostridia;o__Lachnospirales;f__Lachnospiraceae;g__Anaerostipes;s__Anaerostipes hadrus	Bacteria	Bacillota_A	Clostridia	Lachnospirales	Lachnospiraceae	Anaerostipes	Anaerostipes hadrus
CAG00336	d__Bacteria;p__Bacillota_A;c__Clostridia;o__Oscillospirales;f__CAG-272;g__UMGS731;s__UMGS731 sp900544985	Bacteria	Bacillota_A	Clostridia	Oscillospirales	Oscillospirales CAG-272	Oscillospirales CAG-272 UMGS731	Oscillospirales CAG-272 UMGS731 sp900544985
CAG00337	d__Bacteria;p__Bacillota_A;c__Clostridia;o__Oscillospirales;f__Ruminococcaceae;g__Faecalibacterium;s__Faecalibacterium sp900540455	Bacteria	Bacillota_A	Clostridia	Oscillospirales	Ruminococcaceae	Faecalibacterium	Faecalibacterium sp900540455
CAG00338	d__Bacteria;p__Bacillota_C;c__Negativicutes;o__Veillonellales;f__Megasphaeraceae;g__Caecibacter;s__Caecibacter massiliensis	Bacteria	Bacillota_C	Negativicutes	Veillonellales	Megasphaeraceae	Caecibacter	Caecibacter massiliensis
CAG00339	d__Bacteria;p__Bacillota_A;c__Clostridia;o__Oscillospirales;f__Oscillospiraceae;g__Faecousia;s__Faecousia sp900540635	Bacteria	Bacillota_A	Clostridia	Oscillospirales	Oscillospiraceae	Faecousia	Faecousia sp900540635
CAG00340	d__Bacteria;p__Bacillota_A;c__Clostridia;o__Oscillospirales;f__Ruminococcaceae;g__Negativibacillus;s__Negativibacillus sp900547015	Bacteria	Bacillota_A	Clostridia	Oscillospirales	Ruminococcaceae	Negativibacillus	Negativibacillus sp900547015
CAG00341	d__Bacteria;p__Bacillota_A;c__Clostridia;o__Oscillospirales;f__Ruminococcaceae;g__CAG-115;s__CAG-115 sp003531585	Bacteria	Bacillota_A	Clostridia	Oscillospirales	Ruminococcaceae	Ruminococcaceae CAG-115	Ruminococcaceae CAG-115 sp003531585
CAG00342	d__Bacteria;p__Actinomycetota;c__Actinomycetia;o__Actinomycetales;f__Bifidobacteriaceae;g__Bifidobacterium;s__Bifidobacterium pseudocatenulatum	Bacteria	Actinomycetota	Actinomycetia	Actinomycetales	Bifidobacteriaceae	Bifidobacterium	Bifidobacterium pseudocatenulatum
CAG00343	d__Bacteria;p__Bacteroidota;c__Bacteroidia;o__Bacteroidales;f__Bacteroidaceae;g__Phocaeicola;s__Phocaeicola sp000434735	Bacteria	Bacteroidota	Bacteroidia	Bacteroidales	Bacteroidaceae	Phocaeicola	Phocaeicola sp000434735
CAG00344	d__Bacteria;p__Bacteroidota;c__Bacteroidia;o__Bacteroidales;f__Muribaculaceae;g__Muribaculum;s__Muribaculum gordoncarteri	Bacteria	Bacteroidota	Bacteroidia	Bacteroidales	Muribaculaceae	Muribaculum	Muribaculum gordoncarteri
CAG00345	d__Bacteria;p__Bacillota_A;c__Clostridia;o__Lachnospirales;f__Lachnospiraceae;g__CAG-303;s__CAG-303 sp000437755	Bacteria	Bacillota_A	Clostridia	Lachnospirales	Lachnospiraceae	Lachnospiraceae CAG-303	Lachnospiraceae CAG-303 sp000437755
CAG00346	d__Bacteria;p__Bacillota_A;c__Clostridia;o__Lachnospirales;f__Lachnospiraceae;g__Agathobacter;s__Agathobacter sp905209075	Bacteria	Bacillota_A	Clostridia	Lachnospirales	Lachnospiraceae	Agathobacter	Agathobacter sp905209075
CAG00347	d__Bacteria;p__Bacillota;c__Bacilli;o__Lactobacillales;f__Enterococcaceae;g__Enterococcus_B;s__Enterococcus_B faecium	Bacteria	Bacillota	Bacilli	Lactobacillales	Enterococcaceae	Enterococcus_B	Enterococcus_B faecium
CAG00348	d__Bacteria;p__Bacillota_A;c__Clostridia;o__Oscillospirales;f__UBA644;g__UBA644;s__UBA644 sp002299265	Bacteria	Bacillota_A	Clostridia	Oscillospirales	Oscillospirales UBA644	Oscillospirales UBA644	Oscillospirales UBA644 sp002299265
CAG00349	d__Bacteria;p__Bacteroidota;c__Bacteroidia;o__Bacteroidales;f__Bacteroidaceae;g__Prevotella;s__Prevotella sp000431975	Bacteria	Bacteroidota	Bacteroidia	Bacteroidales	Bacteroidaceae	Prevotella	Prevotella sp000431975
CAG00350	d__Bacteria;p__Bacillota_A;c__Clostridia;o__;f__;g__;s__	Bacteria	Bacillota_A	Clostridia	unclassified Clostridia	unclassified Clostridia	unclassified Clostridia	Clostridia bacterium
CAG00351	d__Bacteria;p__Bacillota;c__Bacilli;o__Erysipelotrichales;f__Erysipelotrichaceae;g__Faecalicoccus;s__Faecalicoccus sp900546545	Bacteria	Bacillota	Bacilli	Erysipelotrichales	Erysipelotrichaceae	Faecalicoccus	Faecalicoccus sp900546545
CAG00352	d__Bacteria;p__Bacillota_C;c__Negativicutes;o__Acidaminococcales;f__Acidaminococcaceae;g__Acidaminococcus;s__Acidaminococcus provencensis	Bacteria	Bacillota_C	Negativicutes	Acidaminococcales	Acidaminococcaceae	Acidaminococcus	Acidaminococcus provencensis
CAG00353	d__Bacteria;p__Bacillota_A;c__Clostridia;o__Lachnospirales;f__Lachnospiraceae;g__Lachnospira;s__Lachnospira sp000436535	Bacteria	Bacillota_A	Clostridia	Lachnospirales	Lachnospiraceae	Lachnospira	Lachnospira sp000436535
CAG00354	d__Bacteria;p__Bacteroidota;c__Bacteroidia;o__Bacteroidales;f__Rikenellaceae;g__Alistipes_A;s__Alistipes_A pullicola	Bacteria	Bacteroidota	Bacteroidia	Bacteroidales	Rikenellaceae	Alistipes_A	Alistipes_A pullicola
CAG00355	d__Bacteria;p__Bacteroidota;c__Bacteroidia;o__Bacteroidales;f__Bacteroidaceae;g__Mediterranea;s__Mediterranea massiliensis	Bacteria	Bacteroidota	Bacteroidia	Bacteroidales	Bacteroidaceae	Mediterranea	Mediterranea massiliensis
CAG00356	d__Bacteria;p__Bacillota_A;c__Clostridia;o__Oscillospirales;f__Acutalibacteraceae;g__UMGS1484;s__UMGS1484 sp902388225	Bacteria	Bacillota_A	Clostridia	Oscillospirales	Acutalibacteraceae	Acutalibacteraceae UMGS1484	Acutalibacteraceae UMGS1484 sp902388225
CAG00357	d__Bacteria;p__Bacteroidota;c__Bacteroidia;o__Bacteroidales;f__Bacteroidaceae;g__Bacteroides;s__Bacteroides ovatus	Bacteria	Bacteroidota	Bacteroidia	Bacteroidales	Bacteroidaceae	Bacteroides	Bacteroides ovatus
CAG00358	d__Bacteria;p__Bacillota_A;c__Clostridia;o__Lachnospirales;f__Lachnospiraceae;g__CAG-632;s__CAG-632 sp000431515	Bacteria	Bacillota_A	Clostridia	Lachnospirales	Lachnospiraceae	Lachnospiraceae CAG-632	Lachnospiraceae CAG-632 sp000431515
CAG00359	d__Bacteria;p__Bacteroidota;c__Bacteroidia;o__Bacteroidales;f__Muribaculaceae;g__CAG-873;s__CAG-873 sp900554715	Bacteria	Bacteroidota	Bacteroidia	Bacteroidales	Muribaculaceae	Muribaculaceae CAG-873	Muribaculaceae CAG-873 sp900554715
CAG00360	d__Bacteria;p__Bacteroidota;c__Bacteroidia;o__Bacteroidales;f__Rikenellaceae;g__Alistipes;s__Alistipes finegoldii	Bacteria	Bacteroidota	Bacteroidia	Bacteroidales	Rikenellaceae	Alistipes	Alistipes finegoldii
CAG00361	d__Bacteria;p__Bacillota_C;c__Negativicutes;o__Acidaminococcales;f__Acidaminococcaceae;g__Acidaminococcus;s__Acidaminococcus massiliensis	Bacteria	Bacillota_C	Negativicutes	Acidaminococcales	Acidaminococcaceae	Acidaminococcus	Acidaminococcus massiliensis
CAG00362	d__Bacteria;p__Pseudomonadota;c__Gammaproteobacteria;o__Burkholderiales;f__Burkholderiaceae_A;g__Mesosutterella;s__Mesosutterella multiformis	Bacteria	Pseudomonadota	Gammaproteobacteria	Burkholderiales	Burkholderiaceae_A	Mesosutterella	Mesosutterella multiformis
CAG00363	d__Bacteria;p__Bacillota_A;c__Clostridia;o__Oscillospirales;f__Oscillospiraceae;g__Intestinimonas;s__	Bacteria	Bacillota_A	Clostridia	Oscillospirales	Oscillospiraceae	Intestinimonas	Intestinimonas sp.
CAG00364	d__Bacteria;p__Bacillota_A;c__Clostridia;o__Lachnospirales;f__Lachnospiraceae;g__Blautia;s__Blautia hansenii	Bacteria	Bacillota_A	Clostridia	Lachnospirales	Lachnospiraceae	Blautia	Blautia hansenii
CAG00365	d__Bacteria;p__Cyanobacteriota;c__Vampirovibrionia;o__Gastranaerophilales;f__Gastranaerophilaceae;g__Spyradomonas;s__Spyradomonas excrementavium	Bacteria	Cyanobacteriota	Vampirovibrionia	Gastranaerophilales	Gastranaerophilaceae	Spyradomonas	Spyradomonas excrementavium
CAG00366	d__Bacteria;p__Bacillota_A;c__Clostridia;o__Lachnospirales;f__Lachnospiraceae;g__Bariatricus;s__Bariatricus comes	Bacteria	Bacillota_A	Clostridia	Lachnospirales	Lachnospiraceae	Bariatricus	Bariatricus comes
CAG00367	d__Bacteria;p__Bacillota_A;c__Clostridia;o__Oscillospirales;f__Oscillospiraceae;g__CAG-170;s__CAG-170 sp000436735	Bacteria	Bacillota_A	Clostridia	Oscillospirales	Oscillospiraceae	Oscillospiraceae CAG-170	Oscillospiraceae CAG-170 sp000436735
CAG00368	d__Bacteria;p__Bacteroidota;c__Bacteroidia;o__Bacteroidales;f__Rikenellaceae;g__Alistipes_A;s__Alistipes_A sp900545315	Bacteria	Bacteroidota	Bacteroidia	Bacteroidales	Rikenellaceae	Alistipes_A	Alistipes_A sp900545315
CAG00369	d__Bacteria;p__Bacillota_A;c__Clostridia;o__Lachnospirales;f__Lachnospiraceae;g__Blautia_A;s__Blautia_A caecimuris	Bacteria	Bacillota_A	Clostridia	Lachnospirales	Lachnospiraceae	Blautia_A	Blautia_A caecimuris
CAG00370	d__Bacteria;p__Bacteroidota;c__Bacteroidia;o__Bacteroidales;f__Muribaculaceae;g__UBA7173;s__UBA7173 sp905207535	Bacteria	Bacteroidota	Bacteroidia	Bacteroidales	Muribaculaceae	Muribaculaceae UBA7173	Muribaculaceae UBA7173 sp905207535
CAG00371	d__Bacteria;p__Bacteroidota;c__Bacteroidia;o__Bacteroidales;f__Bacteroidaceae;g__Phocaeicola;s__Phocaeicola dorei	Bacteria	Bacteroidota	Bacteroidia	Bacteroidales	Bacteroidaceae	Phocaeicola	Phocaeicola dorei
CAG00372	d__Bacteria;p__Bacillota_A;c__Clostridia;o__Lachnospirales;f__Anaerotignaceae;g__Metalachnospira;s__Metalachnospira sp902406135	Bacteria	Bacillota_A	Clostridia	Lachnospirales	Anaerotignaceae	Metalachnospira	Metalachnospira sp902406135
CAG00373	d__Bacteria;p__Bacillota_A;c__Clostridia;o__Oscillospirales;f__Oscillospiraceae;g__Pelethomonas;s__Pelethomonas sp944387775	Bacteria	Bacillota_A	Clostridia	Oscillospirales	Oscillospiraceae	Pelethomonas	Pelethomonas sp944387775
CAG00374	d__Bacteria;p__Bacillota_A;c__Clostridia;o__Lachnospirales;f__Lachnospiraceae;g__Lachnospira;s__Lachnospira sp900545725	Bacteria	Bacillota_A	Clostridia	Lachnospirales	Lachnospiraceae	Lachnospira	Lachnospira sp900545725
CAG00375	d__Bacteria;p__Bacteroidota;c__Bacteroidia;o__Bacteroidales;f__Bacteroidaceae;g__Prevotella;s__Prevotella sp003447235	Bacteria	Bacteroidota	Bacteroidia	Bacteroidales	Bacteroidaceae	Prevotella	Prevotella sp003447235
CAG00376	d__Bacteria;p__Bacteroidota;c__Bacteroidia;o__Bacteroidales;f__Bacteroidaceae;g__Phocaeicola;s__Phocaeicola sp000432735	Bacteria	Bacteroidota	Bacteroidia	Bacteroidales	Bacteroidaceae	Phocaeicola	Phocaeicola sp000432735
CAG00377	d__Bacteria;p__Desulfobacterota;c__Desulfovibrionia;o__Desulfovibrionales;f__Desulfovibrionaceae;g__Desulfovibrio;s__Desulfovibrio fairfieldensis	Bacteria	Desulfobacterota	Desulfovibrionia	Desulfovibrionales	Desulfovibrionaceae	Desulfovibrio	Desulfovibrio fairfieldensis
CAG00378	d__Bacteria;p__Bacteroidota;c__Bacteroidia;o__Bacteroidales;f__Bacteroidaceae;g__Phocaeicola;s__Phocaeicola barnesiae	Bacteria	Bacteroidota	Bacteroidia	Bacteroidales	Bacteroidaceae	Phocaeicola	Phocaeicola barnesiae
CAG00379	d__Bacteria;p__Bacteroidota;c__Bacteroidia;o__Bacteroidales;f__Bacteroidaceae;g__Prevotella;s__Prevotella sp900554695	Bacteria	Bacteroidota	Bacteroidia	Bacteroidales	Bacteroidaceae	Prevotella	Prevotella sp900554695
CAG00380	d__Bacteria;p__Bacteroidota;c__Bacteroidia;o__Bacteroidales;f__Bacteroidaceae;g__Prevotella;s__Prevotella sp900553595	Bacteria	Bacteroidota	Bacteroidia	Bacteroidales	Bacteroidaceae	Prevotella	Prevotella sp900553595
CAG00381	d__Bacteria;p__Bacillota_A;c__Clostridia;o__Oscillospirales;f__Ruminococcaceae;g__Negativibacillus;s__Negativibacillus massiliensis	Bacteria	Bacillota_A	Clostridia	Oscillospirales	Ruminococcaceae	Negativibacillus	Negativibacillus massiliensis
CAG00382	d__Bacteria;p__Bacillota_A;c__Clostridia;o__Oscillospirales;f__Butyricicoccaceae;g__Butyricicoccus_A;s__Butyricicoccus_A intestinisimiae	Bacteria	Bacillota_A	Clostridia	Oscillospirales	Butyricicoccaceae	Butyricicoccus_A	Butyricicoccus_A intestinisimiae
CAG00383	d__Bacteria;p__Bacteroidota;c__Bacteroidia;o__Bacteroidales;f__Bacteroidaceae;g__Phocaeicola;s__Phocaeicola sp000436795	Bacteria	Bacteroidota	Bacteroidia	Bacteroidales	Bacteroidaceae	Phocaeicola	Phocaeicola sp000436795
CAG00384	d__Bacteria;p__Bacteroidota;c__Bacteroidia;o__Bacteroidales;f__Rikenellaceae;g__Alistipes;s__Alistipes shahii	Bacteria	Bacteroidota	Bacteroidia	Bacteroidales	Rikenellaceae	Alistipes	Alistipes shahii
CAG00385	d__Bacteria;p__Bacillota_A;c__Clostridia;o__Oscillospirales;f__Butyricicoccaceae;g__Agathobaculum;s__Agathobaculum desmolans	Bacteria	Bacillota_A	Clostridia	Oscillospirales	Butyricicoccaceae	Agathobaculum	Agathobaculum desmolans
CAG00386	d__Bacteria;p__Bacillota_A;c__Clostridia;o__UMGS1810;f__UMGS1810;g__NSJ-50;s__NSJ-50 sp014385105	Bacteria	Bacillota_A	Clostridia	Clostridia UMGS1810	Clostridia UMGS1810	Clostridia UMGS1810 NSJ-50	Clostridia UMGS1810 NSJ-50 sp014385105
CAG00387	d__Bacteria;p__Bacillota_A;c__Clostridia;o__Lachnospirales;f__Lachnospiraceae;g__Pararoseburia;s__Pararoseburia lenta	Bacteria	Bacillota_A	Clostridia	Lachnospirales	Lachnospiraceae	Pararoseburia	Pararoseburia lenta
CAG00388	d__Bacteria;p__Bacillota_A;c__Clostridia;o__Oscillospirales;f__Oscillospiraceae;g__HGM13006;s__HGM13006 sp905201305	Bacteria	Bacillota_A	Clostridia	Oscillospirales	Oscillospiraceae	Oscillospiraceae HGM13006	Oscillospiraceae HGM13006 sp905201305
CAG00389	d__Bacteria;p__Cyanobacteriota;c__Vampirovibrionia;o__Gastranaerophilales;f__Gastranaerophilaceae;g__Stercorousia;s__Stercorousia faecigallinarum	Bacteria	Cyanobacteriota	Vampirovibrionia	Gastranaerophilales	Gastranaerophilaceae	Stercorousia	Stercorousia faecigallinarum
CAG00390	d__Bacteria;p__Bacillota_A;c__Clostridia;o__Lachnospirales;f__Lachnospiraceae;g__Butyrivibrio_A;s__Butyrivibrio_A sp000431815	Bacteria	Bacillota_A	Clostridia	Lachnospirales	Lachnospiraceae	Butyrivibrio_A	Butyrivibrio_A sp000431815
CAG00391	d__Bacteria;p__Bacillota_A;c__Clostridia;o__Christensenellales;f__CAG-138;g__UBA1685;s__UBA1685 sp002320595	Bacteria	Bacillota_A	Clostridia	Christensenellales	Christensenellales CAG-138	Christensenellales CAG-138 UBA1685	Christensenellales CAG-138 UBA1685 sp002320595
CAG00392	d__Bacteria;p__Bacillota_A;c__Clostridia;o__Oscillospirales;f__CAG-272;g__UMGS1002;s__UMGS1002 sp900547565	Bacteria	Bacillota_A	Clostridia	Oscillospirales	Oscillospirales CAG-272	Oscillospirales CAG-272 UMGS1002	Oscillospirales CAG-272 UMGS1002 sp900547565
CAG00393	d__Bacteria;p__Bacillota_A;c__Clostridia;o__Lachnospirales;f__Lachnospiraceae;g__Lachnospira;s__Lachnospira sp900316325	Bacteria	Bacillota_A	Clostridia	Lachnospirales	Lachnospiraceae	Lachnospira	Lachnospira sp900316325
CAG00394	d__Bacteria;p__Bacillota_A;c__Clostridia;o__Oscillospirales;f__CAG-382;g__UBA1752;s__UBA1752 sp900554405	Bacteria	Bacillota_A	Clostridia	Oscillospirales	Oscillospirales CAG-382	Oscillospirales CAG-382 UBA1752	Oscillospirales CAG-382 UBA1752 sp900554405
CAG00395	d__Bacteria;p__Bacteroidota;c__Bacteroidia;o__Bacteroidales;f__Bacteroidaceae;g__Phocaeicola;s__Phocaeicola sp900542985	Bacteria	Bacteroidota	Bacteroidia	Bacteroidales	Bacteroidaceae	Phocaeicola	Phocaeicola sp900542985
CAG00396	d__Bacteria;p__Bacillota_A;c__Clostridia;o__Oscillospirales;f__Oscillospiraceae;g__Scatomorpha;s__Scatomorpha pullicola	Bacteria	Bacillota_A	Clostridia	Oscillospirales	Oscillospiraceae	Scatomorpha	Scatomorpha pullicola
CAG00397	d__Bacteria;p__Cyanobacteriota;c__Vampirovibrionia;o__Gastranaerophilales;f__Gastranaerophilaceae;g__Scatousia;s__Scatousia sp000431315	Bacteria	Cyanobacteriota	Vampirovibrionia	Gastranaerophilales	Gastranaerophilaceae	Scatousia	Scatousia sp000431315
CAG00398	d__Bacteria;p__Bacillota_A;c__Clostridia;o__Lachnospirales;f__Lachnospiraceae;g__Ventrimonas;s__Ventrimonas sp003506385	Bacteria	Bacillota_A	Clostridia	Lachnospirales	Lachnospiraceae	Ventrimonas	Ventrimonas sp003506385
CAG00399	d__Bacteria;p__Bacillota_A;c__Clostridia;o__Oscillospirales;f__Ruminococcaceae;g__Ruminococcus;s__Ruminococcus sp900540005	Bacteria	Bacillota_A	Clostridia	Oscillospirales	Ruminococcaceae	Ruminococcus	Ruminococcus sp900540005
CAG00400	d__Bacteria;p__Bacillota_A;c__Clostridia;o__Oscillospirales;f__Ruminococcaceae;g__Ruminococcus_C;s__Ruminococcus_C sp000437175	Bacteria	Bacillota_A	Clostridia	Oscillospirales	Ruminococcaceae	Ruminococcus_C	Ruminococcus_C sp000437175
CAG00401	d__Bacteria;p__Bacteroidota;c__Bacteroidia;o__Bacteroidales;f__Bacteroidaceae;g__Prevotella;s__Prevotella pectinovora	Bacteria	Bacteroidota	Bacteroidia	Bacteroidales	Bacteroidaceae	Prevotella	Prevotella pectinovora
CAG00402	d__Bacteria;p__Bacillota_A;c__Clostridia;o__Oscillospirales;f__Oscillospiraceae;g__Scatomorpha;s__Scatomorpha merdavium	Bacteria	Bacillota_A	Clostridia	Oscillospirales	Oscillospiraceae	Scatomorpha	Scatomorpha merdavium
CAG00403	d__Bacteria;p__Bacillota_A;c__Clostridia;o__Oscillospirales;f__Acutalibacteraceae;g__CAG-964;s__CAG-964 sp000435335	Bacteria	Bacillota_A	Clostridia	Oscillospirales	Acutalibacteraceae	Acutalibacteraceae CAG-964	Acutalibacteraceae CAG-964 sp000435335
CAG00404	d__Bacteria;p__Bacillota_A;c__Clostridia;o__Oscillospirales;f__Acutalibacteraceae;g__UBA1417;s__UBA1417 sp900552925	Bacteria	Bacillota_A	Clostridia	Oscillospirales	Acutalibacteraceae	Acutalibacteraceae UBA1417	Acutalibacteraceae UBA1417 sp900552925
CAG00405	d__Bacteria;p__Bacillota_A;c__Clostridia;o__Oscillospirales;f__Oscillospiraceae;g__CAG-170;s__CAG-170 sp900548625	Bacteria	Bacillota_A	Clostridia	Oscillospirales	Oscillospiraceae	Oscillospiraceae CAG-170	Oscillospiraceae CAG-170 sp900548625
CAG00406	d__Bacteria;p__Bacillota_A;c__Clostridia;o__Oscillospirales;f__CAG-272;g__QALR01;s__QALR01 sp900553085	Bacteria	Bacillota_A	Clostridia	Oscillospirales	Oscillospirales CAG-272	Oscillospirales CAG-272 QALR01	Oscillospirales CAG-272 QALR01 sp900553085
CAG00407	d__Bacteria;p__Bacillota_A;c__Clostridia;o__Lachnospirales;f__Lachnospiraceae;g__Ventrimonas;s__Ventrimonas sp900538475	Bacteria	Bacillota_A	Clostridia	Lachnospirales	Lachnospiraceae	Ventrimonas	Ventrimonas sp900538475
CAG00408	d__Bacteria;p__Bacillota_A;c__Clostridia;o__Lachnospirales;f__Lachnospiraceae;g__Butyribacter;s__Butyribacter sp003529475	Bacteria	Bacillota_A	Clostridia	Lachnospirales	Lachnospiraceae	Butyribacter	Butyribacter sp003529475
CAG00409	d__Bacteria;p__Bacillota_A;c__Clostridia;o__Oscillospirales;f__Ruminococcaceae;g__UBA1394;s__UBA1394 sp900538575	Bacteria	Bacillota_A	Clostridia	Oscillospirales	Ruminococcaceae	Ruminococcaceae UBA1394	Ruminococcaceae UBA1394 sp900538575
CAG00410	d__Bacteria;p__Bacillota;c__Bacilli;o__Erysipelotrichales;f__Erysipelotrichaceae;g__Amedibacterium;s__Amedibacterium intestinale	Bacteria	Bacillota	Bacilli	Erysipelotrichales	Erysipelotrichaceae	Amedibacterium	Amedibacterium intestinale
CAG00411	d__Bacteria;p__Bacillota_A;c__Clostridia;o__Lachnospirales;f__Lachnospiraceae;g__Roseburia;s__Roseburia sp003470905	Bacteria	Bacillota_A	Clostridia	Lachnospirales	Lachnospiraceae	Roseburia	Roseburia sp003470905
CAG00412	d__Bacteria;p__Bacteroidota;c__Bacteroidia;o__Bacteroidales;f__Bacteroidaceae;g__Prevotella;s__Prevotella sp900548745	Bacteria	Bacteroidota	Bacteroidia	Bacteroidales	Bacteroidaceae	Prevotella	Prevotella sp900548745
CAG00413	d__Bacteria;p__Bacteroidota;c__Bacteroidia;o__Bacteroidales;f__UBA11471;g__UBA11471;s__UBA11471 sp000434215	Bacteria	Bacteroidota	Bacteroidia	Bacteroidales	Bacteroidales UBA11471	Bacteroidales UBA11471	Bacteroidales UBA11471 sp000434215
CAG00414	d__Bacteria;p__Bacillota_A;c__Clostridia;o__Lachnospirales;f__Lachnospiraceae;g__Lachnospira;s__Lachnospira rogosae	Bacteria	Bacillota_A	Clostridia	Lachnospirales	Lachnospiraceae	Lachnospira	Lachnospira rogosae
CAG00415	d__Bacteria;p__Desulfobacterota;c__Desulfovibrionia;o__Desulfovibrionales;f__Desulfovibrionaceae;g__Desulfovibrio;s__Desulfovibrio porci	Bacteria	Desulfobacterota	Desulfovibrionia	Desulfovibrionales	Desulfovibrionaceae	Desulfovibrio	Desulfovibrio porci
CAG00416	d__Bacteria;p__Pseudomonadota;c__Gammaproteobacteria;o__Enterobacterales;f__Enterobacteriaceae;g__Enterobacter;s__Enterobacter hormaechei_A	Bacteria	Pseudomonadota	Gammaproteobacteria	Enterobacterales	Enterobacteriaceae	Enterobacter	Enterobacter hormaechei_A
CAG00417	d__Bacteria;p__Bacillota_C;c__Negativicutes;o__Selenomonadales;f__Selenomonadaceae;g__Megamonas;s__Megamonas funiformis	Bacteria	Bacillota_C	Negativicutes	Selenomonadales	Selenomonadaceae	Megamonas	Megamonas funiformis
CAG00418	d__Bacteria;p__Bacillota_A;c__Clostridia;o__Oscillospirales;f__CAG-272;g__CAG-390;s__CAG-390 sp900753295	Bacteria	Bacillota_A	Clostridia	Oscillospirales	Oscillospirales CAG-272	Oscillospirales CAG-272 CAG-390	Oscillospirales CAG-272 CAG-390 sp900753295
CAG00419	d__Bacteria;p__Bacillota_A;c__Clostridia;o__Oscillospirales;f__Butyricicoccaceae;g__Butyricicoccus;s__Butyricicoccus pullicaecorum	Bacteria	Bacillota_A	Clostridia	Oscillospirales	Butyricicoccaceae	Butyricicoccus	Butyricicoccus pullicaecorum
CAG00420	d__Bacteria;p__Bacillota_A;c__Clostridia;o__Christensenellales;f__Borkfalkiaceae;g__Scatosoma;s__Scatosoma sp900552625	Bacteria	Bacillota_A	Clostridia	Christensenellales	Borkfalkiaceae	Scatosoma	Scatosoma sp900552625
CAG00421	d__Bacteria;p__Bacteroidota;c__Bacteroidia;o__Bacteroidales;f__Rikenellaceae;g__Alistipes;s__Alistipes excrementigallinarum	Bacteria	Bacteroidota	Bacteroidia	Bacteroidales	Rikenellaceae	Alistipes	Alistipes excrementigallinarum
CAG00422	d__Bacteria;p__Bacillota_A;c__Clostridia;o__Oscillospirales;f__Oscillospiraceae;g__Vescimonas;s__Vescimonas sp900313295	Bacteria	Bacillota_A	Clostridia	Oscillospirales	Oscillospiraceae	Vescimonas	Vescimonas sp900313295
CAG00423	d__Bacteria;p__Bacillota_C;c__Negativicutes;o__Veillonellales;f__Dialisteraceae;g__Dialister;s__Dialister sp900541605	Bacteria	Bacillota_C	Negativicutes	Veillonellales	Dialisteraceae	Dialister	Dialister sp900541605
CAG00424	d__Bacteria;p__Bacillota_A;c__Clostridia;o__Oscillospirales;f__Oscillospiraceae;g__Faecousia;s__Faecousia sp000435995	Bacteria	Bacillota_A	Clostridia	Oscillospirales	Oscillospiraceae	Faecousia	Faecousia sp000435995
CAG00425	d__Bacteria;p__Bacteroidota;c__Bacteroidia;o__Bacteroidales;f__Tannerellaceae;g__Parabacteroides;s__Parabacteroides sp900548175	Bacteria	Bacteroidota	Bacteroidia	Bacteroidales	Tannerellaceae	Parabacteroides	Parabacteroides sp900548175
CAG00426	d__Bacteria;p__Bacteroidota;c__Bacteroidia;o__Bacteroidales;f__Bacteroidaceae;g__Paraprevotella;s__Paraprevotella clara	Bacteria	Bacteroidota	Bacteroidia	Bacteroidales	Bacteroidaceae	Paraprevotella	Paraprevotella clara
CAG00427	d__Bacteria;p__Bacillota_A;c__Clostridia;o__Lachnospirales;f__Lachnospiraceae;g__CAG-882;s__CAG-882 sp900545175	Bacteria	Bacillota_A	Clostridia	Lachnospirales	Lachnospiraceae	Lachnospiraceae CAG-882	Lachnospiraceae CAG-882 sp900545175
CAG00428	d__Bacteria;p__Bacillota_A;c__Clostridia;o__Lachnospirales;f__Lachnospiraceae;g__CAG-603;s__CAG-603 sp900066105	Bacteria	Bacillota_A	Clostridia	Lachnospirales	Lachnospiraceae	Lachnospiraceae CAG-603	Lachnospiraceae CAG-603 sp900066105
CAG00429	d__Bacteria;p__Bacillota_A;c__Clostridia;o__Lachnospirales;f__Lachnospiraceae;g__Lachnospira;s__Lachnospira sp000436475	Bacteria	Bacillota_A	Clostridia	Lachnospirales	Lachnospiraceae	Lachnospira	Lachnospira sp000436475
CAG00430	d__Bacteria;p__Bacillota;c__Bacilli;o__Lactobacillales;f__Lactobacillaceae;g__Ligilactobacillus;s__Ligilactobacillus salivarius	Bacteria	Bacillota	Bacilli	Lactobacillales	Lactobacillaceae	Ligilactobacillus	Ligilactobacillus salivarius
CAG00431	d__Bacteria;p__Bacillota_A;c__Clostridia;o__Oscillospirales;f__CAG-272;g__UMGS1225;s__UMGS1225 sp900549725	Bacteria	Bacillota_A	Clostridia	Oscillospirales	Oscillospirales CAG-272	Oscillospirales CAG-272 UMGS1225	Oscillospirales CAG-272 UMGS1225 sp900549725
CAG00432	d__Bacteria;p__Bacteroidota;c__Bacteroidia;o__Bacteroidales;f__Rikenellaceae;g__Alistipes_A;s__Alistipes_A pullistercoris	Bacteria	Bacteroidota	Bacteroidia	Bacteroidales	Rikenellaceae	Alistipes_A	Alistipes_A pullistercoris
CAG00433	d__Bacteria;p__Bacillota_A;c__Clostridia;o__Lachnospirales;f__Lachnospiraceae;g__Ventrimonas;s__Ventrimonas sp900555625	Bacteria	Bacillota_A	Clostridia	Lachnospirales	Lachnospiraceae	Ventrimonas	Ventrimonas sp900555625
CAG00434	d__Bacteria;p__Bacillota_A;c__Clostridia;o__Oscillospirales;f__Ruminococcaceae;g__Ruminococcus_F;s__Ruminococcus_F champanellensis	Bacteria	Bacillota_A	Clostridia	Oscillospirales	Ruminococcaceae	Ruminococcus_F	Ruminococcus_F champanellensis
CAG00435	d__Bacteria;p__Bacillota_A;c__Clostridia;o__Oscillospirales;f__Oscillospiraceae;g__Dysosmobacter;s__	Bacteria	Bacillota_A	Clostridia	Oscillospirales	Oscillospiraceae	Dysosmobacter	Dysosmobacter sp.
CAG00436	d__Bacteria;p__Bacillota_A;c__Clostridia;o__Lachnospirales;f__Lachnospiraceae;g__Clostridium_Q;s__Clostridium_Q sp000435655	Bacteria	Bacillota_A	Clostridia	Lachnospirales	Lachnospiraceae	Clostridium_Q	Clostridium_Q sp000435655
CAG00437	d__Bacteria;p__Pseudomonadota;c__Gammaproteobacteria;o__Burkholderiales;f__Burkholderiaceae_A;g__Duodenibacillus;s__Duodenibacillus sp900552545	Bacteria	Pseudomonadota	Gammaproteobacteria	Burkholderiales	Burkholderiaceae_A	Duodenibacillus	Duodenibacillus sp900552545
CAG00438	d__Bacteria;p__Bacteroidota;c__Bacteroidia;o__Bacteroidales;f__Muribaculaceae;g__HGM05232;s__HGM05232 sp900759955	Bacteria	Bacteroidota	Bacteroidia	Bacteroidales	Muribaculaceae	Muribaculaceae HGM05232	Muribaculaceae HGM05232 sp900759955
CAG00439	d__Bacteria;p__Bacillota_A;c__Clostridia;o__Oscillospirales;f__Oscillospiraceae;g__NSJ-51;s__NSJ-51 sp900549795	Bacteria	Bacillota_A	Clostridia	Oscillospirales	Oscillospiraceae	Oscillospiraceae NSJ-51	Oscillospiraceae NSJ-51 sp900549795
CAG00440	d__Bacteria;p__Bacteroidota;c__Bacteroidia;o__Bacteroidales;f__Bacteroidaceae;g__Mediterranea;s__Mediterranea pullorum	Bacteria	Bacteroidota	Bacteroidia	Bacteroidales	Bacteroidaceae	Mediterranea	Mediterranea pullorum
CAG00441	d__Bacteria;p__Bacillota_A;c__Clostridia;o__Lachnospirales;f__Lachnospiraceae;g__Limivivens;s__Limivivens sp900543575	Bacteria	Bacillota_A	Clostridia	Lachnospirales	Lachnospiraceae	Limivivens	Limivivens sp900543575
CAG00442	d__Bacteria;p__Bacillota_A;c__Clostridia;o__Oscillospirales;f__CAG-272;g__CAG-448;s__CAG-448 sp000433415	Bacteria	Bacillota_A	Clostridia	Oscillospirales	Oscillospirales CAG-272	Oscillospirales CAG-272 CAG-448	Oscillospirales CAG-272 CAG-448 sp000433415
CAG00443	d__Bacteria;p__Bacillota_A;c__Clostridia;o__Lachnospirales;f__Lachnospiraceae;g__Eubacterium_I;s__	Bacteria	Bacillota_A	Clostridia	Lachnospirales	Lachnospiraceae	Eubacterium_I	Eubacterium_I sp.
CAG00444	d__Bacteria;p__Bacteroidota;c__Bacteroidia;o__Bacteroidales;f__Bacteroidaceae;g__UBA4372;s__UBA4372 sp900543815	Bacteria	Bacteroidota	Bacteroidia	Bacteroidales	Bacteroidaceae	Bacteroidaceae UBA4372	Bacteroidaceae UBA4372 sp900543815
CAG00445	d__Bacteria;p__Bacillota_A;c__Clostridia;o__Christensenellales;f__CAG-74;g__Alectryocaccomicrobium;s__Alectryocaccomicrobium faecavium	Bacteria	Bacillota_A	Clostridia	Christensenellales	Christensenellales CAG-74	Alectryocaccomicrobium	Alectryocaccomicrobium faecavium
CAG00446	d__Bacteria;p__Bacillota_A;c__Clostridia;o__Lachnospirales;f__Lachnospiraceae;g__Clostridium_Q;s__	Bacteria	Bacillota_A	Clostridia	Lachnospirales	Lachnospiraceae	Clostridium_Q	Clostridium_Q sp.
CAG00447	d__Bacteria;p__Bacillota_A;c__Clostridia;o__Oscillospirales;f__Acutalibacteraceae;g__CAG-177;s__CAG-177 sp000431775	Bacteria	Bacillota_A	Clostridia	Oscillospirales	Acutalibacteraceae	Acutalibacteraceae CAG-177	Acutalibacteraceae CAG-177 sp000431775
CAG00448	d__Bacteria;p__Bacillota_A;c__Clostridia;o__Lachnospirales;f__Lachnospiraceae;g__Butyribacter;s__Butyribacter intestini	Bacteria	Bacillota_A	Clostridia	Lachnospirales	Lachnospiraceae	Butyribacter	Butyribacter intestini
CAG00449	d__Bacteria;p__Bacillota_A;c__Clostridia;o__Lachnospirales;f__Lachnospiraceae;g__Butyribacter;s__Butyribacter sp000436755	Bacteria	Bacillota_A	Clostridia	Lachnospirales	Lachnospiraceae	Butyribacter	Butyribacter sp000436755
CAG00450	d__Bacteria;p__Bacillota;c__Bacilli;o__Erysipelotrichales;f__Erysipelotrichaceae;g__Merdibacter;s__Merdibacter merdipullorum	Bacteria	Bacillota	Bacilli	Erysipelotrichales	Erysipelotrichaceae	Merdibacter	Merdibacter merdipullorum
CAG00451	d__Bacteria;p__Pseudomonadota;c__Gammaproteobacteria;o__Enterobacterales_A;f__Succinivibrionaceae;g__Succinivibrio;s__Succinivibrio sp900555115	Bacteria	Pseudomonadota	Gammaproteobacteria	Enterobacterales_A	Succinivibrionaceae	Succinivibrio	Succinivibrio sp900555115
CAG00452	d__Bacteria;p__Bacillota_A;c__Clostridia;o__Lachnospirales;f__Lachnospiraceae;g__Eubacterium_F;s__Eubacterium_F sp000433735	Bacteria	Bacillota_A	Clostridia	Lachnospirales	Lachnospiraceae	Eubacterium_F	Eubacterium_F sp000433735
CAG00453	d__Bacteria;p__Bacteroidota;c__Bacteroidia;o__Flavobacteriales;f__UBA1820;g__Merdimorpha;s__Merdimorpha sp003150615	Bacteria	Bacteroidota	Bacteroidia	Flavobacteriales	Flavobacteriales UBA1820	Merdimorpha	Merdimorpha sp003150615
CAG00454	d__Bacteria;p__Bacillota_A;c__Clostridia;o__Oscillospirales;f__Acutalibacteraceae;g__UBA1417;s__UBA1417 sp003531055	Bacteria	Bacillota_A	Clostridia	Oscillospirales	Acutalibacteraceae	Acutalibacteraceae UBA1417	Acutalibacteraceae UBA1417 sp003531055
CAG00455	d__Bacteria;p__Bacillota_A;c__Clostridia;o__Lachnospirales;f__Lachnospiraceae;g__CAG-95;s__CAG-95 sp900066375	Bacteria	Bacillota_A	Clostridia	Lachnospirales	Lachnospiraceae	Lachnospiraceae CAG-95	Lachnospiraceae CAG-95 sp900066375
CAG00456	d__Bacteria;p__Actinomycetota;c__Actinomycetia;o__Actinomycetales;f__Bifidobacteriaceae;g__Bifidobacterium;s__Bifidobacterium dentium	Bacteria	Actinomycetota	Actinomycetia	Actinomycetales	Bifidobacteriaceae	Bifidobacterium	Bifidobacterium dentium
CAG00457	d__Bacteria;p__Fusobacteriota;c__Fusobacteriia;o__Fusobacteriales;f__Fusobacteriaceae;g__Fusobacterium_A;s__Fusobacterium_A sp900543175	Bacteria	Fusobacteriota	Fusobacteriia	Fusobacteriales	Fusobacteriaceae	Fusobacterium_A	Fusobacterium_A sp900543175
CAG00458	d__Bacteria;p__Fusobacteriota;c__Fusobacteriia;o__Fusobacteriales;f__Fusobacteriaceae;g__Fusobacterium;s__Fusobacterium animalis	Bacteria	Fusobacteriota	Fusobacteriia	Fusobacteriales	Fusobacteriaceae	Fusobacterium	Fusobacterium animalis
CAG00459	d__Bacteria;p__Pseudomonadota;c__Alphaproteobacteria;o__RF32;f__CAG-977;g__UBA11549;s__UBA11549 sp900550445	Bacteria	Pseudomonadota	Alphaproteobacteria	Alphaproteobacteria RF32	Alphaproteobacteria RF32 CAG-977	Alphaproteobacteria RF32 CAG-977 UBA11549	Alphaproteobacteria RF32 CAG-977 UBA11549 sp900550445
CAG00460	d__Bacteria;p__Bacillota_A;c__Clostridia;o__Lachnospirales;f__Lachnospiraceae;g__Enterocloster;s__Enterocloster sp900541315	Bacteria	Bacillota_A	Clostridia	Lachnospirales	Lachnospiraceae	Enterocloster	Enterocloster sp900541315
CAG00461	d__Bacteria;p__Pseudomonadota;c__Alphaproteobacteria;o__RF32;f__CAG-239;g__Scatocola;s__Scatocola faecipullorum	Bacteria	Pseudomonadota	Alphaproteobacteria	Alphaproteobacteria RF32	Alphaproteobacteria RF32 CAG-239	Scatocola	Scatocola faecipullorum
CAG00462	d__Bacteria;p__Bacillota;c__Bacilli;o__Lactobacillales;f__Streptococcaceae;g__Streptococcus;s__Streptococcus pasteurianus	Bacteria	Bacillota	Bacilli	Lactobacillales	Streptococcaceae	Streptococcus	Streptococcus pasteurianus
CAG00463	d__Bacteria;p__Bacillota_A;c__Clostridia;o__Oscillospirales;f__Ruminococcaceae;g__Faecalibacterium;s__Faecalibacterium prausnitzii_I	Bacteria	Bacillota_A	Clostridia	Oscillospirales	Ruminococcaceae	Faecalibacterium	Faecalibacterium prausnitzii_I
CAG00464	d__Bacteria;p__Bacillota_A;c__Clostridia;o__Lachnospirales;f__Lachnospiraceae;g__Blautia_A;s__Blautia_A sp900541345	Bacteria	Bacillota_A	Clostridia	Lachnospirales	Lachnospiraceae	Blautia_A	Blautia_A sp900541345
CAG00465	d__Bacteria;p__Bacillota_A;c__Clostridia;o__UMGS1883;f__HGM11501;g__HGM11501;s__HGM11501 sp900766735	Bacteria	Bacillota_A	Clostridia	Clostridia UMGS1883	Clostridia UMGS1883 HGM11501	Clostridia UMGS1883 HGM11501	Clostridia UMGS1883 HGM11501 sp900766735
CAG00466	d__Bacteria;p__Bacillota_A;c__Clostridia;o__Oscillospirales;f__CAG-272;g__CAG-390;s__CAG-390 sp003523225	Bacteria	Bacillota_A	Clostridia	Oscillospirales	Oscillospirales CAG-272	Oscillospirales CAG-272 CAG-390	Oscillospirales CAG-272 CAG-390 sp003523225
CAG00467	d__Bacteria;p__Bacteroidota;c__Bacteroidia;o__Bacteroidales;f__Muribaculaceae;g__CAG-873;s__CAG-873 sp001701165	Bacteria	Bacteroidota	Bacteroidia	Bacteroidales	Muribaculaceae	Muribaculaceae CAG-873	Muribaculaceae CAG-873 sp001701165
CAG00468	d__Bacteria;p__Bacillota_A;c__Clostridia;o__Christensenellales;f__CAG-74;g__SFMI01;s__SFMI01 sp004556155	Bacteria	Bacillota_A	Clostridia	Christensenellales	Christensenellales CAG-74	Christensenellales CAG-74 SFMI01	Christensenellales CAG-74 SFMI01 sp004556155
CAG00469	d__Bacteria;p__Bacillota_A;c__Clostridia;o__Lachnospirales;f__Lachnospiraceae;g__Anaerobutyricum;s__Anaerobutyricum soehngenii	Bacteria	Bacillota_A	Clostridia	Lachnospirales	Lachnospiraceae	Anaerobutyricum	Anaerobutyricum soehngenii
CAG00470	d__Bacteria;p__Bacillota_A;c__Clostridia;o__Christensenellales;f__CAG-74;g__Ventricola;s__Ventricola sp900542445	Bacteria	Bacillota_A	Clostridia	Christensenellales	Christensenellales CAG-74	Ventricola	Ventricola sp900542445
CAG00471	d__Bacteria;p__Bacillota_A;c__Clostridia;o__Oscillospirales;f__Ruminococcaceae;g__Ruminococcus_C;s__Ruminococcus_C sp900545285	Bacteria	Bacillota_A	Clostridia	Oscillospirales	Ruminococcaceae	Ruminococcus_C	Ruminococcus_C sp900545285
CAG00472	d__Bacteria;p__Pseudomonadota;c__Alphaproteobacteria;o__RF32;f__CAG-239;g__HGM16780;s__HGM16780 sp900538765	Bacteria	Pseudomonadota	Alphaproteobacteria	Alphaproteobacteria RF32	Alphaproteobacteria RF32 CAG-239	Alphaproteobacteria RF32 CAG-239 HGM16780	Alphaproteobacteria RF32 CAG-239 HGM16780 sp900538765
CAG00473	d__Bacteria;p__Bacteroidota;c__Bacteroidia;o__Bacteroidales;f__Bacteroidaceae;g__Alloprevotella;s__Alloprevotella sp000438115	Bacteria	Bacteroidota	Bacteroidia	Bacteroidales	Bacteroidaceae	Alloprevotella	Alloprevotella sp000438115
CAG00474	d__Bacteria;p__Pseudomonadota;c__Gammaproteobacteria;o__Burkholderiales;f__Burkholderiaceae_A;g__Sutterella;s__Sutterella wadsworthensis_A	Bacteria	Pseudomonadota	Gammaproteobacteria	Burkholderiales	Burkholderiaceae_A	Sutterella	Sutterella wadsworthensis_A
CAG00475	d__Bacteria;p__Actinomycetota;c__Coriobacteriia;o__Coriobacteriales;f__QAMH01;g__CACZQA01;s__CACZQA01 sp902783175	Bacteria	Actinomycetota	Coriobacteriia	Coriobacteriales	Coriobacteriales QAMH01	Coriobacteriales QAMH01 CACZQA01	Coriobacteriales QAMH01 CACZQA01 sp902783175
CAG00476	d__Bacteria;p__Bacillota_A;c__Clostridia;o__Oscillospirales;f__Ruminococcaceae;g__Ruminococcus_C;s__Ruminococcus_C sp000437255	Bacteria	Bacillota_A	Clostridia	Oscillospirales	Ruminococcaceae	Ruminococcus_C	Ruminococcus_C sp000437255
CAG00477	d__Bacteria;p__Bacillota_A;c__Clostridia;o__Oscillospirales;f__CAG-272;g__UMGS1865;s__UMGS1865 sp900547725	Bacteria	Bacillota_A	Clostridia	Oscillospirales	Oscillospirales CAG-272	Oscillospirales CAG-272 UMGS1865	Oscillospirales CAG-272 UMGS1865 sp900547725
CAG00478	d__Bacteria;p__Bacillota_A;c__Clostridia;o__Lachnospirales;f__Lachnospiraceae;g__V9D3004;s__V9D3004 sp002349525	Bacteria	Bacillota_A	Clostridia	Lachnospirales	Lachnospiraceae	Lachnospiraceae V9D3004	Lachnospiraceae V9D3004 sp002349525
CAG00479	d__Bacteria;p__Bacteroidota;c__Bacteroidia;o__Bacteroidales;f__Rikenellaceae;g__Alistipes;s__Alistipes dispar	Bacteria	Bacteroidota	Bacteroidia	Bacteroidales	Rikenellaceae	Alistipes	Alistipes dispar
CAG00480	d__Bacteria;p__Bacillota;c__Bacilli;o__Lactobacillales;f__Lactobacillaceae;g__Lacticaseibacillus;s__Lacticaseibacillus paracasei	Bacteria	Bacillota	Bacilli	Lactobacillales	Lactobacillaceae	Lacticaseibacillus	Lacticaseibacillus paracasei
CAG00481	d__Bacteria;p__Bacillota_A;c__Clostridia;o__Lachnospirales;f__Lachnospiraceae;g__Blautia_A;s__Blautia_A sp900548245	Bacteria	Bacillota_A	Clostridia	Lachnospirales	Lachnospiraceae	Blautia_A	Blautia_A sp900548245
CAG00482	d__Bacteria;p__Bacillota_A;c__Clostridia;o__Lachnospirales;f__Lachnospiraceae;g__Blautia_A;s__Blautia_A massiliensis	Bacteria	Bacillota_A	Clostridia	Lachnospirales	Lachnospiraceae	Blautia_A	Blautia_A massiliensis
CAG00483	d__Bacteria;p__Bacillota_A;c__Clostridia;o__Oscillospirales;f__Acutalibacteraceae;g__Pseudoruminococcus;s__Pseudoruminococcus massiliensis	Bacteria	Bacillota_A	Clostridia	Oscillospirales	Acutalibacteraceae	Pseudoruminococcus	Pseudoruminococcus massiliensis
CAG00484	d__Bacteria;p__Pseudomonadota;c__Gammaproteobacteria;o__Burkholderiales;f__Burkholderiaceae_A;g__Duodenibacillus;s__Duodenibacillus massiliensis	Bacteria	Pseudomonadota	Gammaproteobacteria	Burkholderiales	Burkholderiaceae_A	Duodenibacillus	Duodenibacillus massiliensis
CAG00485	d__Bacteria;p__Bacillota_A;c__Clostridia;o__Lachnospirales;f__Lachnospiraceae;g__Agathobacter;s__Agathobacter sp900543445	Bacteria	Bacillota_A	Clostridia	Lachnospirales	Lachnospiraceae	Agathobacter	Agathobacter sp900543445
CAG00486	d__;p__;c__;o__;f__;g__;s__	unclassified	unclassified	unclassified 	unclassified 	unclassified 	unclassified 	unclassified
CAG00487	d__Bacteria;p__Bacteroidota;c__Bacteroidia;o__Bacteroidales;f__Muribaculaceae;g__Limisoma;s__Limisoma sp000437795	Bacteria	Bacteroidota	Bacteroidia	Bacteroidales	Muribaculaceae	Limisoma	Limisoma sp000437795
CAG00488	d__Bacteria;p__Bacillota_A;c__Clostridia;o__Christensenellales;f__CAG-138;g__CAG-1024;s__CAG-1024 sp000432015	Bacteria	Bacillota_A	Clostridia	Christensenellales	Christensenellales CAG-138	Christensenellales CAG-138 CAG-1024	Christensenellales CAG-138 CAG-1024 sp000432015
CAG00489	d__Bacteria;p__Pseudomonadota;c__Gammaproteobacteria;o__Burkholderiales;f__Burkholderiaceae_A;g__Sutterella;s__Sutterella sp900762445	Bacteria	Pseudomonadota	Gammaproteobacteria	Burkholderiales	Burkholderiaceae_A	Sutterella	Sutterella sp900762445
CAG00490	d__Bacteria;p__Bacillota_A;c__Clostridia;o__Lachnospirales;f__Lachnospiraceae;g__Coprococcus;s__Coprococcus eutactus_A	Bacteria	Bacillota_A	Clostridia	Lachnospirales	Lachnospiraceae	Coprococcus	Coprococcus eutactus_A
CAG00491	d__Bacteria;p__Bacillota_A;c__Clostridia;o__Oscillospirales;f__Acutalibacteraceae;g__CAG-488;s__CAG-488 sp900539465	Bacteria	Bacillota_A	Clostridia	Oscillospirales	Acutalibacteraceae	Acutalibacteraceae CAG-488	Acutalibacteraceae CAG-488 sp900539465
CAG00492	d__Bacteria;p__Bacillota_A;c__Clostridia;o__Oscillospirales;f__Ruminococcaceae;g__Fournierella;s__Fournierella excrementavium	Bacteria	Bacillota_A	Clostridia	Oscillospirales	Ruminococcaceae	Fournierella	Fournierella excrementavium
CAG00493	d__Bacteria;p__Bacillota_A;c__Clostridia;o__Lachnospirales;f__Lachnospiraceae;g__Wujia;s__Wujia chipingensis	Bacteria	Bacillota_A	Clostridia	Lachnospirales	Lachnospiraceae	Wujia	Wujia chipingensis
CAG00494	d__Bacteria;p__Actinomycetota;c__Coriobacteriia;o__Coriobacteriales;f__Eggerthellaceae;g__CAAEEV01;s__CAAEEV01 sp900754955	Bacteria	Actinomycetota	Coriobacteriia	Coriobacteriales	Eggerthellaceae	Eggerthellaceae CAAEEV01	Eggerthellaceae CAAEEV01 sp900754955
CAG00495	d__Bacteria;p__Bacillota_A;c__Clostridia;o__Oscillospirales;f__Ruminococcaceae;g__Faecalibacterium;s__Faecalibacterium prausnitzii_F	Bacteria	Bacillota_A	Clostridia	Oscillospirales	Ruminococcaceae	Faecalibacterium	Faecalibacterium prausnitzii_F
CAG00496	d__Bacteria;p__Fusobacteriota;c__Fusobacteriia;o__Fusobacteriales;f__Fusobacteriaceae;g__Fusobacterium_A;s__Fusobacterium_A mortiferum	Bacteria	Fusobacteriota	Fusobacteriia	Fusobacteriales	Fusobacteriaceae	Fusobacterium_A	Fusobacterium_A mortiferum
CAG00497	d__Bacteria;p__Bacillota_A;c__Clostridia;o__Oscillospirales;f__Oscillospiraceae;g__CAG-170;s__CAG-170 sp900545925	Bacteria	Bacillota_A	Clostridia	Oscillospirales	Oscillospiraceae	Oscillospiraceae CAG-170	Oscillospiraceae CAG-170 sp900545925
CAG00498	d__Bacteria;p__Bacillota_A;c__Clostridia;o__Oscillospirales;f__Ruminococcaceae;g__CAG-115;s__CAG-115 sp003507295	Bacteria	Bacillota_A	Clostridia	Oscillospirales	Ruminococcaceae	Ruminococcaceae CAG-115	Ruminococcaceae CAG-115 sp003507295
CAG00499	d__Bacteria;p__Bacteroidota;c__Bacteroidia;o__Bacteroidales;f__Bacteroidaceae;g__Alloprevotella;s__Alloprevotella sp000437675	Bacteria	Bacteroidota	Bacteroidia	Bacteroidales	Bacteroidaceae	Alloprevotella	Alloprevotella sp000437675
CAG00500	d__Bacteria;p__Bacillota_A;c__Clostridia;o__Oscillospirales;f__Oscillospiraceae;g__HGM13010;s__HGM13010 sp900754965	Bacteria	Bacillota_A	Clostridia	Oscillospirales	Oscillospiraceae	Oscillospiraceae HGM13010	Oscillospiraceae HGM13010 sp900754965
CAG00501	d__Bacteria;p__Bacillota;c__Bacilli;o__Lactobacillales;f__Lactobacillaceae;g__Limosilactobacillus;s__Limosilactobacillus mucosae	Bacteria	Bacillota	Bacilli	Lactobacillales	Lactobacillaceae	Limosilactobacillus	Limosilactobacillus mucosae
CAG00502	d__Bacteria;p__Bacillota_A;c__Clostridia;o__Lachnospirales;f__Lachnospiraceae;g__Eubacterium_G;s__Eubacterium_G sp000432355	Bacteria	Bacillota_A	Clostridia	Lachnospirales	Lachnospiraceae	Eubacterium_G	Eubacterium_G sp000432355
CAG00503	d__Bacteria;p__Cyanobacteriota;c__Vampirovibrionia;o__Gastranaerophilales;f__Gastranaerophilaceae;g__Scatousia;s__Scatousia excrementigallinarum	Bacteria	Cyanobacteriota	Vampirovibrionia	Gastranaerophilales	Gastranaerophilaceae	Scatousia	Scatousia excrementigallinarum
CAG00504	d__Bacteria;p__Bacillota_A;c__Clostridia;o__Oscillospirales;f__Ruminococcaceae;g__Ruminococcus_D;s__Ruminococcus_D sp000434695	Bacteria	Bacillota_A	Clostridia	Oscillospirales	Ruminococcaceae	Ruminococcus_D	Ruminococcus_D sp000434695
CAG00505	d__Bacteria;p__Bacillota_A;c__Clostridia;o__Peptostreptococcales;f__Anaerovoracaceae;g__Fimisoma;s__Fimisoma avicola	Bacteria	Bacillota_A	Clostridia	Peptostreptococcales	Anaerovoracaceae	Fimisoma	Fimisoma avicola
CAG00506	d__Bacteria;p__Bacillota_A;c__Clostridia;o__Oscillospirales;f__Oscillospiraceae;g__Lawsonibacter;s__Lawsonibacter asaccharolyticus	Bacteria	Bacillota_A	Clostridia	Oscillospirales	Oscillospiraceae	Lawsonibacter	Lawsonibacter asaccharolyticus
CAG00507	d__Bacteria;p__Bacillota_A;c__Clostridia;o__Lachnospirales;f__Lachnospiraceae;g__Extibacter;s__Extibacter hylemonae	Bacteria	Bacillota_A	Clostridia	Lachnospirales	Lachnospiraceae	Extibacter	Extibacter hylemonae
CAG00508	d__Bacteria;p__Bacteroidota;c__Bacteroidia;o__Bacteroidales;f__Rikenellaceae;g__Alistipes;s__Alistipes communis	Bacteria	Bacteroidota	Bacteroidia	Bacteroidales	Rikenellaceae	Alistipes	Alistipes communis
CAG00509	d__Bacteria;p__Bacillota_A;c__Clostridia;o__Oscillospirales;f__Oscillospiraceae;g__CAG-170;s__CAG-170 sp002404795	Bacteria	Bacillota_A	Clostridia	Oscillospirales	Oscillospiraceae	Oscillospiraceae CAG-170	Oscillospiraceae CAG-170 sp002404795
CAG00510	d__Bacteria;p__Bacteroidota;c__Bacteroidia;o__Bacteroidales;f__Rikenellaceae;g__Alistipes;s__Alistipes provencensis	Bacteria	Bacteroidota	Bacteroidia	Bacteroidales	Rikenellaceae	Alistipes	Alistipes provencensis
CAG00511	d__Bacteria;p__Bacillota_A;c__Clostridia;o__Lachnospirales;f__Lachnospiraceae;g__CAG-791;s__CAG-791 sp000431495	Bacteria	Bacillota_A	Clostridia	Lachnospirales	Lachnospiraceae	Lachnospiraceae CAG-791	Lachnospiraceae CAG-791 sp000431495
CAG00512	d__Bacteria;p__Bacteroidota;c__Bacteroidia;o__Bacteroidales;f__Muribaculaceae;g__Paramuribaculum;s__Paramuribaculum sp000431155	Bacteria	Bacteroidota	Bacteroidia	Bacteroidales	Muribaculaceae	Paramuribaculum	Paramuribaculum sp000431155
CAG00513	d__Bacteria;p__Bacillota_A;c__Clostridia;o__Oscillospirales;f__CAG-272;g__CAG-448;s__CAG-448 sp003150135	Bacteria	Bacillota_A	Clostridia	Oscillospirales	Oscillospirales CAG-272	Oscillospirales CAG-272 CAG-448	Oscillospirales CAG-272 CAG-448 sp003150135
CAG00514	d__Bacteria;p__Pseudomonadota;c__Alphaproteobacteria;o__RF32;f__CAG-239;g__CAZU01;s__CAZU01 sp000432275	Bacteria	Pseudomonadota	Alphaproteobacteria	Alphaproteobacteria RF32	Alphaproteobacteria RF32 CAG-239	Alphaproteobacteria RF32 CAG-239 CAZU01	Alphaproteobacteria RF32 CAG-239 CAZU01 sp000432275
CAG00515	d__Bacteria;p__Bacillota_A;c__Clostridia;o__Lachnospirales;f__Lachnospiraceae;g__Lachnospira;s__Lachnospira eligens_A	Bacteria	Bacillota_A	Clostridia	Lachnospirales	Lachnospiraceae	Lachnospira	Lachnospira eligens_A
CAG00516	d__Bacteria;p__Bacillota_A;c__Clostridia;o__Lachnospirales;f__Lachnospiraceae;g__Acetatifactor;s__Acetatifactor sp900760705	Bacteria	Bacillota_A	Clostridia	Lachnospirales	Lachnospiraceae	Acetatifactor	Acetatifactor sp900760705
CAG00517	d__Bacteria;p__Bacteroidota;c__Bacteroidia;o__Bacteroidales;f__Bacteroidaceae;g__Alloprevotella;s__Alloprevotella sp900539625	Bacteria	Bacteroidota	Bacteroidia	Bacteroidales	Bacteroidaceae	Alloprevotella	Alloprevotella sp900539625
CAG00518	d__Bacteria;p__Bacillota_A;c__Clostridia;o__Christensenellales;f__CAG-74;g__Pullichristensenella;s__Pullichristensenella excrementipullorum	Bacteria	Bacillota_A	Clostridia	Christensenellales	Christensenellales CAG-74	Pullichristensenella	Pullichristensenella excrementipullorum
CAG00519	d__Bacteria;p__Bacillota_A;c__Clostridia;o__Lachnospirales;f__Lachnospiraceae;g__Ventrisoma;s__Ventrisoma faecale	Bacteria	Bacillota_A	Clostridia	Lachnospirales	Lachnospiraceae	Ventrisoma	Ventrisoma faecale
CAG00520	d__Bacteria;p__Bacillota_A;c__Clostridia;o__Lachnospirales;f__Lachnospiraceae;g__Hominisplanchenecus;s__Hominisplanchenecus faecis	Bacteria	Bacillota_A	Clostridia	Lachnospirales	Lachnospiraceae	Hominisplanchenecus	Hominisplanchenecus faecis
CAG00521	d__Bacteria;p__Bacteroidota;c__Bacteroidia;o__Bacteroidales;f__Bacteroidaceae;g__Prevotella;s__Prevotella sp000433175	Bacteria	Bacteroidota	Bacteroidia	Bacteroidales	Bacteroidaceae	Prevotella	Prevotella sp000433175
CAG00522	d__Bacteria;p__Bacillota_A;c__Clostridia;o__Lachnospirales;f__Lachnospiraceae;g__Mediterraneibacter;s__Mediterraneibacter sp900752395	Bacteria	Bacillota_A	Clostridia	Lachnospirales	Lachnospiraceae	Mediterraneibacter	Mediterraneibacter sp900752395
CAG00523	d__Bacteria;p__Bacillota_A;c__Clostridia;o__Oscillospirales;f__Acutalibacteraceae;g__Fimenecus;s__Fimenecus sp000432435	Bacteria	Bacillota_A	Clostridia	Oscillospirales	Acutalibacteraceae	Fimenecus	Fimenecus sp000432435
CAG00524	d__Bacteria;p__Verrucomicrobiota;c__Lentisphaeria;o__Victivallales;f__UBA1829;g__UBA1829;s__UBA1829 sp900549045	Bacteria	Verrucomicrobiota	Lentisphaeria	Victivallales	Victivallales UBA1829	Victivallales UBA1829	Victivallales UBA1829 sp900549045
CAG00525	d__Bacteria;p__Bacteroidota;c__Bacteroidia;o__Bacteroidales;f__Bacteroidaceae;g__Alloprevotella;s__Alloprevotella sp000431275	Bacteria	Bacteroidota	Bacteroidia	Bacteroidales	Bacteroidaceae	Alloprevotella	Alloprevotella sp000431275
CAG00526	d__Bacteria;p__Bacillota;c__Bacilli;o__RFN20;f__CAG-449;g__CAG-449;s__CAG-449 sp000432895	Bacteria	Bacillota	Bacilli	Bacilli RFN20	Bacilli RFN20 CAG-449	Bacilli RFN20 CAG-449	Bacilli RFN20 CAG-449 sp000432895
CAG00527	d__Bacteria;p__Bacteroidota;c__Bacteroidia;o__Bacteroidales;f__Rikenellaceae;g__Alistipes;s__Alistipes faecigallinarum	Bacteria	Bacteroidota	Bacteroidia	Bacteroidales	Rikenellaceae	Alistipes	Alistipes faecigallinarum
CAG00528	d__Bacteria;p__Cyanobacteriota;c__Vampirovibrionia;o__Gastranaerophilales;f__Gastranaerophilaceae;g__Stercorousia;s__Stercorousia sp001917115	Bacteria	Cyanobacteriota	Vampirovibrionia	Gastranaerophilales	Gastranaerophilaceae	Stercorousia	Stercorousia sp001917115
CAG00529	d__Bacteria;p__Bacteroidota;c__Bacteroidia;o__Bacteroidales;f__Bacteroidaceae;g__Prevotella;s__Prevotella sp000436695	Bacteria	Bacteroidota	Bacteroidia	Bacteroidales	Bacteroidaceae	Prevotella	Prevotella sp000436695
CAG00530	d__Bacteria;p__Bacteroidota;c__Bacteroidia;o__Bacteroidales;f__Bacteroidaceae;g__UBA6398;s__UBA6398 sp900550635	Bacteria	Bacteroidota	Bacteroidia	Bacteroidales	Bacteroidaceae	Bacteroidaceae UBA6398	Bacteroidaceae UBA6398 sp900550635
CAG00531	d__Bacteria;p__Bacillota_A;c__Clostridia;o__Oscillospirales;f__Ruminococcaceae;g__Faecalibacterium;s__Faecalibacterium sp900765105	Bacteria	Bacillota_A	Clostridia	Oscillospirales	Ruminococcaceae	Faecalibacterium	Faecalibacterium sp900765105
CAG00532	d__Bacteria;p__Bacillota_A;c__Clostridia;o__Oscillospirales;f__Acutalibacteraceae;g__Eubacterium_R;s__Eubacterium_R faecale	Bacteria	Bacillota_A	Clostridia	Oscillospirales	Acutalibacteraceae	Eubacterium_R	Eubacterium_R faecale
CAG00533	d__Bacteria;p__Bacillota_A;c__Clostridia;o__Peptostreptococcales;f__Anaerovoracaceae;g__Emergencia;s__Emergencia sp904420065	Bacteria	Bacillota_A	Clostridia	Peptostreptococcales	Anaerovoracaceae	Emergencia	Emergencia sp904420065
CAG00534	d__Bacteria;p__Bacteroidota;c__Bacteroidia;o__Bacteroidales;f__Bacteroidaceae;g__Prevotella;s__Prevotella sp900313215	Bacteria	Bacteroidota	Bacteroidia	Bacteroidales	Bacteroidaceae	Prevotella	Prevotella sp900313215
CAG00535	d__Bacteria;p__Bacillota_C;c__Negativicutes;o__Veillonellales;f__Dialisteraceae;g__Dialister;s__Dialister succinatiphilus	Bacteria	Bacillota_C	Negativicutes	Veillonellales	Dialisteraceae	Dialister	Dialister succinatiphilus
CAG00536	d__Bacteria;p__Bacteroidota;c__Bacteroidia;o__Bacteroidales;f__Bacteroidaceae;g__;s__	Bacteria	Bacteroidota	Bacteroidia	Bacteroidales	Bacteroidaceae	unclassified Bacteroidaceae	Bacteroidaceae bacterium
CAG00537	d__Bacteria;p__Bacillota_A;c__Clostridia;o__Oscillospirales;f__Acutalibacteraceae;g__Heritagella;s__Heritagella sp905215105	Bacteria	Bacillota_A	Clostridia	Oscillospirales	Acutalibacteraceae	Heritagella	Heritagella sp905215105
CAG00538	d__Bacteria;p__Pseudomonadota;c__Alphaproteobacteria;o__RF32;f__CAG-239;g__CALXWF01;s__CALXWF01 sp944391355	Bacteria	Pseudomonadota	Alphaproteobacteria	Alphaproteobacteria RF32	Alphaproteobacteria RF32 CAG-239	Alphaproteobacteria RF32 CAG-239 CALXWF01	Alphaproteobacteria RF32 CAG-239 CALXWF01 sp944391355
CAG00539	d__Bacteria;p__Bacillota_A;c__Clostridia;o__Oscillospirales;f__Butyricicoccaceae;g__UBA4644;s__UBA4644 sp900555855	Bacteria	Bacillota_A	Clostridia	Oscillospirales	Butyricicoccaceae	Butyricicoccaceae UBA4644	Butyricicoccaceae UBA4644 sp900555855
CAG00540	d__Bacteria;p__Pseudomonadota;c__Gammaproteobacteria;o__Burkholderiales;f__Burkholderiaceae_A;g__Sutterella;s__Sutterella seckii_A	Bacteria	Pseudomonadota	Gammaproteobacteria	Burkholderiales	Burkholderiaceae_A	Sutterella	Sutterella seckii_A
CAG00541	d__Bacteria;p__Bacillota_A;c__Clostridia;o__Lachnospirales;f__Lachnospiraceae;g__CAG-317;s__CAG-317 sp000433215	Bacteria	Bacillota_A	Clostridia	Lachnospirales	Lachnospiraceae	Lachnospiraceae CAG-317	Lachnospiraceae CAG-317 sp000433215
CAG00542	d__Bacteria;p__Bacillota_A;c__Clostridia;o__Lachnospirales;f__Lachnospiraceae;g__Butyrivibrio_A;s__Butyrivibrio_A crossotus	Bacteria	Bacillota_A	Clostridia	Lachnospirales	Lachnospiraceae	Butyrivibrio_A	Butyrivibrio_A crossotus
CAG00543	d__Bacteria;p__Bacillota_A;c__Clostridia;o__Oscillospirales;f__Oscillospiraceae;g__Limivicinus;s__Limivicinus sp900549865	Bacteria	Bacillota_A	Clostridia	Oscillospirales	Oscillospiraceae	Limivicinus	Limivicinus sp900549865
CAG00544	d__Bacteria;p__Cyanobacteriota;c__Vampirovibrionia;o__Gastranaerophilales;f__Gastranaerophilaceae;g__Stercorousia;s__Stercorousia sp000433095	Bacteria	Cyanobacteriota	Vampirovibrionia	Gastranaerophilales	Gastranaerophilaceae	Stercorousia	Stercorousia sp000433095
CAG00545	d__Bacteria;p__Bacillota_A;c__Clostridia;o__Oscillospirales;f__CAG-272;g__HGM12713;s__HGM12713 sp900754175	Bacteria	Bacillota_A	Clostridia	Oscillospirales	Oscillospirales CAG-272	Oscillospirales CAG-272 HGM12713	Oscillospirales CAG-272 HGM12713 sp900754175
CAG00546	d__Bacteria;p__Bacteroidota;c__Bacteroidia;o__Bacteroidales;f__Bacteroidaceae;g__Alloprevotella;s__Alloprevotella timonensis	Bacteria	Bacteroidota	Bacteroidia	Bacteroidales	Bacteroidaceae	Alloprevotella	Alloprevotella timonensis
CAG00547	d__Bacteria;p__Bacillota_A;c__Clostridia;o__Oscillospirales;f__Ruminococcaceae;g__Faecalibacterium;s__Faecalibacterium hattorii	Bacteria	Bacillota_A	Clostridia	Oscillospirales	Ruminococcaceae	Faecalibacterium	Faecalibacterium hattorii
CAG00548	d__Bacteria;p__Bacillota_A;c__Clostridia;o__Lachnospirales;f__Lachnospiraceae;g__Coprococcus;s__Coprococcus sp000433075	Bacteria	Bacillota_A	Clostridia	Lachnospirales	Lachnospiraceae	Coprococcus	Coprococcus sp000433075
CAG00549	d__Bacteria;p__Actinomycetota;c__Actinomycetia;o__Actinomycetales;f__Bifidobacteriaceae;g__Bifidobacterium;s__Bifidobacterium longum	Bacteria	Actinomycetota	Actinomycetia	Actinomycetales	Bifidobacteriaceae	Bifidobacterium	Bifidobacterium longum
CAG00550	d__Bacteria;p__Bacillota;c__Bacilli;o__Erysipelotrichales;f__Coprobacillaceae;g__Faecalibacillus;s__Faecalibacillus sp003480255	Bacteria	Bacillota	Bacilli	Erysipelotrichales	Coprobacillaceae	Faecalibacillus	Faecalibacillus sp003480255
CAG00551	d__Bacteria;p__Bacillota_A;c__Clostridia;o__Lachnospirales;f__Lachnospiraceae;g__Anaerostipes;s__Anaerostipes sp900066705	Bacteria	Bacillota_A	Clostridia	Lachnospirales	Lachnospiraceae	Anaerostipes	Anaerostipes sp900066705
CAG00552	d__Bacteria;p__Bacillota_A;c__Clostridia;o__Christensenellales;f__UBA1750;g__Spyradocola;s__Spyradocola merdavium	Bacteria	Bacillota_A	Clostridia	Christensenellales	Christensenellales UBA1750	Spyradocola	Spyradocola merdavium
CAG00553	d__Bacteria;p__Bacillota_A;c__Clostridia;o__Oscillospirales;f__Ruminococcaceae;g__UBA1394;s__UBA1394 sp900066845	Bacteria	Bacillota_A	Clostridia	Oscillospirales	Ruminococcaceae	Ruminococcaceae UBA1394	Ruminococcaceae UBA1394 sp900066845
CAG00554	d__Bacteria;p__Bacillota_A;c__Clostridia;o__Lachnospirales;f__Lachnospiraceae;g__Eubacterium_I;s__Eubacterium_I ramulus	Bacteria	Bacillota_A	Clostridia	Lachnospirales	Lachnospiraceae	Eubacterium_I	Eubacterium_I ramulus
CAG00555	d__Bacteria;p__Bacillota_A;c__Clostridia;o__Oscillospirales;f__Oscillospiraceae;g__Enterenecus;s__Enterenecus sp900549885	Bacteria	Bacillota_A	Clostridia	Oscillospirales	Oscillospiraceae	Enterenecus	Enterenecus sp900549885
CAG00556	d__Bacteria;p__Bacillota_A;c__Clostridia;o__Christensenellales;f__Borkfalkiaceae;g__Borkfalkia;s__Borkfalkia excrementavium	Bacteria	Bacillota_A	Clostridia	Christensenellales	Borkfalkiaceae	Borkfalkia	Borkfalkia excrementavium
CAG00557	d__Bacteria;p__Bacillota_A;c__Clostridia;o__Oscillospirales;f__Ruminococcaceae;g__Ruminococcus_C;s__Ruminococcus_C callidus	Bacteria	Bacillota_A	Clostridia	Oscillospirales	Ruminococcaceae	Ruminococcus_C	Ruminococcus_C callidus
CAG00558	d__Bacteria;p__Bacillota_A;c__Clostridia;o__Lachnospirales;f__Lachnospiraceae;g__Mediterraneibacter;s__Mediterraneibacter lactaris	Bacteria	Bacillota_A	Clostridia	Lachnospirales	Lachnospiraceae	Mediterraneibacter	Mediterraneibacter lactaris
CAG00559	d__Bacteria;p__Bacillota_A;c__Clostridia;o__Christensenellales;f__CAG-138;g__SFEL01;s__SFEL01 sp004557245	Bacteria	Bacillota_A	Clostridia	Christensenellales	Christensenellales CAG-138	Christensenellales CAG-138 SFEL01	Christensenellales CAG-138 SFEL01 sp004557245
CAG00560	d__Bacteria;p__Bacillota_A;c__Clostridia;o__Oscillospirales;f__Ruminococcaceae;g__Ruthenibacterium;s__Ruthenibacterium merdipullorum	Bacteria	Bacillota_A	Clostridia	Oscillospirales	Ruminococcaceae	Ruthenibacterium	Ruthenibacterium merdipullorum
CAG00561	d__Bacteria;p__Pseudomonadota;c__Gammaproteobacteria;o__Burkholderiales;f__Burkholderiaceae_A;g__Aphodousia;s__Aphodousia faecipullorum	Bacteria	Pseudomonadota	Gammaproteobacteria	Burkholderiales	Burkholderiaceae_A	Aphodousia	Aphodousia faecipullorum
CAG00562	d__Bacteria;p__Bacillota;c__Bacilli;o__Erysipelotrichales;f__Erysipelotrichaceae;g__Amedibacillus;s__Amedibacillus dolichus	Bacteria	Bacillota	Bacilli	Erysipelotrichales	Erysipelotrichaceae	Amedibacillus	Amedibacillus dolichus
CAG00563	d__Bacteria;p__Bacillota_A;c__Clostridia;o__Lachnospirales;f__Lachnospiraceae;g__Acetatifactor;s__Acetatifactor sp900066565	Bacteria	Bacillota_A	Clostridia	Lachnospirales	Lachnospiraceae	Acetatifactor	Acetatifactor sp900066565
CAG00564	d__Bacteria;p__Bacteroidota;c__Bacteroidia;o__Bacteroidales;f__Bacteroidaceae;g__Paraprevotella;s__Paraprevotella xylaniphila	Bacteria	Bacteroidota	Bacteroidia	Bacteroidales	Bacteroidaceae	Paraprevotella	Paraprevotella xylaniphila
CAG00565	d__Bacteria;p__Bacillota_A;c__Clostridia;o__Christensenellales;f__Pumilibacteraceae;g__UBA10677;s__UBA10677 sp900762945	Bacteria	Bacillota_A	Clostridia	Christensenellales	Pumilibacteraceae	Pumilibacteraceae UBA10677	Pumilibacteraceae UBA10677 sp900762945
CAG00566	d__Bacteria;p__Actinomycetota;c__Actinomycetia;o__Actinomycetales;f__Bifidobacteriaceae;g__Bifidobacterium;s__Bifidobacterium animalis	Bacteria	Actinomycetota	Actinomycetia	Actinomycetales	Bifidobacteriaceae	Bifidobacterium	Bifidobacterium animalis
CAG00567	d__Bacteria;p__Bacillota_A;c__Clostridia;o__Clostridiales;f__Clostridiaceae;g__Sarcina;s__Sarcina perfringens	Bacteria	Bacillota_A	Clostridia	Clostridiales	Clostridiaceae	Sarcina	Sarcina perfringens
CAG00568	d__Bacteria;p__Bacillota_A;c__Clostridia;o__Oscillospirales;f__Ruminococcaceae;g__Gemmiger;s__Gemmiger sp900540775	Bacteria	Bacillota_A	Clostridia	Oscillospirales	Ruminococcaceae	Gemmiger	Gemmiger sp900540775
CAG00569	d__Bacteria;p__Bacteroidota;c__Bacteroidia;o__Bacteroidales;f__UBA11471;g__UBA11471;s__UBA11471 sp905210875	Bacteria	Bacteroidota	Bacteroidia	Bacteroidales	Bacteroidales UBA11471	Bacteroidales UBA11471	Bacteroidales UBA11471 sp905210875
CAG00570	d__Bacteria;p__Bacillota_A;c__Clostridia;o__Oscillospirales;f__CAG-382;g__Woodwardibium;s__Woodwardibium gallinarum	Bacteria	Bacillota_A	Clostridia	Oscillospirales	Oscillospirales CAG-382	Woodwardibium	Woodwardibium gallinarum
CAG00571	d__Bacteria;p__Bacillota_A;c__Clostridia;o__Lachnospirales;f__Lachnospiraceae;g__Blautia_A;s__Blautia_A sp003477525	Bacteria	Bacillota_A	Clostridia	Lachnospirales	Lachnospiraceae	Blautia_A	Blautia_A sp003477525
CAG00572	d__Bacteria;p__Bacillota_A;c__Clostridia;o__Christensenellales;f__CAG-74;g__Ventricola;s__Ventricola sp900542395	Bacteria	Bacillota_A	Clostridia	Christensenellales	Christensenellales CAG-74	Ventricola	Ventricola sp900542395
CAG00573	d__Bacteria;p__Cyanobacteriota;c__Vampirovibrionia;o__Gastranaerophilales;f__Gastranaerophilaceae;g__Scatenecus;s__Scatenecus faecavium	Bacteria	Cyanobacteriota	Vampirovibrionia	Gastranaerophilales	Gastranaerophilaceae	Scatenecus	Scatenecus faecavium
CAG00574	d__Bacteria;p__Bacillota_A;c__Clostridia;o__UBA1212;f__UBA1255;g__Egerieisoma;s__Egerieisoma faecipullorum	Bacteria	Bacillota_A	Clostridia	Clostridia UBA1212	Clostridia UBA1212 UBA1255	Egerieisoma	Egerieisoma faecipullorum
CAG00575	d__Bacteria;p__Bacillota_A;c__Clostridia;o__Christensenellales;f__CAG-314;g__Fimimonas;s__Fimimonas sp934294965	Bacteria	Bacillota_A	Clostridia	Christensenellales	Christensenellales CAG-314	Fimimonas	Fimimonas sp934294965
CAG00576	d__Bacteria;p__Bacillota_C;c__Negativicutes;o__Acidaminococcales;f__Acidaminococcaceae;g__Succiniclasticum;s__Succiniclasticum sp900544275	Bacteria	Bacillota_C	Negativicutes	Acidaminococcales	Acidaminococcaceae	Succiniclasticum	Succiniclasticum sp900544275
CAG00577	d__Bacteria;p__Bacillota_A;c__Clostridia;o__Oscillospirales;f__Ruminococcaceae;g__Faecalibacterium;s__Faecalibacterium longum	Bacteria	Bacillota_A	Clostridia	Oscillospirales	Ruminococcaceae	Faecalibacterium	Faecalibacterium longum
CAG00578	d__Bacteria;p__Bacteroidota;c__Bacteroidia;o__Bacteroidales;f__Rikenellaceae;g__Alistipes;s__Alistipes putredinis	Bacteria	Bacteroidota	Bacteroidia	Bacteroidales	Rikenellaceae	Alistipes	Alistipes putredinis
CAG00579	d__Bacteria;p__Bacillota_A;c__Clostridia;o__Oscillospirales;f__Oscillospiraceae;g__Dysosmobacter;s__	Bacteria	Bacillota_A	Clostridia	Oscillospirales	Oscillospiraceae	Dysosmobacter	Dysosmobacter sp.
CAG00580	d__Bacteria;p__Bacillota_A;c__Clostridia;o__Lachnospirales;f__Lachnospiraceae;g__Eubacterium_F;s__Eubacterium_F sp003491505	Bacteria	Bacillota_A	Clostridia	Lachnospirales	Lachnospiraceae	Eubacterium_F	Eubacterium_F sp003491505
CAG00581	d__Bacteria;p__Bacillota_A;c__Clostridia;o__Oscillospirales;f__Acutalibacteraceae;g__CAG-488;s__CAG-488 sp000434915	Bacteria	Bacillota_A	Clostridia	Oscillospirales	Acutalibacteraceae	Acutalibacteraceae CAG-488	Acutalibacteraceae CAG-488 sp000434915
CAG00582	d__Bacteria;p__Bacillota_A;c__Clostridia;o__Lachnospirales;f__Lachnospiraceae;g__Roseburia;s__Roseburia inulinivorans	Bacteria	Bacillota_A	Clostridia	Lachnospirales	Lachnospiraceae	Roseburia	Roseburia inulinivorans
CAG00583	d__Bacteria;p__Verrucomicrobiota;c__Verrucomicrobiae;o__Opitutales;f__CAG-312;g__Merdousia;s__Merdousia sp900545705	Bacteria	Verrucomicrobiota	Verrucomicrobiae	Opitutales	Opitutales CAG-312	Merdousia	Merdousia sp900545705
CAG00584	d__Bacteria;p__Bacillota_A;c__Clostridia;o__Oscillospirales;f__Ruminococcaceae;g__Faeciplasma;s__Faeciplasma gallinarum	Bacteria	Bacillota_A	Clostridia	Oscillospirales	Ruminococcaceae	Faeciplasma	Faeciplasma gallinarum
CAG00585	d__Bacteria;p__Bacillota_A;c__Clostridia;o__Monoglobales;f__Firm-18;g__CAJLYO01;s__CAJLYO01 sp905210885	Bacteria	Bacillota_A	Clostridia	Monoglobales	Monoglobales Firm-18	Monoglobales Firm-18 CAJLYO01	Monoglobales Firm-18 CAJLYO01 sp905210885
CAG00586	d__Bacteria;p__Bacillota_A;c__Clostridia;o__Lachnospirales;f__Lachnospiraceae;g__Blautia;s__Blautia pullicola	Bacteria	Bacillota_A	Clostridia	Lachnospirales	Lachnospiraceae	Blautia	Blautia pullicola
CAG00587	d__Bacteria;p__Cyanobacteriota;c__Vampirovibrionia;o__Gastranaerophilales;f__Gastranaerophilaceae;g__Limenecus;s__Limenecus avicola	Bacteria	Cyanobacteriota	Vampirovibrionia	Gastranaerophilales	Gastranaerophilaceae	Limenecus	Limenecus avicola
CAG00588	d__Bacteria;p__Bacillota_A;c__Clostridia;o__Lachnospirales;f__Anaerotignaceae;g__Anaerotignum;s__Anaerotignum sp001304995	Bacteria	Bacillota_A	Clostridia	Lachnospirales	Anaerotignaceae	Anaerotignum	Anaerotignum sp001304995
CAG00589	d__Bacteria;p__Bacillota_C;c__Negativicutes;o__Selenomonadales;f__Selenomonadaceae;g__Mitsuokella;s__Mitsuokella multacida	Bacteria	Bacillota_C	Negativicutes	Selenomonadales	Selenomonadaceae	Mitsuokella	Mitsuokella multacida
CAG00590	d__Bacteria;p__Bacillota_A;c__Clostridia;o__Oscillospirales;f__Ruminococcaceae;g__Faecalibacterium;s__Faecalibacterium sp934525845	Bacteria	Bacillota_A	Clostridia	Oscillospirales	Ruminococcaceae	Faecalibacterium	Faecalibacterium sp934525845
CAG00591	d__Bacteria;p__Actinomycetota;c__Coriobacteriia;o__Coriobacteriales;f__Coriobacteriaceae;g__Collinsella;s__Collinsella tanakaei	Bacteria	Actinomycetota	Coriobacteriia	Coriobacteriales	Coriobacteriaceae	Collinsella	Collinsella tanakaei
CAG00592	d__Bacteria;p__Desulfobacterota;c__Desulfovibrionia;o__Desulfovibrionales;f__Desulfovibrionaceae;g__Desulfovibrio;s__Desulfovibrio sp900319575	Bacteria	Desulfobacterota	Desulfovibrionia	Desulfovibrionales	Desulfovibrionaceae	Desulfovibrio	Desulfovibrio sp900319575
CAG00593	d__Bacteria;p__Bacillota_C;c__Negativicutes;o__Acidaminococcales;f__Acidaminococcaceae;g__Phascolarctobacterium;s__Phascolarctobacterium sp900545535	Bacteria	Bacillota_C	Negativicutes	Acidaminococcales	Acidaminococcaceae	Phascolarctobacterium	Phascolarctobacterium sp900545535
CAG00594	d__Bacteria;p__Actinomycetota;c__Coriobacteriia;o__Coriobacteriales;f__Eggerthellaceae;g__Anaerotardibacter;s__Anaerotardibacter sp900753095	Bacteria	Actinomycetota	Coriobacteriia	Coriobacteriales	Eggerthellaceae	Anaerotardibacter	Anaerotardibacter sp900753095
CAG00595	d__Bacteria;p__Bacillota_A;c__Clostridia;o__Christensenellales;f__QALW01;g__QALW01;s__QALW01 sp003150515	Bacteria	Bacillota_A	Clostridia	Christensenellales	Christensenellales QALW01	Christensenellales QALW01	Christensenellales QALW01 sp003150515
CAG00596	d__Bacteria;p__Bacillota_A;c__Clostridia;o__Oscillospirales;f__Ruminococcaceae;g__Negativibacillus;s__Negativibacillus faecipullorum	Bacteria	Bacillota_A	Clostridia	Oscillospirales	Ruminococcaceae	Negativibacillus	Negativibacillus faecipullorum
CAG00597	d__Bacteria;p__Bacteroidota;c__Bacteroidia;o__Bacteroidales;f__Rikenellaceae;g__Alistipes_A;s__Alistipes_A ihumii	Bacteria	Bacteroidota	Bacteroidia	Bacteroidales	Rikenellaceae	Alistipes_A	Alistipes_A ihumii
CAG00598	d__Bacteria;p__Bacillota;c__Bacilli;o__Erysipelotrichales;f__Erysipelotrichaceae;g__Merdibacter;s__Merdibacter merdavium	Bacteria	Bacillota	Bacilli	Erysipelotrichales	Erysipelotrichaceae	Merdibacter	Merdibacter merdavium
CAG00599	d__Bacteria;p__Bacteroidota;c__Bacteroidia;o__Bacteroidales;f__Bacteroidaceae;g__UBA6382;s__UBA6382 sp900557555	Bacteria	Bacteroidota	Bacteroidia	Bacteroidales	Bacteroidaceae	Bacteroidaceae UBA6382	Bacteroidaceae UBA6382 sp900557555
CAG00600	d__Bacteria;p__Bacteroidota;c__Bacteroidia;o__Bacteroidales;f__Muribaculaceae;g__CAG-1031;s__CAG-1031 sp000431215	Bacteria	Bacteroidota	Bacteroidia	Bacteroidales	Muribaculaceae	Muribaculaceae CAG-1031	Muribaculaceae CAG-1031 sp000431215
CAG00601	d__Bacteria;p__Bacillota_A;c__Clostridia;o__Oscillospirales;f__Ruminococcaceae;g__Gemmiger;s__Gemmiger formicilis	Bacteria	Bacillota_A	Clostridia	Oscillospirales	Ruminococcaceae	Gemmiger	Gemmiger formicilis
CAG00602	d__Bacteria;p__Bacteroidota;c__Bacteroidia;o__Bacteroidales;f__Muribaculaceae;g__UBA7173;s__UBA7173 sp001701135	Bacteria	Bacteroidota	Bacteroidia	Bacteroidales	Muribaculaceae	Muribaculaceae UBA7173	Muribaculaceae UBA7173 sp001701135
CAG00603	d__Bacteria;p__Bacillota_A;c__Clostridia;o__Oscillospirales;f__Oscillospiraceae;g__Evtepia;s__Evtepia gabavorous	Bacteria	Bacillota_A	Clostridia	Oscillospirales	Oscillospiraceae	Evtepia	Evtepia gabavorous
CAG00604	d__Bacteria;p__Bacillota_A;c__Clostridia;o__Oscillospirales;f__Oscillospiraceae;g__Faecousia;s__Faecousia sp000434635	Bacteria	Bacillota_A	Clostridia	Oscillospirales	Oscillospiraceae	Faecousia	Faecousia sp000434635
CAG00605	d__Bacteria;p__Bacillota_A;c__Clostridia;o__TANB77;f__CAG-508;g__UMGS1754;s__UMGS1754 sp900759475	Bacteria	Bacillota_A	Clostridia	Clostridia TANB77	Clostridia TANB77 CAG-508	Clostridia TANB77 CAG-508 UMGS1754	Clostridia TANB77 CAG-508 UMGS1754 sp900759475
CAG00606	d__Archaea;p__Thermoplasmatota;c__Thermoplasmata;o__Methanomassiliicoccales;f__Methanomethylophilaceae;g__UBA71;s__UBA71 sp905187815	Archaea	Thermoplasmatota	Thermoplasmata	Methanomassiliicoccales	Methanomethylophilaceae	Methanomethylophilaceae UBA71	Methanomethylophilaceae UBA71 sp905187815
CAG00607	d__Bacteria;p__Bacillota_A;c__Clostridia;o__Oscillospirales;f__Acutalibacteraceae;g__Eubacterium_R;s__Eubacterium_R sp000436835	Bacteria	Bacillota_A	Clostridia	Oscillospirales	Acutalibacteraceae	Eubacterium_R	Eubacterium_R sp000436835
CAG00608	d__Bacteria;p__Bacteroidota;c__Bacteroidia;o__Bacteroidales;f__Rikenellaceae;g__Alistipes;s__Alistipes merdavium	Bacteria	Bacteroidota	Bacteroidia	Bacteroidales	Rikenellaceae	Alistipes	Alistipes merdavium
CAG00609	d__Bacteria;p__Bacteroidota;c__Bacteroidia;o__Bacteroidales;f__UBA932;g__Cryptobacteroides;s__Cryptobacteroides sp000435075	Bacteria	Bacteroidota	Bacteroidia	Bacteroidales	Bacteroidales UBA932	Cryptobacteroides	Cryptobacteroides sp000435075
CAG00610	d__Bacteria;p__Bacillota_A;c__Clostridia;o__Lachnospirales;f__Lachnospiraceae;g__Hungatella;s__	Bacteria	Bacillota_A	Clostridia	Lachnospirales	Lachnospiraceae	Hungatella	Hungatella sp.
CAG00611	d__Bacteria;p__Bacillota_A;c__Clostridia;o__Oscillospirales;f__Acutalibacteraceae;g__Ruminococcus_E;s__Ruminococcus_E bromii_B	Bacteria	Bacillota_A	Clostridia	Oscillospirales	Acutalibacteraceae	Ruminococcus_E	Ruminococcus_E bromii_B
CAG00612	d__Bacteria;p__Bacillota_A;c__Clostridia;o__Oscillospirales;f__Ruminococcaceae;g__Faecalibacterium;s__Faecalibacterium duncaniae	Bacteria	Bacillota_A	Clostridia	Oscillospirales	Ruminococcaceae	Faecalibacterium	Faecalibacterium duncaniae
CAG00613	d__Bacteria;p__Bacillota;c__Bacilli;o__RF39;f__UBA660;g__UMGS2016;s__UMGS2016 sp944332375	Bacteria	Bacillota	Bacilli	Bacilli RF39	Bacilli RF39 UBA660	Bacilli RF39 UBA660 UMGS2016	Bacilli RF39 UBA660 UMGS2016 sp944332375
CAG00614	d__Bacteria;p__Bacillota_A;c__Clostridia;o__Christensenellales;f__QALW01;g__QALW01;s__QALW01 sp900547955	Bacteria	Bacillota_A	Clostridia	Christensenellales	Christensenellales QALW01	Christensenellales QALW01	Christensenellales QALW01 sp900547955
CAG00615	d__Bacteria;p__Bacteroidota;c__Bacteroidia;o__Bacteroidales;f__Bacteroidaceae;g__Phocaeicola;s__Phocaeicola sp900551645	Bacteria	Bacteroidota	Bacteroidia	Bacteroidales	Bacteroidaceae	Phocaeicola	Phocaeicola sp900551645
CAG00616	d__Bacteria;p__Bacillota_A;c__Clostridia;o__Oscillospirales;f__Oscillospiraceae;g__Lawsonibacter;s__Lawsonibacter sp900754605	Bacteria	Bacillota_A	Clostridia	Oscillospirales	Oscillospiraceae	Lawsonibacter	Lawsonibacter sp900754605
CAG00617	d__Bacteria;p__Pseudomonadota;c__Alphaproteobacteria;o__RF32;f__CAG-977;g__CAG-977;s__CAG-977 sp000434295	Bacteria	Pseudomonadota	Alphaproteobacteria	Alphaproteobacteria RF32	Alphaproteobacteria RF32 CAG-977	Alphaproteobacteria RF32 CAG-977	Alphaproteobacteria RF32 CAG-977 sp000434295
CAG00618	d__Bacteria;p__Bacillota_A;c__Clostridia;o__Oscillospirales;f__Oscillospiraceae;g__Faecousia;s__Faecousia sp003525905	Bacteria	Bacillota_A	Clostridia	Oscillospirales	Oscillospiraceae	Faecousia	Faecousia sp003525905
CAG00619	d__Bacteria;p__Bacillota_A;c__Clostridia;o__Oscillospirales;f__Ruminococcaceae;g__Faecalibacterium;s__Faecalibacterium sp900758465	Bacteria	Bacillota_A	Clostridia	Oscillospirales	Ruminococcaceae	Faecalibacterium	Faecalibacterium sp900758465
CAG00620	d__Bacteria;p__Bacillota_A;c__Clostridia;o__Lachnospirales;f__Lachnospiraceae;g__Blautia_A;s__Blautia_A obeum	Bacteria	Bacillota_A	Clostridia	Lachnospirales	Lachnospiraceae	Blautia_A	Blautia_A obeum
CAG00621	d__Bacteria;p__Bacillota_A;c__Clostridia;o__Oscillospirales;f__CAG-272;g__CAG-272;s__CAG-272 sp000433515	Bacteria	Bacillota_A	Clostridia	Oscillospirales	Oscillospirales CAG-272	Oscillospirales CAG-272	Oscillospirales CAG-272 sp000433515
CAG00622	d__Bacteria;p__Bacillota_A;c__Clostridia;o__Oscillospirales;f__Oscillospiraceae;g__Vescimonas;s__Vescimonas sp900552725	Bacteria	Bacillota_A	Clostridia	Oscillospirales	Oscillospiraceae	Vescimonas	Vescimonas sp900552725
CAG00623	d__Bacteria;p__Bacteroidota;c__Bacteroidia;o__Bacteroidales;f__Bacteroidaceae;g__Phocaeicola;s__Phocaeicola sp905198575	Bacteria	Bacteroidota	Bacteroidia	Bacteroidales	Bacteroidaceae	Phocaeicola	Phocaeicola sp905198575
CAG00624	d__Bacteria;p__Bacillota_A;c__Clostridia;o__Christensenellales;f__Pumilibacteraceae;g__UBA10677;s__UBA10677 sp900543755	Bacteria	Bacillota_A	Clostridia	Christensenellales	Pumilibacteraceae	Pumilibacteraceae UBA10677	Pumilibacteraceae UBA10677 sp900543755
CAG00625	d__Bacteria;p__Bacillota_A;c__Clostridia;o__Peptostreptococcales;f__Anaerovoracaceae;g__Fimisoma;s__Fimisoma sp900540145	Bacteria	Bacillota_A	Clostridia	Peptostreptococcales	Anaerovoracaceae	Fimisoma	Fimisoma sp900540145
CAG00626	d__Bacteria;p__Bacillota_A;c__Clostridia;o__Oscillospirales;f__Oscillospiraceae;g__Scatomorpha;s__Scatomorpha gallistercoris	Bacteria	Bacillota_A	Clostridia	Oscillospirales	Oscillospiraceae	Scatomorpha	Scatomorpha gallistercoris
CAG00627	d__Bacteria;p__Cyanobacteriota;c__Vampirovibrionia;o__Gastranaerophilales;f__Gastranaerophilaceae;g__Zag111;s__Zag111 sp002102825	Bacteria	Cyanobacteriota	Vampirovibrionia	Gastranaerophilales	Gastranaerophilaceae	Gastranaerophilaceae Zag111	Gastranaerophilaceae Zag111 sp002102825
CAG00628	d__Bacteria;p__Bacillota_A;c__Clostridia;o__Oscillospirales;f__Ruminococcaceae;g__Gemmiger;s__Gemmiger sp900539695	Bacteria	Bacillota_A	Clostridia	Oscillospirales	Ruminococcaceae	Gemmiger	Gemmiger sp900539695
CAG00629	d__Bacteria;p__Bacillota_A;c__Clostridia;o__Oscillospirales;f__Oscillospiraceae;g__CAG-170;s__CAG-170 sp000432135	Bacteria	Bacillota_A	Clostridia	Oscillospirales	Oscillospiraceae	Oscillospiraceae CAG-170	Oscillospiraceae CAG-170 sp000432135
CAG00630	d__Bacteria;p__Bacillota_A;c__Clostridia;o__Oscillospirales;f__Ruminococcaceae;g__Ruminiclostridium_E;s__Ruminiclostridium_E sp003512525	Bacteria	Bacillota_A	Clostridia	Oscillospirales	Ruminococcaceae	Ruminiclostridium_E	Ruminiclostridium_E sp003512525
CAG00631	d__Bacteria;p__Bacillota_A;c__Clostridia;o__Oscillospirales;f__Oscillospiraceae;g__Faecousia;s__Faecousia sp900549705	Bacteria	Bacillota_A	Clostridia	Oscillospirales	Oscillospiraceae	Faecousia	Faecousia sp900549705
CAG00632	d__Bacteria;p__Bacillota;c__Bacilli;o__Lactobacillales;f__Lactobacillaceae;g__Weissella;s__Weissella cibaria	Bacteria	Bacillota	Bacilli	Lactobacillales	Lactobacillaceae	Weissella	Weissella cibaria
CAG00633	d__Bacteria;p__Bacillota_A;c__Clostridia;o__Lachnospirales;f__Lachnospiraceae;g__Acetatifactor;s__Acetatifactor sp900554205	Bacteria	Bacillota_A	Clostridia	Lachnospirales	Lachnospiraceae	Acetatifactor	Acetatifactor sp900554205
CAG00634	d__Bacteria;p__Bacteroidota;c__Bacteroidia;o__Bacteroidales;f__Muribaculaceae;g__CAG-485;s__CAG-485 sp900541835	Bacteria	Bacteroidota	Bacteroidia	Bacteroidales	Muribaculaceae	Muribaculaceae CAG-485	Muribaculaceae CAG-485 sp900541835
CAG00635	d__Bacteria;p__Actinomycetota;c__Actinomycetia;o__Actinomycetales;f__Bifidobacteriaceae;g__Bifidobacterium;s__Bifidobacterium bifidum	Bacteria	Actinomycetota	Actinomycetia	Actinomycetales	Bifidobacteriaceae	Bifidobacterium	Bifidobacterium bifidum
CAG00636	d__Bacteria;p__Bacillota_A;c__Clostridia;o__Lachnospirales;f__Lachnospiraceae;g__Eubacterium_F;s__Eubacterium_F sp900539115	Bacteria	Bacillota_A	Clostridia	Lachnospirales	Lachnospiraceae	Eubacterium_F	Eubacterium_F sp900539115
CAG00637	d__Bacteria;p__Bacillota_A;c__Clostridia;o__Oscillospirales;f__Oscillospiraceae;g__Limivicinus;s__Limivicinus sp900547315	Bacteria	Bacillota_A	Clostridia	Oscillospirales	Oscillospiraceae	Limivicinus	Limivicinus sp900547315
CAG00638	d__Bacteria;p__Bacillota_A;c__Clostridia;o__Lachnospirales;f__Lachnospiraceae;g__Enterocloster;s__	Bacteria	Bacillota_A	Clostridia	Lachnospirales	Lachnospiraceae	Enterocloster	Enterocloster sp.
CAG00639	d__Bacteria;p__Bacillota_A;c__Clostridia;o__Lachnospirales;f__Lachnospiraceae;g__Eubacterium_G;s__Eubacterium_G sp000434315	Bacteria	Bacillota_A	Clostridia	Lachnospirales	Lachnospiraceae	Eubacterium_G	Eubacterium_G sp000434315
CAG00640	d__Bacteria;p__Actinomycetota;c__Actinomycetia;o__Actinomycetales;f__Bifidobacteriaceae;g__Bifidobacterium;s__Bifidobacterium breve	Bacteria	Actinomycetota	Actinomycetia	Actinomycetales	Bifidobacteriaceae	Bifidobacterium	Bifidobacterium breve
CAG00641	d__Bacteria;p__Verrucomicrobiota;c__Kiritimatiellia;o__RFP12;f__UBA1067;g__RUG572;s__RUG572 sp900547945	Bacteria	Verrucomicrobiota	Kiritimatiellia	Kiritimatiellia RFP12	Kiritimatiellia RFP12 UBA1067	Kiritimatiellia RFP12 UBA1067 RUG572	Kiritimatiellia RFP12 UBA1067 RUG572 sp900547945
CAG00642	d__Bacteria;p__Bacteroidota;c__Bacteroidia;o__Bacteroidales;f__Bacteroidaceae;g__Prevotella;s__Prevotella sp002265625	Bacteria	Bacteroidota	Bacteroidia	Bacteroidales	Bacteroidaceae	Prevotella	Prevotella sp002265625
CAG00643	d__Bacteria;p__Bacillota_A;c__Clostridia;o__Christensenellales;f__Borkfalkiaceae;g__UMGS621;s__UMGS621 sp900543915	Bacteria	Bacillota_A	Clostridia	Christensenellales	Borkfalkiaceae	Borkfalkiaceae UMGS621	Borkfalkiaceae UMGS621 sp900543915
CAG00644	d__Bacteria;p__Bacillota_A;c__Clostridia;o__Christensenellales;f__CAG-138;g__Phil1;s__Phil1 sp001940855	Bacteria	Bacillota_A	Clostridia	Christensenellales	Christensenellales CAG-138	Christensenellales CAG-138 Phil1	Christensenellales CAG-138 Phil1 sp001940855
CAG00645	d__Bacteria;p__Bacillota_A;c__Clostridia;o__Oscillospirales;f__CAG-272;g__UMGS911;s__UMGS911 sp900545935	Bacteria	Bacillota_A	Clostridia	Oscillospirales	Oscillospirales CAG-272	Oscillospirales CAG-272 UMGS911	Oscillospirales CAG-272 UMGS911 sp900545935
CAG00646	d__Bacteria;p__Bacteroidota;c__Bacteroidia;o__Bacteroidales;f__Rikenellaceae;g__Alistipes;s__Alistipes merdipullorum	Bacteria	Bacteroidota	Bacteroidia	Bacteroidales	Rikenellaceae	Alistipes	Alistipes merdipullorum
CAG00647	d__Bacteria;p__Pseudomonadota;c__Gammaproteobacteria;o__Burkholderiales;f__Burkholderiaceae_A;g__Sutterella;s__Sutterella sp900754475	Bacteria	Pseudomonadota	Gammaproteobacteria	Burkholderiales	Burkholderiaceae_A	Sutterella	Sutterella sp900754475
CAG00648	d__Bacteria;p__Bacillota_A;c__Clostridia;o__Oscillospirales;f__Acutalibacteraceae;g__Eubacterium_R;s__Eubacterium_R sp003526845	Bacteria	Bacillota_A	Clostridia	Oscillospirales	Acutalibacteraceae	Eubacterium_R	Eubacterium_R sp003526845
CAG00649	d__Bacteria;p__Bacillota_A;c__Clostridia;o__Lachnospirales;f__Lachnospiraceae;g__Dorea_B;s__Dorea_B phocaeensis	Bacteria	Bacillota_A	Clostridia	Lachnospirales	Lachnospiraceae	Dorea_B	Dorea_B phocaeensis
CAG00650	d__Bacteria;p__Bacillota_A;c__Clostridia;o__Lachnospirales;f__Lachnospiraceae;g__Dorea;s__Dorea formicigenerans	Bacteria	Bacillota_A	Clostridia	Lachnospirales	Lachnospiraceae	Dorea	Dorea formicigenerans
CAG00651	d__Bacteria;p__Bacillota_A;c__Clostridia;o__Lachnospirales;f__Lachnospiraceae;g__Schaedlerella;s__Schaedlerella glycyrrhizinilytica_A	Bacteria	Bacillota_A	Clostridia	Lachnospirales	Lachnospiraceae	Schaedlerella	Schaedlerella glycyrrhizinilytica_A
CAG00652	d__Bacteria;p__Pseudomonadota;c__Gammaproteobacteria;o__Burkholderiales;f__Burkholderiaceae_A;g__Sutterella;s__Sutterella merdavium	Bacteria	Pseudomonadota	Gammaproteobacteria	Burkholderiales	Burkholderiaceae_A	Sutterella	Sutterella merdavium
CAG00653	d__Bacteria;p__Bacillota_A;c__Clostridia;o__Oscillospirales;f__Ruminococcaceae;g__Ruminiclostridium_E;s__Ruminiclostridium_E siraeum	Bacteria	Bacillota_A	Clostridia	Oscillospirales	Ruminococcaceae	Ruminiclostridium_E	Ruminiclostridium_E siraeum
CAG00654	d__Bacteria;p__Bacillota_A;c__Clostridia;o__Oscillospirales;f__Ruminococcaceae;g__Ruminococcus;s__Ruminococcus sp002438605	Bacteria	Bacillota_A	Clostridia	Oscillospirales	Ruminococcaceae	Ruminococcus	Ruminococcus sp002438605
CAG00655	d__Bacteria;p__Bacteroidota;c__Bacteroidia;o__Bacteroidales;f__Rikenellaceae;g__Alistipes_A;s__Alistipes_A sp900539755	Bacteria	Bacteroidota	Bacteroidia	Bacteroidales	Rikenellaceae	Alistipes_A	Alistipes_A sp900539755
CAG00656	d__Bacteria;p__Bacillota_A;c__Clostridia;o__Oscillospirales;f__Acutalibacteraceae;g__CAG-488;s__CAG-488 sp000434055	Bacteria	Bacillota_A	Clostridia	Oscillospirales	Acutalibacteraceae	Acutalibacteraceae CAG-488	Acutalibacteraceae CAG-488 sp000434055
CAG00657	d__Bacteria;p__Pseudomonadota;c__Gammaproteobacteria;o__Burkholderiales;f__Burkholderiaceae_A;g__Duodenibacillus;s__Duodenibacillus sp900544255	Bacteria	Pseudomonadota	Gammaproteobacteria	Burkholderiales	Burkholderiaceae_A	Duodenibacillus	Duodenibacillus sp900544255
CAG00658	d__Bacteria;p__Bacillota;c__Bacilli;o__RF39;f__UBA660;g__Coprosoma;s__Coprosoma sp900546055	Bacteria	Bacillota	Bacilli	Bacilli RF39	Bacilli RF39 UBA660	Coprosoma	Coprosoma sp900546055
CAG00659	d__Bacteria;p__Bacillota_A;c__Clostridia;o__Oscillospirales;f__Oscillospiraceae;g__Onthomonas;s__Onthomonas sp003150485	Bacteria	Bacillota_A	Clostridia	Oscillospirales	Oscillospiraceae	Onthomonas	Onthomonas sp003150485
CAG00660	d__Bacteria;p__Bacteroidota;c__Bacteroidia;o__Bacteroidales;f__Rikenellaceae;g__Alistipes;s__Alistipes timonensis	Bacteria	Bacteroidota	Bacteroidia	Bacteroidales	Rikenellaceae	Alistipes	Alistipes timonensis
CAG00661	d__Bacteria;p__Cyanobacteriota;c__Vampirovibrionia;o__Gastranaerophilales;f__Gastranaerophilaceae;g__Stercorousia;s__Stercorousia sp001765415	Bacteria	Cyanobacteriota	Vampirovibrionia	Gastranaerophilales	Gastranaerophilaceae	Stercorousia	Stercorousia sp001765415
CAG00662	d__Bacteria;p__Bacteroidota;c__Bacteroidia;o__Bacteroidales;f__Bacteroidaceae;g__Phocaeicola;s__Phocaeicola merdigallinarum	Bacteria	Bacteroidota	Bacteroidia	Bacteroidales	Bacteroidaceae	Phocaeicola	Phocaeicola merdigallinarum
CAG00663	d__Bacteria;p__Pseudomonadota;c__Gammaproteobacteria;o__Burkholderiales;f__Burkholderiaceae_A;g__Duodenibacillus;s__Duodenibacillus intestinigallinarum	Bacteria	Pseudomonadota	Gammaproteobacteria	Burkholderiales	Burkholderiaceae_A	Duodenibacillus	Duodenibacillus intestinigallinarum
CAG00664	d__Bacteria;p__Bacteroidota;c__Bacteroidia;o__Bacteroidales;f__Rikenellaceae;g__Alistipes;s__Alistipes avistercoris	Bacteria	Bacteroidota	Bacteroidia	Bacteroidales	Rikenellaceae	Alistipes	Alistipes avistercoris
CAG00665	d__Bacteria;p__Bacillota_A;c__Clostridia;o__Lachnospirales;f__Lachnospiraceae;g__Faecalimonas;s__Faecalimonas sp000209385	Bacteria	Bacillota_A	Clostridia	Lachnospirales	Lachnospiraceae	Faecalimonas	Faecalimonas sp000209385
CAG00666	d__Bacteria;p__Bacillota_A;c__Clostridia;o__Lachnospirales;f__Lachnospiraceae;g__Clostridium_Q;s__Clostridium_Q fessum	Bacteria	Bacillota_A	Clostridia	Lachnospirales	Lachnospiraceae	Clostridium_Q	Clostridium_Q fessum
CAG00667	d__Bacteria;p__Bacillota_A;c__Clostridia;o__Oscillospirales;f__Ruminococcaceae;g__Faecalibacterium;s__Faecalibacterium prausnitzii_D	Bacteria	Bacillota_A	Clostridia	Oscillospirales	Ruminococcaceae	Faecalibacterium	Faecalibacterium prausnitzii_D
CAG00668	d__Bacteria;p__Pseudomonadota;c__Alphaproteobacteria;o__RF32;f__CAG-239;g__MGBC133411;s__MGBC133411 sp900540425	Bacteria	Pseudomonadota	Alphaproteobacteria	Alphaproteobacteria RF32	Alphaproteobacteria RF32 CAG-239	Alphaproteobacteria RF32 CAG-239 MGBC133411	Alphaproteobacteria RF32 CAG-239 MGBC133411 sp900540425
CAG00669	d__Bacteria;p__Bacillota_A;c__Clostridia;o__Oscillospirales;f__Oscillospiraceae;g__UBA738;s__UBA738 sp003522945	Bacteria	Bacillota_A	Clostridia	Oscillospirales	Oscillospiraceae	Oscillospiraceae UBA738	Oscillospiraceae UBA738 sp003522945
CAG00670	d__Bacteria;p__Bacillota_A;c__Clostridia;o__Oscillospirales;f__Oscillospiraceae;g__CAG-170;s__CAG-170 sp003516765	Bacteria	Bacillota_A	Clostridia	Oscillospirales	Oscillospiraceae	Oscillospiraceae CAG-170	Oscillospiraceae CAG-170 sp003516765
CAG00671	d__Bacteria;p__Bacillota_A;c__Clostridia;o__Oscillospirales;f__CAG-272;g__Firm-07;s__Firm-07 sp900548735	Bacteria	Bacillota_A	Clostridia	Oscillospirales	Oscillospirales CAG-272	Oscillospirales CAG-272 Firm-07	Oscillospirales CAG-272 Firm-07 sp900548735
CAG00672	d__Bacteria;p__Bacillota_A;c__Clostridia;o__Oscillospirales;f__Ruminococcaceae;g__Negativibacillus;s__Negativibacillus sp000435195	Bacteria	Bacillota_A	Clostridia	Oscillospirales	Ruminococcaceae	Negativibacillus	Negativibacillus sp000435195
CAG00673	d__Bacteria;p__Bacillota_A;c__Clostridia;o__Monoglobales;f__Monoglobaceae;g__Monoglobus;s__Monoglobus pectinilyticus	Bacteria	Bacillota_A	Clostridia	Monoglobales	Monoglobaceae	Monoglobus	Monoglobus pectinilyticus
CAG00674	d__Bacteria;p__Bacillota_A;c__Clostridia;o__Lachnospirales;f__Lachnospiraceae;g__CAG-317;s__CAG-317 sp000433535	Bacteria	Bacillota_A	Clostridia	Lachnospirales	Lachnospiraceae	Lachnospiraceae CAG-317	Lachnospiraceae CAG-317 sp000433535
CAG00675	d__Bacteria;p__Bacillota_A;c__Clostridia;o__Oscillospirales;f__Acutalibacteraceae;g__CAG-217;s__CAG-217 sp000436335	Bacteria	Bacillota_A	Clostridia	Oscillospirales	Acutalibacteraceae	Acutalibacteraceae CAG-217	Acutalibacteraceae CAG-217 sp000436335
CAG00676	d__Bacteria;p__Bacillota_A;c__Clostridia;o__Oscillospirales;f__Oscillospiraceae;g__Vescimonas;s__Vescimonas sp900548615	Bacteria	Bacillota_A	Clostridia	Oscillospirales	Oscillospiraceae	Vescimonas	Vescimonas sp900548615
CAG00677	d__Bacteria;p__Verrucomicrobiota;c__Verrucomicrobiae;o__Opitutales;f__CAG-312;g__Merdousia;s__Merdousia sp900760665	Bacteria	Verrucomicrobiota	Verrucomicrobiae	Opitutales	Opitutales CAG-312	Merdousia	Merdousia sp900760665
CAG00678	d__Bacteria;p__Verrucomicrobiota;c__Verrucomicrobiae;o__Opitutales;f__CAG-312;g__Merdousia;s__Merdousia gallistercoris	Bacteria	Verrucomicrobiota	Verrucomicrobiae	Opitutales	Opitutales CAG-312	Merdousia	Merdousia gallistercoris
CAG00679	d__Bacteria;p__Bacillota_A;c__Clostridia;o__Christensenellales;f__QALW01;g__UMGS1338;s__UMGS1338 sp900550805	Bacteria	Bacillota_A	Clostridia	Christensenellales	Christensenellales QALW01	Christensenellales QALW01 UMGS1338	Christensenellales QALW01 UMGS1338 sp900550805
CAG00680	d__Bacteria;p__Bacteroidota;c__Bacteroidia;o__Bacteroidales;f__Muribaculaceae;g__CAG-485;s__CAG-485 sp900761855	Bacteria	Bacteroidota	Bacteroidia	Bacteroidales	Muribaculaceae	Muribaculaceae CAG-485	Muribaculaceae CAG-485 sp900761855
CAG00681	d__Bacteria;p__Bacillota;c__Bacilli;o__Erysipelotrichales;f__Erysipelotrichaceae;g__Faecalitalea;s__Faecalitalea cylindroides	Bacteria	Bacillota	Bacilli	Erysipelotrichales	Erysipelotrichaceae	Faecalitalea	Faecalitalea cylindroides
CAG00682	d__Bacteria;p__Cyanobacteriota;c__Vampirovibrionia;o__Gastranaerophilales;f__Gastranaerophilaceae;g__Zag111;s__	Bacteria	Cyanobacteriota	Vampirovibrionia	Gastranaerophilales	Gastranaerophilaceae	Gastranaerophilaceae Zag111	Gastranaerophilaceae Zag111 sp.
CAG00683	d__Bacteria;p__Bacillota;c__Bacilli;o__Acholeplasmatales;f__Anaeroplasmataceae;g__CAG-307;s__CAG-307 sp001916215	Bacteria	Bacillota	Bacilli	Acholeplasmatales	Anaeroplasmataceae	Anaeroplasmataceae CAG-307	Anaeroplasmataceae CAG-307 sp001916215
CAG00684	d__Bacteria;p__Bacillota_A;c__Clostridia;o__Oscillospirales;f__Oscillospiraceae;g__F23-B02;s__F23-B02 sp900545805	Bacteria	Bacillota_A	Clostridia	Oscillospirales	Oscillospiraceae	Oscillospiraceae F23-B02	Oscillospiraceae F23-B02 sp900545805
CAG00685	d__Bacteria;p__Pseudomonadota;c__Gammaproteobacteria;o__Enterobacterales_A;f__Pasteurellaceae;g__Haemophilus_D;s__Haemophilus_D pittmaniae	Bacteria	Pseudomonadota	Gammaproteobacteria	Enterobacterales_A	Pasteurellaceae	Haemophilus_D	Haemophilus_D pittmaniae
CAG00686	d__Bacteria;p__Bacteroidota;c__Bacteroidia;o__Bacteroidales;f__Bacteroidaceae;g__Prevotella;s__	Bacteria	Bacteroidota	Bacteroidia	Bacteroidales	Bacteroidaceae	Prevotella	Prevotella sp.
CAG00687	d__Bacteria;p__Bacteroidota;c__Bacteroidia;o__Bacteroidales;f__Bacteroidaceae;g__Alloprevotella;s__Alloprevotella sp900541575	Bacteria	Bacteroidota	Bacteroidia	Bacteroidales	Bacteroidaceae	Alloprevotella	Alloprevotella sp900541575
CAG00688	d__Bacteria;p__Bacteroidota;c__Bacteroidia;o__Bacteroidales;f__Bacteroidaceae;g__Alloprevotella;s__Alloprevotella sp900540885	Bacteria	Bacteroidota	Bacteroidia	Bacteroidales	Bacteroidaceae	Alloprevotella	Alloprevotella sp900540885
CAG00689	d__Bacteria;p__Bacteroidota;c__Bacteroidia;o__Bacteroidales;f__Bacteroidaceae;g__Prevotella;s__Prevotella sp900552675	Bacteria	Bacteroidota	Bacteroidia	Bacteroidales	Bacteroidaceae	Prevotella	Prevotella sp900552675
CAG00690	d__Bacteria;p__Bacillota_A;c__Clostridia;o__Lachnospirales;f__Anaerotignaceae;g__Anaerotignum;s__Anaerotignum lactatifermentans	Bacteria	Bacillota_A	Clostridia	Lachnospirales	Anaerotignaceae	Anaerotignum	Anaerotignum lactatifermentans
CAG00691	d__Bacteria;p__Bacillota;c__Bacilli;o__RFN20;f__CAG-826;g__Enteromonas;s__Enteromonas sp900539595	Bacteria	Bacillota	Bacilli	Bacilli RFN20	Bacilli RFN20 CAG-826	Enteromonas	Enteromonas sp900539595
CAG00692	d__Bacteria;p__Bacillota_A;c__Clostridia;o__Christensenellales;f__QAND01;g__UMGS1975;s__UMGS1975 sp900546685	Bacteria	Bacillota_A	Clostridia	Christensenellales	Christensenellales QAND01	Christensenellales QAND01 UMGS1975	Christensenellales QAND01 UMGS1975 sp900546685
CAG00693	d__Bacteria;p__Bacteroidota;c__Bacteroidia;o__Bacteroidales;f__Tannerellaceae;g__Parabacteroides;s__Parabacteroides faecavium	Bacteria	Bacteroidota	Bacteroidia	Bacteroidales	Tannerellaceae	Parabacteroides	Parabacteroides faecavium
CAG00694	d__Bacteria;p__Bacteroidota;c__Bacteroidia;o__Bacteroidales;f__Muribaculaceae;g__Limisoma;s__Limisoma sp900544305	Bacteria	Bacteroidota	Bacteroidia	Bacteroidales	Muribaculaceae	Limisoma	Limisoma sp900544305
CAG00695	d__Bacteria;p__Bacillota_A;c__Clostridia;o__Oscillospirales;f__Oscillospiraceae;g__Vescimonas;s__Vescimonas sp900547745	Bacteria	Bacillota_A	Clostridia	Oscillospirales	Oscillospiraceae	Vescimonas	Vescimonas sp900547745
CAG00696	d__Bacteria;p__Bacillota_A;c__Clostridia;o__Christensenellales;f__Borkfalkiaceae;g__Scatosoma;s__Scatosoma sp900555925	Bacteria	Bacillota_A	Clostridia	Christensenellales	Borkfalkiaceae	Scatosoma	Scatosoma sp900555925
CAG00697	d__Bacteria;p__Bacillota_A;c__Clostridia;o__Lachnospirales;f__Lachnospiraceae;g__UBA3402;s__UBA3402 sp003478355	Bacteria	Bacillota_A	Clostridia	Lachnospirales	Lachnospiraceae	Lachnospiraceae UBA3402	Lachnospiraceae UBA3402 sp003478355
CAG00698	d__Bacteria;p__Bacillota_A;c__Clostridia;o__Oscillospirales;f__Acutalibacteraceae;g__CAG-177;s__CAG-177 sp003538135	Bacteria	Bacillota_A	Clostridia	Oscillospirales	Acutalibacteraceae	Acutalibacteraceae CAG-177	Acutalibacteraceae CAG-177 sp003538135
CAG00699	d__Bacteria;p__Bacillota_C;c__Negativicutes;o__Veillonellales;f__Veillonellaceae;g__Veillonella_A;s__Veillonella_A seminalis	Bacteria	Bacillota_C	Negativicutes	Veillonellales	Veillonellaceae	Veillonella_A	Veillonella_A seminalis
CAG00700	d__Bacteria;p__Actinomycetota;c__Coriobacteriia;o__Coriobacteriales;f__Atopobiaceae;g__Coprovicinus;s__Coprovicinus sp900551595	Bacteria	Actinomycetota	Coriobacteriia	Coriobacteriales	Atopobiaceae	Coprovicinus	Coprovicinus sp900551595
CAG00701	d__Bacteria;p__Bacteroidota;c__Bacteroidia;o__Bacteroidales;f__UBA932;g__Cryptobacteroides;s__Cryptobacteroides sp900541925	Bacteria	Bacteroidota	Bacteroidia	Bacteroidales	Bacteroidales UBA932	Cryptobacteroides	Cryptobacteroides sp900541925
CAG00702	d__Bacteria;p__Actinomycetota;c__Actinomycetia;o__Actinomycetales;f__Bifidobacteriaceae;g__Bifidobacterium;s__Bifidobacterium adolescentis	Bacteria	Actinomycetota	Actinomycetia	Actinomycetales	Bifidobacteriaceae	Bifidobacterium	Bifidobacterium adolescentis
CAG00703	d__Archaea;p__Thermoplasmatota;c__Thermoplasmata;o__Methanomassiliicoccales;f__Methanomassiliicoccaceae;g__Methanomassiliicoccus_A;s__Methanomassiliicoccus_A intestinalis	Archaea	Thermoplasmatota	Thermoplasmata	Methanomassiliicoccales	Methanomassiliicoccaceae	Methanomassiliicoccus_A	Methanomassiliicoccus_A intestinalis
CAG00704	d__Bacteria;p__Bacillota_A;c__Clostridia;o__Oscillospirales;f__CAG-272;g__Firm-07;s__Firm-07 sp905187695	Bacteria	Bacillota_A	Clostridia	Oscillospirales	Oscillospirales CAG-272	Oscillospirales CAG-272 Firm-07	Oscillospirales CAG-272 Firm-07 sp905187695
CAG00705	d__Bacteria;p__Bacteroidota;c__Bacteroidia;o__Bacteroidales;f__Bacteroidaceae;g__Prevotella;s__Prevotella sp000434975	Bacteria	Bacteroidota	Bacteroidia	Bacteroidales	Bacteroidaceae	Prevotella	Prevotella sp000434975
CAG00706	d__Bacteria;p__Bacillota;c__Bacilli;o__Lactobacillales;f__Lactobacillaceae;g__Lactobacillus;s__Lactobacillus amylovorus	Bacteria	Bacillota	Bacilli	Lactobacillales	Lactobacillaceae	Lactobacillus	Lactobacillus amylovorus
CAG00707	d__Bacteria;p__Bacillota_A;c__Clostridia;o__Oscillospirales;f__CAG-382;g__UBA1206;s__UBA1206 sp000433115	Bacteria	Bacillota_A	Clostridia	Oscillospirales	Oscillospirales CAG-382	Oscillospirales CAG-382 UBA1206	Oscillospirales CAG-382 UBA1206 sp000433115
CAG00708	d__Bacteria;p__Bacteroidota;c__Bacteroidia;o__Bacteroidales;f__Rikenellaceae;g__Alistipes;s__Alistipes senegalensis	Bacteria	Bacteroidota	Bacteroidia	Bacteroidales	Rikenellaceae	Alistipes	Alistipes senegalensis
CAG00709	d__Bacteria;p__Bacillota;c__Bacilli;o__Erysipelotrichales;f__Erysipelotrichaceae;g__Bulleidia;s__Bulleidia sp900539965	Bacteria	Bacillota	Bacilli	Erysipelotrichales	Erysipelotrichaceae	Bulleidia	Bulleidia sp900539965
CAG00710	d__Bacteria;p__Actinomycetota;c__Coriobacteriia;o__Coriobacteriales;f__Coriobacteriaceae;g__Enorma;s__Enorma massiliensis	Bacteria	Actinomycetota	Coriobacteriia	Coriobacteriales	Coriobacteriaceae	Enorma	Enorma massiliensis
CAG00711	d__Bacteria;p__Bacteroidota;c__Bacteroidia;o__Bacteroidales;f__Bacteroidaceae;g__Phocaeicola;s__Phocaeicola plebeius_A	Bacteria	Bacteroidota	Bacteroidia	Bacteroidales	Bacteroidaceae	Phocaeicola	Phocaeicola plebeius_A
CAG00712	d__Bacteria;p__Desulfobacterota;c__Desulfovibrionia;o__Desulfovibrionales;f__Desulfovibrionaceae;g__Mailhella;s__	Bacteria	Desulfobacterota	Desulfovibrionia	Desulfovibrionales	Desulfovibrionaceae	Mailhella	Mailhella sp.
CAG00713	d__Bacteria;p__Bacillota_A;c__Clostridia;o__Lachnospirales;f__Lachnospiraceae;g__Anaerostipes;s__Anaerostipes hadrus_A	Bacteria	Bacillota_A	Clostridia	Lachnospirales	Lachnospiraceae	Anaerostipes	Anaerostipes hadrus_A
CAG00714	d__Bacteria;p__Bacillota_A;c__Clostridia;o__Christensenellales;f__CAG-74;g__Limiplasma;s__Limiplasma sp023411375	Bacteria	Bacillota_A	Clostridia	Christensenellales	Christensenellales CAG-74	Limiplasma	Limiplasma sp023411375
CAG00715	d__Bacteria;p__Actinomycetota;c__Coriobacteriia;o__Coriobacteriales;f__Coriobacteriaceae;g__Collinsella;s__Collinsella stercoris	Bacteria	Actinomycetota	Coriobacteriia	Coriobacteriales	Coriobacteriaceae	Collinsella	Collinsella stercoris
CAG00716	d__Bacteria;p__Bacillota_A;c__Clostridia;o__Oscillospirales;f__Ruminococcaceae;g__Angelakisella;s__Angelakisella sp900552845	Bacteria	Bacillota_A	Clostridia	Oscillospirales	Ruminococcaceae	Angelakisella	Angelakisella sp900552845
CAG00717	d__Bacteria;p__Bacillota_A;c__Clostridia;o__Lachnospirales;f__Lachnospiraceae;g__Coprococcus;s__Coprococcus eutactus	Bacteria	Bacillota_A	Clostridia	Lachnospirales	Lachnospiraceae	Coprococcus	Coprococcus eutactus
CAG00718	d__Bacteria;p__Bacillota_A;c__Clostridia;o__Lachnospirales;f__Lachnospiraceae;g__Eubacterium_G;s__Eubacterium_G ventriosum	Bacteria	Bacillota_A	Clostridia	Lachnospirales	Lachnospiraceae	Eubacterium_G	Eubacterium_G ventriosum
CAG00719	d__Bacteria;p__Bacillota_A;c__Clostridia;o__Oscillospirales;f__UBA644;g__UBA644;s__UBA644 sp900547165	Bacteria	Bacillota_A	Clostridia	Oscillospirales	Oscillospirales UBA644	Oscillospirales UBA644	Oscillospirales UBA644 sp900547165
CAG00720	d__Bacteria;p__Bacillota_A;c__Clostridia;o__Oscillospirales;f__Ruminococcaceae;g__Anaerotruncus;s__Anaerotruncus colihominis	Bacteria	Bacillota_A	Clostridia	Oscillospirales	Ruminococcaceae	Anaerotruncus	Anaerotruncus colihominis
CAG00721	d__Archaea;p__Methanobacteriota;c__Methanobacteria;o__Methanobacteriales;f__Methanobacteriaceae;g__Methanobrevibacter_A;s__Methanobrevibacter_A smithii	Archaea	Methanobacteriota	Methanobacteria	Methanobacteriales	Methanobacteriaceae	Methanobrevibacter_A	Methanobrevibacter_A smithii
CAG00722	d__Bacteria;p__Bacillota_C;c__Negativicutes;o__Acidaminococcales;f__Acidaminococcaceae;g__Acidaminococcus;s__Acidaminococcus fermentans	Bacteria	Bacillota_C	Negativicutes	Acidaminococcales	Acidaminococcaceae	Acidaminococcus	Acidaminococcus fermentans
CAG00723	d__Bacteria;p__Bacillota_A;c__Clostridia;o__Christensenellales;f__Borkfalkiaceae;g__UBA7597;s__UBA7597 sp003448195	Bacteria	Bacillota_A	Clostridia	Christensenellales	Borkfalkiaceae	Borkfalkiaceae UBA7597	Borkfalkiaceae UBA7597 sp003448195
CAG00724	d__Bacteria;p__Bacillota_A;c__Clostridia;o__Oscillospirales;f__CAG-382;g__Woodwardibium;s__Woodwardibium sp900754535	Bacteria	Bacillota_A	Clostridia	Oscillospirales	Oscillospirales CAG-382	Woodwardibium	Woodwardibium sp900754535
CAG00725	d__Bacteria;p__Bacillota_A;c__Clostridia;o__Oscillospirales;f__Oscillospiraceae;g__Faecousia;s__Faecousia sp900544945	Bacteria	Bacillota_A	Clostridia	Oscillospirales	Oscillospiraceae	Faecousia	Faecousia sp900544945
CAG00726	d__Bacteria;p__Pseudomonadota;c__Gammaproteobacteria;o__Enterobacterales_A;f__Succinivibrionaceae;g__Succinivibrio;s__Succinivibrio sp000431835	Bacteria	Pseudomonadota	Gammaproteobacteria	Enterobacterales_A	Succinivibrionaceae	Succinivibrio	Succinivibrio sp000431835
CAG00727	d__Bacteria;p__Actinomycetota;c__Coriobacteriia;o__Coriobacteriales;f__Eggerthellaceae;g__Eggerthella;s__Eggerthella lenta	Bacteria	Actinomycetota	Coriobacteriia	Coriobacteriales	Eggerthellaceae	Eggerthella	Eggerthella lenta
CAG00728	d__Bacteria;p__Bacillota_A;c__Clostridia;o__Oscillospirales;f__Acutalibacteraceae;g__Eubacterium_R;s__Eubacterium_R sp000433975	Bacteria	Bacillota_A	Clostridia	Oscillospirales	Acutalibacteraceae	Eubacterium_R	Eubacterium_R sp000433975
CAG00729	d__Bacteria;p__Bacillota_A;c__Clostridia;o__Oscillospirales;f__Oscillospiraceae;g__Dysosmobacter;s__Dysosmobacter excrementavium	Bacteria	Bacillota_A	Clostridia	Oscillospirales	Oscillospiraceae	Dysosmobacter	Dysosmobacter excrementavium
CAG00730	d__Bacteria;p__Bacillota_C;c__Negativicutes;o__Veillonellales;f__Dialisteraceae;g__Dialister;s__Dialister sp002320515	Bacteria	Bacillota_C	Negativicutes	Veillonellales	Dialisteraceae	Dialister	Dialister sp002320515
CAG00731	d__Bacteria;p__Pseudomonadota;c__Gammaproteobacteria;o__Burkholderiales;f__Burkholderiaceae_A;g__Parasutterella;s__Parasutterella gallistercoris	Bacteria	Pseudomonadota	Gammaproteobacteria	Burkholderiales	Burkholderiaceae_A	Parasutterella	Parasutterella gallistercoris
CAG00732	d__Bacteria;p__Bacillota_A;c__Clostridia;o__Lachnospirales;f__Lachnospiraceae;g__Eubacterium_I;s__Eubacterium_I sp900546495	Bacteria	Bacillota_A	Clostridia	Lachnospirales	Lachnospiraceae	Eubacterium_I	Eubacterium_I sp900546495
CAG00733	d__Bacteria;p__Bacillota_A;c__Clostridia;o__Oscillospirales;f__Acutalibacteraceae;g__Ruminococcus_E;s__Ruminococcus_E sp934476515	Bacteria	Bacillota_A	Clostridia	Oscillospirales	Acutalibacteraceae	Ruminococcus_E	Ruminococcus_E sp934476515
CAG00734	d__Bacteria;p__Bacteroidota;c__Bacteroidia;o__Bacteroidales;f__UBA932;g__Cryptobacteroides;s__Cryptobacteroides sp000432515	Bacteria	Bacteroidota	Bacteroidia	Bacteroidales	Bacteroidales UBA932	Cryptobacteroides	Cryptobacteroides sp000432515
CAG00735	d__Bacteria;p__Bacillota_A;c__Clostridia;o__Lachnospirales;f__Lachnospiraceae;g__Eubacterium_G;s__Eubacterium_G sp900548465	Bacteria	Bacillota_A	Clostridia	Lachnospirales	Lachnospiraceae	Eubacterium_G	Eubacterium_G sp900548465
CAG00736	d__Bacteria;p__Bacillota_A;c__Clostridia;o__Lachnospirales;f__Lachnospiraceae;g__Mediterraneibacter;s__Mediterraneibacter faecis	Bacteria	Bacillota_A	Clostridia	Lachnospirales	Lachnospiraceae	Mediterraneibacter	Mediterraneibacter faecis
CAG00737	d__Bacteria;p__Bacteroidota;c__Bacteroidia;o__Bacteroidales;f__Rikenellaceae;g__Alistipes;s__Alistipes sp900541585	Bacteria	Bacteroidota	Bacteroidia	Bacteroidales	Rikenellaceae	Alistipes	Alistipes sp900541585
CAG00738	d__Bacteria;p__Bacillota_A;c__Clostridia;o__Oscillospirales;f__CAG-272;g__CAG-724;s__CAG-724 sp003524145	Bacteria	Bacillota_A	Clostridia	Oscillospirales	Oscillospirales CAG-272	Oscillospirales CAG-272 CAG-724	Oscillospirales CAG-272 CAG-724 sp003524145
CAG00739	d__Bacteria;p__Pseudomonadota;c__Gammaproteobacteria;o__Burkholderiales;f__Burkholderiaceae_A;g__Turicimonas;s__Turicimonas sp900542195	Bacteria	Pseudomonadota	Gammaproteobacteria	Burkholderiales	Burkholderiaceae_A	Turicimonas	Turicimonas sp900542195
CAG00740	d__Bacteria;p__Bacillota_A;c__Clostridia;o__Christensenellales;f__Pumilibacteraceae;g__UBA10677;s__UBA10677 sp900553005	Bacteria	Bacillota_A	Clostridia	Christensenellales	Pumilibacteraceae	Pumilibacteraceae UBA10677	Pumilibacteraceae UBA10677 sp900553005
CAG00741	d__Bacteria;p__Cyanobacteriota;c__Vampirovibrionia;o__Gastranaerophilales;f__Gastranaerophilaceae;g__Zag111;s__Zag111 sp002103105	Bacteria	Cyanobacteriota	Vampirovibrionia	Gastranaerophilales	Gastranaerophilaceae	Gastranaerophilaceae Zag111	Gastranaerophilaceae Zag111 sp002103105
CAG00742	d__Bacteria;p__Fusobacteriota;c__Fusobacteriia;o__Fusobacteriales;f__Fusobacteriaceae;g__Fusobacterium_B;s__Fusobacterium_B sp900541465	Bacteria	Fusobacteriota	Fusobacteriia	Fusobacteriales	Fusobacteriaceae	Fusobacterium_B	Fusobacterium_B sp900541465
CAG00743	d__Bacteria;p__Bacteroidota;c__Bacteroidia;o__Bacteroidales;f__Bacteroidaceae;g__Phocaeicola;s__Phocaeicola salanitronis	Bacteria	Bacteroidota	Bacteroidia	Bacteroidales	Bacteroidaceae	Phocaeicola	Phocaeicola salanitronis
CAG00744	d__Bacteria;p__Bacillota_A;c__Clostridia;o__Christensenellales;f__Borkfalkiaceae;g__UBA10281;s__UBA10281 sp900764105	Bacteria	Bacillota_A	Clostridia	Christensenellales	Borkfalkiaceae	Borkfalkiaceae UBA10281	Borkfalkiaceae UBA10281 sp900764105
CAG00745	d__Bacteria;p__Bacillota_C;c__Negativicutes;o__Veillonellales;f__Dialisteraceae;g__Dialister;s__Dialister invisus	Bacteria	Bacillota_C	Negativicutes	Veillonellales	Dialisteraceae	Dialister	Dialister invisus
CAG00746	d__Bacteria;p__Actinomycetota;c__Coriobacteriia;o__Coriobacteriales;f__Eggerthellaceae;g__Anaerotardibacter;s__Anaerotardibacter sp900542265	Bacteria	Actinomycetota	Coriobacteriia	Coriobacteriales	Eggerthellaceae	Anaerotardibacter	Anaerotardibacter sp900542265
CAG00747	d__Bacteria;p__Bacteroidota;c__Bacteroidia;o__Bacteroidales;f__Bacteroidaceae;g__Prevotella;s__Prevotella avicola	Bacteria	Bacteroidota	Bacteroidia	Bacteroidales	Bacteroidaceae	Prevotella	Prevotella avicola
CAG00748	d__Bacteria;p__Bacillota_A;c__Clostridia;o__Christensenellales;f__Pumilibacteraceae;g__UMGS1795;s__UMGS1795 sp900761165	Bacteria	Bacillota_A	Clostridia	Christensenellales	Pumilibacteraceae	Pumilibacteraceae UMGS1795	Pumilibacteraceae UMGS1795 sp900761165
CAG00749	d__Bacteria;p__Actinomycetota;c__Coriobacteriia;o__Coriobacteriales;f__Atopobiaceae;g__Tractidigestivibacter;s__Tractidigestivibacter sp000752675	Bacteria	Actinomycetota	Coriobacteriia	Coriobacteriales	Atopobiaceae	Tractidigestivibacter	Tractidigestivibacter sp000752675
CAG00750	d__Bacteria;p__Bacillota_A;c__Clostridia;o__HGM11514;f__HGM11514;g__HGM11514;s__HGM11514 sp900757255	Bacteria	Bacillota_A	Clostridia	Clostridia HGM11514	Clostridia HGM11514	Clostridia HGM11514	Clostridia HGM11514 sp900757255
CAG00751	d__Bacteria;p__Bacillota_A;c__Clostridia;o__Peptostreptococcales;f__Anaerovoracaceae;g__CAG-238;s__CAG-238 sp000435615	Bacteria	Bacillota_A	Clostridia	Peptostreptococcales	Anaerovoracaceae	Anaerovoracaceae CAG-238	Anaerovoracaceae CAG-238 sp000435615
CAG00752	d__Bacteria;p__Bacillota_A;c__Clostridia;o__Peptostreptococcales;f__Peptostreptococcaceae;g__Peptostreptococcus;s__Peptostreptococcus anaerobius	Bacteria	Bacillota_A	Clostridia	Peptostreptococcales	Peptostreptococcaceae	Peptostreptococcus	Peptostreptococcus anaerobius
CAG00753	d__Bacteria;p__Pseudomonadota;c__Alphaproteobacteria;o__RF32;f__CAG-239;g__Scatacola_A;s__Scatacola_A faecigallinarum	Bacteria	Pseudomonadota	Alphaproteobacteria	Alphaproteobacteria RF32	Alphaproteobacteria RF32 CAG-239	Scatacola_A	Scatacola_A faecigallinarum
CAG00754	d__Bacteria;p__Bacillota_A;c__Clostridia;o__Christensenellales;f__Pumilibacteraceae;g__UMGS1795;s__UMGS1795 sp900553555	Bacteria	Bacillota_A	Clostridia	Christensenellales	Pumilibacteraceae	Pumilibacteraceae UMGS1795	Pumilibacteraceae UMGS1795 sp900553555
CAG00755	d__Bacteria;p__Bacillota_A;c__Clostridia;o__Oscillospirales;f__Ruminococcaceae;g__Faecalibacterium;s__Faecalibacterium sp900539945	Bacteria	Bacillota_A	Clostridia	Oscillospirales	Ruminococcaceae	Faecalibacterium	Faecalibacterium sp900539945
CAG00756	d__Bacteria;p__Bacteroidota;c__Bacteroidia;o__Bacteroidales;f__Coprobacteraceae;g__Coprobacter;s__Coprobacter secundus	Bacteria	Bacteroidota	Bacteroidia	Bacteroidales	Coprobacteraceae	Coprobacter	Coprobacter secundus
CAG00757	d__Bacteria;p__Bacteroidota;c__Bacteroidia;o__Bacteroidales;f__UBA932;g__Cryptobacteroides;s__Cryptobacteroides sp000434935	Bacteria	Bacteroidota	Bacteroidia	Bacteroidales	Bacteroidales UBA932	Cryptobacteroides	Cryptobacteroides sp000434935
CAG00758	d__Bacteria;p__Bacillota_A;c__Clostridia;o__Oscillospirales;f__Acutalibacteraceae;g__Eubacterium_R;s__Eubacterium_R sp900548085	Bacteria	Bacillota_A	Clostridia	Oscillospirales	Acutalibacteraceae	Eubacterium_R	Eubacterium_R sp900548085
CAG00759	d__Bacteria;p__Bacillota_A;c__Clostridia;o__Christensenellales;f__Borkfalkiaceae;g__Coproplasma;s__Coproplasma sp905207385	Bacteria	Bacillota_A	Clostridia	Christensenellales	Borkfalkiaceae	Coproplasma	Coproplasma sp905207385
CAG00760	d__Bacteria;p__Bacillota_A;c__Clostridia;o__Oscillospirales;f__Acutalibacteraceae;g__CAG-177;s__CAG-177 sp003514385	Bacteria	Bacillota_A	Clostridia	Oscillospirales	Acutalibacteraceae	Acutalibacteraceae CAG-177	Acutalibacteraceae CAG-177 sp003514385
CAG00761	d__Bacteria;p__Cyanobacteriota;c__Vampirovibrionia;o__Gastranaerophilales;f__Gastranaerophilaceae;g__CAG-196;s__CAG-196 sp002102975	Bacteria	Cyanobacteriota	Vampirovibrionia	Gastranaerophilales	Gastranaerophilaceae	Gastranaerophilaceae CAG-196	Gastranaerophilaceae CAG-196 sp002102975
CAG00762	d__Bacteria;p__Bacillota_A;c__Clostridia;o__Oscillospirales;f__CAG-272;g__CAG-841;s__CAG-841 sp900544285	Bacteria	Bacillota_A	Clostridia	Oscillospirales	Oscillospirales CAG-272	Oscillospirales CAG-272 CAG-841	Oscillospirales CAG-272 CAG-841 sp900544285
CAG00763	d__Bacteria;p__Bacillota_A;c__Clostridia;o__Oscillospirales;f__Oscillospiraceae;g__Vescimonas;s__Vescimonas sp900545495	Bacteria	Bacillota_A	Clostridia	Oscillospirales	Oscillospiraceae	Vescimonas	Vescimonas sp900545495
CAG00764	d__Bacteria;p__Bacillota_A;c__Clostridia;o__Lachnospirales;f__Lachnospiraceae;g__Ventrimonas;s__Ventrimonas sp003478505	Bacteria	Bacillota_A	Clostridia	Lachnospirales	Lachnospiraceae	Ventrimonas	Ventrimonas sp003478505
CAG00765	d__Bacteria;p__Bacteroidota;c__Bacteroidia;o__Flavobacteriales;f__UBA1820;g__Merdimorpha;s__Merdimorpha sp002314265	Bacteria	Bacteroidota	Bacteroidia	Flavobacteriales	Flavobacteriales UBA1820	Merdimorpha	Merdimorpha sp002314265
CAG00766	d__Bacteria;p__Bacillota_A;c__Clostridia;o__Oscillospirales;f__Oscillospiraceae;g__Vescimonas;s__Vescimonas sp000435555	Bacteria	Bacillota_A	Clostridia	Oscillospirales	Oscillospiraceae	Vescimonas	Vescimonas sp000435555
CAG00767	d__Bacteria;p__Bacillota_A;c__Clostridia;o__Christensenellales;f__;g__;s__	Bacteria	Bacillota_A	Clostridia	Christensenellales	unclassified Christensenellales	unclassified Christensenellales	Christensenellales bacterium
CAG00768	d__Bacteria;p__Bacteroidota;c__Bacteroidia;o__Bacteroidales;f__Coprobacteraceae;g__Coprobacter;s__Coprobacter sp900545915	Bacteria	Bacteroidota	Bacteroidia	Bacteroidales	Coprobacteraceae	Coprobacter	Coprobacter sp900545915
CAG00769	d__Bacteria;p__Bacillota_A;c__Clostridia;o__;f__;g__;s__	Bacteria	Bacillota_A	Clostridia	unclassified Clostridia	unclassified Clostridia	unclassified Clostridia	Clostridia bacterium
CAG00770	d__Bacteria;p__Actinomycetota;c__Coriobacteriia;o__Coriobacteriales;f__QAMH01;g__QAMH01;s__QAMH01 sp900544245	Bacteria	Actinomycetota	Coriobacteriia	Coriobacteriales	Coriobacteriales QAMH01	Coriobacteriales QAMH01	Coriobacteriales QAMH01 sp900544245
CAG00771	d__Bacteria;p__Bacillota_A;c__Clostridia;o__Oscillospirales;f__Acutalibacteraceae;g__UMGS172;s__UMGS172 sp900539855	Bacteria	Bacillota_A	Clostridia	Oscillospirales	Acutalibacteraceae	Acutalibacteraceae UMGS172	Acutalibacteraceae UMGS172 sp900539855
CAG00772	d__Bacteria;p__Verrucomicrobiota;c__Lentisphaeria;o__Victivallales;f__Victivallaceae;g__Victivallis;s__Victivallis sp900551245	Bacteria	Verrucomicrobiota	Lentisphaeria	Victivallales	Victivallaceae	Victivallis	Victivallis sp900551245
CAG00773	d__Bacteria;p__Bacillota_A;c__Clostridia;o__Oscillospirales;f__Oscillospiraceae;g__Vescimonas;s__Vescimonas sp900545585	Bacteria	Bacillota_A	Clostridia	Oscillospirales	Oscillospiraceae	Vescimonas	Vescimonas sp900545585
CAG00774	d__Bacteria;p__Bacillota_A;c__Clostridia;o__Christensenellales;f__CAG-74;g__Limiplasma;s__Limiplasma sp004556545	Bacteria	Bacillota_A	Clostridia	Christensenellales	Christensenellales CAG-74	Limiplasma	Limiplasma sp004556545
CAG00775	d__Bacteria;p__Bacillota_A;c__Clostridia;o__Lachnospirales;f__Anaerotignaceae;g__Anaerotignum;s__Anaerotignum faecicola	Bacteria	Bacillota_A	Clostridia	Lachnospirales	Anaerotignaceae	Anaerotignum	Anaerotignum faecicola
CAG00776	d__Bacteria;p__Bacillota_A;c__Clostridia;o__Lachnospirales;f__Lachnospiraceae;g__Coprococcus;s__Coprococcus sp900548215	Bacteria	Bacillota_A	Clostridia	Lachnospirales	Lachnospiraceae	Coprococcus	Coprococcus sp900548215
CAG00777	d__Bacteria;p__Actinomycetota;c__Coriobacteriia;o__Coriobacteriales;f__Atopobiaceae;g__Thermophilibacter;s__Thermophilibacter provencensis	Bacteria	Actinomycetota	Coriobacteriia	Coriobacteriales	Atopobiaceae	Thermophilibacter	Thermophilibacter provencensis
CAG00778	d__Bacteria;p__Bacillota;c__Bacilli;o__RFN20;f__CAG-826;g__RUG131;s__RUG131 sp900549975	Bacteria	Bacillota	Bacilli	Bacilli RFN20	Bacilli RFN20 CAG-826	Bacilli RFN20 CAG-826 RUG131	Bacilli RFN20 CAG-826 RUG131 sp900549975
CAG00779	d__Bacteria;p__Bacillota_C;c__Negativicutes;o__Veillonellales;f__Megasphaeraceae;g__Megasphaera;s__Megasphaera stantonii	Bacteria	Bacillota_C	Negativicutes	Veillonellales	Megasphaeraceae	Megasphaera	Megasphaera stantonii
CAG00780	d__Bacteria;p__Bacillota_A;c__Clostridia;o__UBA1381;f__UBA1381;g__CAG-41;s__CAG-41 sp900066215	Bacteria	Bacillota_A	Clostridia	Clostridia UBA1381	Clostridia UBA1381	Clostridia UBA1381 CAG-41	Clostridia UBA1381 CAG-41 sp900066215
CAG00781	d__Bacteria;p__Bacillota_A;c__Clostridia;o__Oscillospirales;f__Oscillospiraceae;g__F23-B02;s__F23-B02 sp000431075	Bacteria	Bacillota_A	Clostridia	Oscillospirales	Oscillospiraceae	Oscillospiraceae F23-B02	Oscillospiraceae F23-B02 sp000431075
CAG00782	d__Bacteria;p__Bacillota_A;c__Clostridia;o__Lachnospirales;f__Lachnospiraceae;g__Agathobacter;s__Agathobacter rectalis	Bacteria	Bacillota_A	Clostridia	Lachnospirales	Lachnospiraceae	Agathobacter	Agathobacter rectalis
CAG00783	d__Bacteria;p__Bacillota_A;c__Clostridia;o__Oscillospirales;f__Oscillospiraceae;g__Vescimonas;s__Vescimonas sp003539495	Bacteria	Bacillota_A	Clostridia	Oscillospirales	Oscillospiraceae	Vescimonas	Vescimonas sp003539495
CAG00784	d__Bacteria;p__Bacillota_A;c__Clostridia;o__Oscillospirales;f__Oscillospiraceae;g__Lawsonibacter;s__Lawsonibacter sp944385665	Bacteria	Bacillota_A	Clostridia	Oscillospirales	Oscillospiraceae	Lawsonibacter	Lawsonibacter sp944385665
CAG00785	d__Bacteria;p__Bacillota;c__Bacilli;o__ML615J-28;f__CAG-698;g__CAG-698;s__CAG-698 sp000431235	Bacteria	Bacillota	Bacilli	Bacilli ML615J-28	Bacilli ML615J-28 CAG-698	Bacilli ML615J-28 CAG-698	Bacilli ML615J-28 CAG-698 sp000431235
CAG00786	d__Bacteria;p__Bacillota_A;c__Clostridia;o__TANB77;f__CAG-508;g__CAG-492;s__CAG-492 sp000434015	Bacteria	Bacillota_A	Clostridia	Clostridia TANB77	Clostridia TANB77 CAG-508	Clostridia TANB77 CAG-508 CAG-492	Clostridia TANB77 CAG-508 CAG-492 sp000434015
CAG00787	d__Bacteria;p__Bacillota_C;c__Negativicutes;o__Veillonellales;f__Dialisteraceae;g__Dialister;s__Dialister sp000434475	Bacteria	Bacillota_C	Negativicutes	Veillonellales	Dialisteraceae	Dialister	Dialister sp000434475
CAG00788	d__Bacteria;p__Actinomycetota;c__Coriobacteriia;o__Coriobacteriales;f__Eggerthellaceae;g__;s__	Bacteria	Actinomycetota	Coriobacteriia	Coriobacteriales	Eggerthellaceae	unclassified Eggerthellaceae	Eggerthellaceae bacterium
CAG00789	d__Bacteria;p__Bacillota_A;c__Clostridia;o__Lachnospirales;f__Lachnospiraceae;g__Roseburia;s__Roseburia sp003483745	Bacteria	Bacillota_A	Clostridia	Lachnospirales	Lachnospiraceae	Roseburia	Roseburia sp003483745
CAG00790	d__Bacteria;p__Bacillota_A;c__Clostridia;o__Lachnospirales;f__Lachnospiraceae;g__Eubacterium_I;s__Eubacterium_I ramulus_A	Bacteria	Bacillota_A	Clostridia	Lachnospirales	Lachnospiraceae	Eubacterium_I	Eubacterium_I ramulus_A
CAG00791	d__Bacteria;p__Bacillota_A;c__Clostridia;o__Clostridiales;f__Clostridiaceae;g__Clostridium;s__Clostridium sp001916075	Bacteria	Bacillota_A	Clostridia	Clostridiales	Clostridiaceae	Clostridium	Clostridium sp001916075
CAG00792	d__Bacteria;p__Bacillota_A;c__Clostridia;o__Lachnospirales;f__Lachnospiraceae;g__Acetatifactor;s__Acetatifactor intestinalis	Bacteria	Bacillota_A	Clostridia	Lachnospirales	Lachnospiraceae	Acetatifactor	Acetatifactor intestinalis
CAG00793	d__Bacteria;p__Cyanobacteriota;c__Vampirovibrionia;o__Gastranaerophilales;f__Gastranaerophilaceae;g__Stercorousia;s__Stercorousia sp000437435	Bacteria	Cyanobacteriota	Vampirovibrionia	Gastranaerophilales	Gastranaerophilaceae	Stercorousia	Stercorousia sp000437435
CAG00794	d__Bacteria;p__Bacillota;c__Bacilli;o__Erysipelotrichales;f__Erysipelotrichaceae;g__Absicoccus;s__Absicoccus sp000434355	Bacteria	Bacillota	Bacilli	Erysipelotrichales	Erysipelotrichaceae	Absicoccus	Absicoccus sp000434355
CAG00795	d__Bacteria;p__Bacillota_A;c__Clostridia;o__Oscillospirales;f__Oscillospiraceae;g__Lawsonibacter;s__Lawsonibacter sp900766145	Bacteria	Bacillota_A	Clostridia	Oscillospirales	Oscillospiraceae	Lawsonibacter	Lawsonibacter sp900766145
CAG00796	d__Bacteria;p__Bacillota_A;c__Clostridia;o__Oscillospirales;f__Acutalibacteraceae;g__Ruminococcus_E;s__Ruminococcus_E sp003526955	Bacteria	Bacillota_A	Clostridia	Oscillospirales	Acutalibacteraceae	Ruminococcus_E	Ruminococcus_E sp003526955
CAG00797	d__Bacteria;p__Bacillota_A;c__Clostridia;o__Oscillospirales;f__Acutalibacteraceae;g__Eubacterium_R;s__Eubacterium_R sp000434995	Bacteria	Bacillota_A	Clostridia	Oscillospirales	Acutalibacteraceae	Eubacterium_R	Eubacterium_R sp000434995
CAG00798	d__Bacteria;p__Bacillota_A;c__Clostridia;o__Christensenellales;f__CAG-314;g__UMGS929;s__UMGS929 sp900546875	Bacteria	Bacillota_A	Clostridia	Christensenellales	Christensenellales CAG-314	Christensenellales CAG-314 UMGS929	Christensenellales CAG-314 UMGS929 sp900546875
CAG00799	d__Bacteria;p__Bacillota_A;c__Clostridia;o__Lachnospirales;f__Lachnospiraceae;g__Dorea_A;s__Dorea_A longicatena	Bacteria	Bacillota_A	Clostridia	Lachnospirales	Lachnospiraceae	Dorea_A	Dorea_A longicatena
CAG00800	d__Bacteria;p__Bacillota_A;c__Clostridia;o__Oscillospirales;f__CAG-272;g__UMGS902;s__UMGS902 sp003343845	Bacteria	Bacillota_A	Clostridia	Oscillospirales	Oscillospirales CAG-272	Oscillospirales CAG-272 UMGS902	Oscillospirales CAG-272 UMGS902 sp003343845
CAG00801	d__Bacteria;p__Pseudomonadota;c__Gammaproteobacteria;o__Burkholderiales;f__Burkholderiaceae_A;g__Sutterella;s__Sutterella sp905186105	Bacteria	Pseudomonadota	Gammaproteobacteria	Burkholderiales	Burkholderiaceae_A	Sutterella	Sutterella sp905186105
CAG00802	d__Bacteria;p__Synergistota;c__Synergistia;o__Synergistales;f__Synergistaceae;g__Caccocola;s__Caccocola faecigallinarum	Bacteria	Synergistota	Synergistia	Synergistales	Synergistaceae	Caccocola	Caccocola faecigallinarum
CAG00803	d__Bacteria;p__Bacillota_A;c__Clostridia;o__Christensenellales;f__Pumilibacteraceae;g__UBA10677;s__UBA10677 sp003533505	Bacteria	Bacillota_A	Clostridia	Christensenellales	Pumilibacteraceae	Pumilibacteraceae UBA10677	Pumilibacteraceae UBA10677 sp003533505
CAG00804	d__Bacteria;p__Bacteroidota;c__Bacteroidia;o__Bacteroidales;f__Bacteroidaceae;g__Prevotella;s__Prevotella stercorea	Bacteria	Bacteroidota	Bacteroidia	Bacteroidales	Bacteroidaceae	Prevotella	Prevotella stercorea
CAG00805	d__Bacteria;p__Bacillota_A;c__Clostridia;o__Oscillospirales;f__Oscillospiraceae;g__Lawsonibacter;s__Lawsonibacter sp900066825	Bacteria	Bacillota_A	Clostridia	Oscillospirales	Oscillospiraceae	Lawsonibacter	Lawsonibacter sp900066825
CAG00806	d__Bacteria;p__Bacillota_A;c__Clostridia;o__Christensenellales;f__CAG-314;g__Fimimonas;s__Fimimonas sp003537755	Bacteria	Bacillota_A	Clostridia	Christensenellales	Christensenellales CAG-314	Fimimonas	Fimimonas sp003537755
CAG00807	d__Bacteria;p__Bacillota;c__Bacilli;o__Erysipelotrichales;f__Erysipelotrichaceae;g__Holdemanella;s__	Bacteria	Bacillota	Bacilli	Erysipelotrichales	Erysipelotrichaceae	Holdemanella	Holdemanella sp.
CAG00808	d__Bacteria;p__Bacillota_A;c__Clostridia;o__Oscillospirales;f__Oscillospiraceae;g__Evtepia;s__Evtepia excrementipullorum	Bacteria	Bacillota_A	Clostridia	Oscillospirales	Oscillospiraceae	Evtepia	Evtepia excrementipullorum
CAG00809	d__Bacteria;p__Bacillota_A;c__Clostridia;o__TANB77;f__CAG-508;g__CAG-269;s__CAG-269 sp934169725	Bacteria	Bacillota_A	Clostridia	Clostridia TANB77	Clostridia TANB77 CAG-508	Clostridia TANB77 CAG-508 CAG-269	Clostridia TANB77 CAG-508 CAG-269 sp934169725
CAG00810	d__Bacteria;p__Bacteroidota;c__Bacteroidia;o__Bacteroidales;f__UBA932;g__Cryptobacteroides;s__Cryptobacteroides avistercoris	Bacteria	Bacteroidota	Bacteroidia	Bacteroidales	Bacteroidales UBA932	Cryptobacteroides	Cryptobacteroides avistercoris
CAG00811	d__Bacteria;p__Bacillota_A;c__Clostridia;o__Oscillospirales;f__CAG-272;g__UBA11512;s__UBA11512 sp003522145	Bacteria	Bacillota_A	Clostridia	Oscillospirales	Oscillospirales CAG-272	Oscillospirales CAG-272 UBA11512	Oscillospirales CAG-272 UBA11512 sp003522145
CAG00812	d__Bacteria;p__Bacillota;c__Bacilli;o__Erysipelotrichales;f__Coprobacillaceae;g__Catenibacterium;s__Catenibacterium sp000437715	Bacteria	Bacillota	Bacilli	Erysipelotrichales	Coprobacillaceae	Catenibacterium	Catenibacterium sp000437715
CAG00813	d__Archaea;p__Thermoplasmatota;c__Thermoplasmata;o__Methanomassiliicoccales;f__Methanomethylophilaceae;g__Methanomethylophilus;s__Methanomethylophilus alvus	Archaea	Thermoplasmatota	Thermoplasmata	Methanomassiliicoccales	Methanomethylophilaceae	Methanomethylophilus	Methanomethylophilus alvus
CAG00814	d__Bacteria;p__Bacillota_A;c__Clostridia;o__Lachnospirales;f__Lachnospiraceae;g__Eubacterium_G;s__Eubacterium_G sp000435815	Bacteria	Bacillota_A	Clostridia	Lachnospirales	Lachnospiraceae	Eubacterium_G	Eubacterium_G sp000435815
CAG00815	d__Bacteria;p__Bacillota;c__Bacilli;o__Lactobacillales;f__Streptococcaceae;g__Lactococcus;s__Lactococcus cremoris	Bacteria	Bacillota	Bacilli	Lactobacillales	Streptococcaceae	Lactococcus	Lactococcus cremoris
CAG00816	d__Bacteria;p__Bacillota;c__Bacilli;o__Erysipelotrichales;f__Coprobacillaceae;g__Massilimicrobiota;s__Massilimicrobiota merdigallinarum	Bacteria	Bacillota	Bacilli	Erysipelotrichales	Coprobacillaceae	Massilimicrobiota	Massilimicrobiota merdigallinarum
CAG00817	d__Bacteria;p__Bacillota_A;c__Clostridia;o__Oscillospirales;f__CAG-382;g__Woodwardibium;s__Woodwardibium sp900760275	Bacteria	Bacillota_A	Clostridia	Oscillospirales	Oscillospirales CAG-382	Woodwardibium	Woodwardibium sp900760275
CAG00818	d__Bacteria;p__Bacillota;c__Bacilli;o__Erysipelotrichales;f__Coprobacillaceae;g__Faecalibacillus;s__Faecalibacillus faecis	Bacteria	Bacillota	Bacilli	Erysipelotrichales	Coprobacillaceae	Faecalibacillus	Faecalibacillus faecis
CAG00819	d__Bacteria;p__Bacillota_C;c__Negativicutes;o__Acidaminococcales;f__Acidaminococcaceae;g__Acidaminococcus;s__Acidaminococcus sp000437815	Bacteria	Bacillota_C	Negativicutes	Acidaminococcales	Acidaminococcaceae	Acidaminococcus	Acidaminococcus sp000437815
CAG00820	d__Bacteria;p__Bacteroidota;c__Bacteroidia;o__Bacteroidales;f__Bacteroidaceae;g__Prevotella;s__Prevotella hominis	Bacteria	Bacteroidota	Bacteroidia	Bacteroidales	Bacteroidaceae	Prevotella	Prevotella hominis
CAG00821	d__Bacteria;p__Bacillota_A;c__Clostridia;o__Lachnospirales;f__Lachnospiraceae;g__Sellimonas;s__Sellimonas avistercoris	Bacteria	Bacillota_A	Clostridia	Lachnospirales	Lachnospiraceae	Sellimonas	Sellimonas avistercoris
CAG00822	d__Bacteria;p__Bacteroidota;c__Bacteroidia;o__Bacteroidales;f__UBA932;g__Cryptobacteroides;s__Cryptobacteroides sp900545245	Bacteria	Bacteroidota	Bacteroidia	Bacteroidales	Bacteroidales UBA932	Cryptobacteroides	Cryptobacteroides sp900545245
CAG00823	d__Bacteria;p__Bacillota_A;c__Clostridia;o__Christensenellales;f__Borkfalkiaceae;g__UBA4636;s__UBA4636 sp900770945	Bacteria	Bacillota_A	Clostridia	Christensenellales	Borkfalkiaceae	Borkfalkiaceae UBA4636	Borkfalkiaceae UBA4636 sp900770945
CAG00824	d__Bacteria;p__Bacillota_A;c__Clostridia;o__Christensenellales;f__Borkfalkiaceae;g__Borkfalkia;s__Borkfalkia ceftriaxoniphila	Bacteria	Bacillota_A	Clostridia	Christensenellales	Borkfalkiaceae	Borkfalkia	Borkfalkia ceftriaxoniphila
CAG00825	d__Bacteria;p__Bacillota_A;c__Clostridia;o__Christensenellales;f__Pumilibacteraceae;g__Protoclostridium;s__Protoclostridium gallicola	Bacteria	Bacillota_A	Clostridia	Christensenellales	Pumilibacteraceae	Protoclostridium	Protoclostridium gallicola
CAG00826	d__Bacteria;p__Bacillota_A;c__Clostridia;o__Lachnospirales;f__Anaerotignaceae;g__Metalachnospira;s__Metalachnospira sp900548595	Bacteria	Bacillota_A	Clostridia	Lachnospirales	Anaerotignaceae	Metalachnospira	Metalachnospira sp900548595
CAG00827	d__Bacteria;p__Bacteroidota;c__Bacteroidia;o__Bacteroidales;f__UBA932;g__Cryptobacteroides;s__Cryptobacteroides sp000431015	Bacteria	Bacteroidota	Bacteroidia	Bacteroidales	Bacteroidales UBA932	Cryptobacteroides	Cryptobacteroides sp000431015
CAG00828	d__Bacteria;p__Bacillota_A;c__Clostridia;o__Oscillospirales;f__Oscillospiraceae;g__Vescimonas;s__Vescimonas fastidiosa	Bacteria	Bacillota_A	Clostridia	Oscillospirales	Oscillospiraceae	Vescimonas	Vescimonas fastidiosa
CAG00829	d__Bacteria;p__Bacillota_A;c__Clostridia;o__Lachnospirales;f__Lachnospiraceae;g__Blautia;s__Blautia sp900556555	Bacteria	Bacillota_A	Clostridia	Lachnospirales	Lachnospiraceae	Blautia	Blautia sp900556555
CAG00830	d__Bacteria;p__Bacillota_A;c__Clostridia;o__Oscillospirales;f__Ruminococcaceae;g__Ruminococcus_C;s__Ruminococcus_C sp000433635	Bacteria	Bacillota_A	Clostridia	Oscillospirales	Ruminococcaceae	Ruminococcus_C	Ruminococcus_C sp000433635
CAG00831	d__Bacteria;p__Bacillota_A;c__Clostridia;o__Oscillospirales;f__CAG-272;g__UMGS1312;s__UMGS1312 sp900550625	Bacteria	Bacillota_A	Clostridia	Oscillospirales	Oscillospirales CAG-272	Oscillospirales CAG-272 UMGS1312	Oscillospirales CAG-272 UMGS1312 sp900550625
CAG00832	d__Bacteria;p__Bacillota_A;c__Clostridia;o__Christensenellales;f__Borkfalkiaceae;g__UBA1259;s__UBA1259 sp900760875	Bacteria	Bacillota_A	Clostridia	Christensenellales	Borkfalkiaceae	Borkfalkiaceae UBA1259	Borkfalkiaceae UBA1259 sp900760875
CAG00833	d__Bacteria;p__Bacillota_A;c__Clostridia;o__Oscillospirales;f__CAG-272;g__UMGS902;s__UMGS902 sp900761025	Bacteria	Bacillota_A	Clostridia	Oscillospirales	Oscillospirales CAG-272	Oscillospirales CAG-272 UMGS902	Oscillospirales CAG-272 UMGS902 sp900761025
CAG00834	d__Bacteria;p__Pseudomonadota;c__Gammaproteobacteria;o__Burkholderiales;f__Burkholderiaceae;g__Oxalobacter;s__Oxalobacter formigenes	Bacteria	Pseudomonadota	Gammaproteobacteria	Burkholderiales	Burkholderiaceae	Oxalobacter	Oxalobacter formigenes
CAG00835	d__Bacteria;p__Bacillota_A;c__Clostridia;o__Christensenellales;f__CAG-314;g__Fimimonas;s__Fimimonas sp900769665	Bacteria	Bacillota_A	Clostridia	Christensenellales	Christensenellales CAG-314	Fimimonas	Fimimonas sp900769665
CAG00836	d__Bacteria;p__Fusobacteriota;c__Fusobacteriia;o__Fusobacteriales;f__Fusobacteriaceae;g__Fusobacterium_C;s__Fusobacterium_C gonidiaformans	Bacteria	Fusobacteriota	Fusobacteriia	Fusobacteriales	Fusobacteriaceae	Fusobacterium_C	Fusobacterium_C gonidiaformans
CAG00837	d__Bacteria;p__Bacillota;c__Bacilli;o__RF39;f__UBA660;g__CAG-302;s__CAG-302 sp000431795	Bacteria	Bacillota	Bacilli	Bacilli RF39	Bacilli RF39 UBA660	Bacilli RF39 UBA660 CAG-302	Bacilli RF39 UBA660 CAG-302 sp000431795
CAG00838	d__Bacteria;p__Bacillota_A;c__Clostridia;o__Christensenellales;f__Borkfalkiaceae;g__UBA10281;s__UBA10281 sp900548285	Bacteria	Bacillota_A	Clostridia	Christensenellales	Borkfalkiaceae	Borkfalkiaceae UBA10281	Borkfalkiaceae UBA10281 sp900548285
CAG00839	d__Bacteria;p__Bacillota;c__Bacilli;o__Erysipelotrichales;f__Coprobacillaceae;g__Massilimicrobiota;s__Massilimicrobiota sp002160865	Bacteria	Bacillota	Bacilli	Erysipelotrichales	Coprobacillaceae	Massilimicrobiota	Massilimicrobiota sp002160865
CAG00840	d__Bacteria;p__Bacillota_A;c__Clostridia;o__Christensenellales;f__Pumilibacteraceae;g__UBA10677;s__UBA10677 sp900767465	Bacteria	Bacillota_A	Clostridia	Christensenellales	Pumilibacteraceae	Pumilibacteraceae UBA10677	Pumilibacteraceae UBA10677 sp900767465
CAG00841	d__Bacteria;p__Bacillota;c__Bacilli;o__RFN20;f__CAG-288;g__CAG-345;s__CAG-345 sp000433315	Bacteria	Bacillota	Bacilli	Bacilli RFN20	Bacilli RFN20 CAG-288	Bacilli RFN20 CAG-288 CAG-345	Bacilli RFN20 CAG-288 CAG-345 sp000433315
CAG00842	d__Bacteria;p__Bacillota;c__Bacilli;o__Lactobacillales;f__Lactobacillaceae;g__Lactobacillus;s__Lactobacillus acidophilus	Bacteria	Bacillota	Bacilli	Lactobacillales	Lactobacillaceae	Lactobacillus	Lactobacillus acidophilus
CAG00843	d__Bacteria;p__Pseudomonadota;c__Gammaproteobacteria;o__Enterobacterales;f__Enterobacteriaceae;g__Citrobacter;s__Citrobacter freundii	Bacteria	Pseudomonadota	Gammaproteobacteria	Enterobacterales	Enterobacteriaceae	Citrobacter	Citrobacter freundii
CAG00844	d__Bacteria;p__Verrucomicrobiota;c__Verrucomicrobiae;o__Verrucomicrobiales;f__Akkermansiaceae;g__Akkermansia;s__Akkermansia sp004167605	Bacteria	Verrucomicrobiota	Verrucomicrobiae	Verrucomicrobiales	Akkermansiaceae	Akkermansia	Akkermansia sp004167605
CAG00845	d__Bacteria;p__Pseudomonadota;c__Gammaproteobacteria;o__Enterobacterales_A;f__Succinivibrionaceae;g__Succinivibrio;s__Succinivibrio sp905201175	Bacteria	Pseudomonadota	Gammaproteobacteria	Enterobacterales_A	Succinivibrionaceae	Succinivibrio	Succinivibrio sp905201175
CAG00846	d__Bacteria;p__Bacillota_A;c__Clostridia;o__Oscillospirales;f__Oscillospiraceae;g__Scatomorpha;s__Scatomorpha sp900546485	Bacteria	Bacillota_A	Clostridia	Oscillospirales	Oscillospiraceae	Scatomorpha	Scatomorpha sp900546485
CAG00847	d__Bacteria;p__Pseudomonadota;c__Gammaproteobacteria;o__Burkholderiales;f__Burkholderiaceae_A;g__Aphodousia;s__Aphodousia sp002329575	Bacteria	Pseudomonadota	Gammaproteobacteria	Burkholderiales	Burkholderiaceae_A	Aphodousia	Aphodousia sp002329575
CAG00848	d__Bacteria;p__Bacillota_A;c__Clostridia;o__Oscillospirales;f__Oscillospiraceae;g__Vescimonas;s__Vescimonas sp900551995	Bacteria	Bacillota_A	Clostridia	Oscillospirales	Oscillospiraceae	Vescimonas	Vescimonas sp900551995
CAG00849	d__Bacteria;p__Bacillota_A;c__Clostridia;o__Peptostreptococcales;f__Anaerovoracaceae;g__UMGS973;s__UMGS973 sp900547295	Bacteria	Bacillota_A	Clostridia	Peptostreptococcales	Anaerovoracaceae	Anaerovoracaceae UMGS973	Anaerovoracaceae UMGS973 sp900547295
CAG00850	d__Bacteria;p__Bacillota_A;c__Clostridia;o__Lachnospirales;f__Lachnospiraceae;g__Blautia_A;s__Blautia_A sp003474435	Bacteria	Bacillota_A	Clostridia	Lachnospirales	Lachnospiraceae	Blautia_A	Blautia_A sp003474435
CAG00851	d__Bacteria;p__Bacillota_A;c__Clostridia;o__Oscillospirales;f__Oscillospiraceae;g__Limivicinus;s__Limivicinus sp003150355	Bacteria	Bacillota_A	Clostridia	Oscillospirales	Oscillospiraceae	Limivicinus	Limivicinus sp003150355
CAG00852	d__Bacteria;p__Bacillota;c__Bacilli;o__Erysipelotrichales;f__Coprobacillaceae;g__Thomasclavelia;s__Thomasclavelia spiroformis	Bacteria	Bacillota	Bacilli	Erysipelotrichales	Coprobacillaceae	Thomasclavelia	Thomasclavelia spiroformis
CAG00853	d__Bacteria;p__Bacteroidota;c__Bacteroidia;o__Bacteroidales;f__Muribaculaceae;g__UBA7173;s__UBA7173 sp900540205	Bacteria	Bacteroidota	Bacteroidia	Bacteroidales	Muribaculaceae	Muribaculaceae UBA7173	Muribaculaceae UBA7173 sp900540205
CAG00854	d__Bacteria;p__Bacillota_A;c__Clostridia;o__Oscillospirales;f__Ruminococcaceae;g__Angelakisella;s__Angelakisella sp900547385	Bacteria	Bacillota_A	Clostridia	Oscillospirales	Ruminococcaceae	Angelakisella	Angelakisella sp900547385
CAG00855	d__Bacteria;p__Bacillota_A;c__Clostridia;o__Oscillospirales;f__Oscillospiraceae;g__Faecousia;s__Faecousia sp900547405	Bacteria	Bacillota_A	Clostridia	Oscillospirales	Oscillospiraceae	Faecousia	Faecousia sp900547405
CAG00856	d__;p__;c__;o__;f__;g__;s__	unclassified	unclassified	unclassified 	unclassified 	unclassified 	unclassified 	unclassified
CAG00857	d__Bacteria;p__Bacillota_A;c__Clostridia;o__Oscillospirales;f__CAG-272;g__CAG-841;s__CAG-841 sp000437375	Bacteria	Bacillota_A	Clostridia	Oscillospirales	Oscillospirales CAG-272	Oscillospirales CAG-272 CAG-841	Oscillospirales CAG-272 CAG-841 sp000437375
CAG00858	d__Bacteria;p__Bacillota;c__Bacilli;o__Lactobacillales;f__Streptococcaceae;g__Streptococcus;s__Streptococcus thermophilus	Bacteria	Bacillota	Bacilli	Lactobacillales	Streptococcaceae	Streptococcus	Streptococcus thermophilus
CAG00859	d__Bacteria;p__Bacillota_A;c__Clostridia;o__Oscillospirales;f__Acutalibacteraceae;g__Heritagella;s__Heritagella sp905200265	Bacteria	Bacillota_A	Clostridia	Oscillospirales	Acutalibacteraceae	Heritagella	Heritagella sp905200265
CAG00860	d__Bacteria;p__Bacteroidota;c__Bacteroidia;o__Bacteroidales;f__Muribaculaceae;g__CAG-485;s__CAG-485 sp910583795	Bacteria	Bacteroidota	Bacteroidia	Bacteroidales	Muribaculaceae	Muribaculaceae CAG-485	Muribaculaceae CAG-485 sp910583795
CAG00861	d__Bacteria;p__Bacillota_A;c__Clostridia;o__Oscillospirales;f__Oscillospiraceae;g__Vescimonas;s__Vescimonas sp000435975	Bacteria	Bacillota_A	Clostridia	Oscillospirales	Oscillospiraceae	Vescimonas	Vescimonas sp000435975
CAG00862	d__Bacteria;p__Bacillota_A;c__Clostridia;o__Oscillospirales;f__Oscillospiraceae;g__ER4;s__ER4 sp900317525	Bacteria	Bacillota_A	Clostridia	Oscillospirales	Oscillospiraceae	Oscillospiraceae ER4	Oscillospiraceae ER4 sp900317525
CAG00863	d__Bacteria;p__Bacillota_A;c__Clostridia;o__Oscillospirales;f__CAG-272;g__UMGS1696;s__UMGS1696 sp900753285	Bacteria	Bacillota_A	Clostridia	Oscillospirales	Oscillospirales CAG-272	Oscillospirales CAG-272 UMGS1696	Oscillospirales CAG-272 UMGS1696 sp900753285
CAG00864	d__Bacteria;p__Bacillota;c__Bacilli;o__Erysipelotrichales;f__Erysipelotrichaceae;g__Bulleidia;s__Bulleidia moorei	Bacteria	Bacillota	Bacilli	Erysipelotrichales	Erysipelotrichaceae	Bulleidia	Bulleidia moorei
CAG00865	d__Bacteria;p__Bacillota_A;c__Clostridia;o__Oscillospirales;f__Acutalibacteraceae;g__UBA5905;s__UBA5905 sp900549155	Bacteria	Bacillota_A	Clostridia	Oscillospirales	Acutalibacteraceae	Acutalibacteraceae UBA5905	Acutalibacteraceae UBA5905 sp900549155
CAG00866	d__Bacteria;p__Bacillota;c__Bacilli;o__ML615J-28;f__CAG-313;g__CAG-313;s__CAG-313 sp900539265	Bacteria	Bacillota	Bacilli	Bacilli ML615J-28	Bacilli ML615J-28 CAG-313	Bacilli ML615J-28 CAG-313	Bacilli ML615J-28 CAG-313 sp900539265
CAG00867	d__Bacteria;p__Bacillota_A;c__Clostridia;o__TANB77;f__CAG-508;g__CAG-269;s__	Bacteria	Bacillota_A	Clostridia	Clostridia TANB77	Clostridia TANB77 CAG-508	Clostridia TANB77 CAG-508 CAG-269	Clostridia TANB77 CAG-508 CAG-269 sp.
CAG00868	d__Bacteria;p__Bacillota_A;c__Clostridia;o__Oscillospirales;f__Acutalibacteraceae;g__UBA737;s__UBA737 sp002431945	Bacteria	Bacillota_A	Clostridia	Oscillospirales	Acutalibacteraceae	Acutalibacteraceae UBA737	Acutalibacteraceae UBA737 sp002431945
CAG00869	d__Bacteria;p__Bacillota_A;c__Clostridia;o__Lachnospirales;f__Lachnospiraceae;g__UBA11774;s__UBA11774 sp003507655	Bacteria	Bacillota_A	Clostridia	Lachnospirales	Lachnospiraceae	Lachnospiraceae UBA11774	Lachnospiraceae UBA11774 sp003507655
CAG00870	d__Bacteria;p__Bacillota_A;c__Clostridia;o__Christensenellales;f__CAG-917;g__CAG-475;s__CAG-475 sp900548005	Bacteria	Bacillota_A	Clostridia	Christensenellales	Christensenellales CAG-917	Christensenellales CAG-917 CAG-475	Christensenellales CAG-917 CAG-475 sp900548005
CAG00871	d__Bacteria;p__Bacillota_A;c__Clostridia;o__Lachnospirales;f__Lachnospiraceae;g__Frisingicoccus;s__Frisingicoccus caecimuris	Bacteria	Bacillota_A	Clostridia	Lachnospirales	Lachnospiraceae	Frisingicoccus	Frisingicoccus caecimuris
CAG00872	d__Bacteria;p__Bacillota_A;c__Clostridia;o__Oscillospirales;f__Oscillospiraceae;g__F23-B02;s__F23-B02 sp001916715	Bacteria	Bacillota_A	Clostridia	Oscillospirales	Oscillospiraceae	Oscillospiraceae F23-B02	Oscillospiraceae F23-B02 sp001916715
CAG00873	d__Bacteria;p__Bacteroidota;c__Bacteroidia;o__Bacteroidales;f__Marinifilaceae;g__Butyricimonas;s__Butyricimonas faecihominis	Bacteria	Bacteroidota	Bacteroidia	Bacteroidales	Marinifilaceae	Butyricimonas	Butyricimonas faecihominis
CAG00874	d__Bacteria;p__Bacillota_A;c__Clostridia;o__TANB77;f__CAG-508;g__CAG-269;s__CAG-269 sp000437215	Bacteria	Bacillota_A	Clostridia	Clostridia TANB77	Clostridia TANB77 CAG-508	Clostridia TANB77 CAG-508 CAG-269	Clostridia TANB77 CAG-508 CAG-269 sp000437215
CAG00875	d__Bacteria;p__Bacillota_A;c__Clostridia;o__Peptostreptococcales;f__Anaerovoracaceae;g__Lentihominibacter;s__Lentihominibacter hominis	Bacteria	Bacillota_A	Clostridia	Peptostreptococcales	Anaerovoracaceae	Lentihominibacter	Lentihominibacter hominis
CAG00876	d__Bacteria;p__Bacillota_A;c__Clostridia;o__Oscillospirales;f__Acutalibacteraceae;g__Eubacterium_R;s__Eubacterium_R sp900539325	Bacteria	Bacillota_A	Clostridia	Oscillospirales	Acutalibacteraceae	Eubacterium_R	Eubacterium_R sp900539325
CAG00877	d__Bacteria;p__Bacillota_A;c__Clostridia;o__Oscillospirales;f__Acutalibacteraceae;g__Eubacterium_R;s__Eubacterium_R sp900539775	Bacteria	Bacillota_A	Clostridia	Oscillospirales	Acutalibacteraceae	Eubacterium_R	Eubacterium_R sp900539775
CAG00878	d__Bacteria;p__Pseudomonadota;c__Gammaproteobacteria;o__Enterobacterales;f__Enterobacteriaceae;g__Citrobacter_B;s__Citrobacter_B koseri	Bacteria	Pseudomonadota	Gammaproteobacteria	Enterobacterales	Enterobacteriaceae	Citrobacter_B	Citrobacter_B koseri
CAG00879	d__Bacteria;p__Bacillota_A;c__Clostridia;o__Oscillospirales;f__Oscillospiraceae;g__Lawsonibacter;s__Lawsonibacter sp900545895	Bacteria	Bacillota_A	Clostridia	Oscillospirales	Oscillospiraceae	Lawsonibacter	Lawsonibacter sp900545895
CAG00880	d__Bacteria;p__Bacillota_A;c__Clostridia;o__Christensenellales;f__CAG-314;g__CAG-314;s__CAG-314 sp000437915	Bacteria	Bacillota_A	Clostridia	Christensenellales	Christensenellales CAG-314	Christensenellales CAG-314	Christensenellales CAG-314 sp000437915
CAG00881	d__Bacteria;p__Bacillota_C;c__Negativicutes;o__Veillonellales;f__Dialisteraceae;g__Dialister;s__Dialister sp900538805	Bacteria	Bacillota_C	Negativicutes	Veillonellales	Dialisteraceae	Dialister	Dialister sp900538805
CAG00882	d__Bacteria;p__Bacillota;c__Bacilli;o__RFN20;f__CAG-288;g__CAG-288;s__CAG-288 sp000437395	Bacteria	Bacillota	Bacilli	Bacilli RFN20	Bacilli RFN20 CAG-288	Bacilli RFN20 CAG-288	Bacilli RFN20 CAG-288 sp000437395
CAG00883	d__Bacteria;p__Pseudomonadota;c__Gammaproteobacteria;o__Enterobacterales;f__Enterobacteriaceae;g__;s__	Bacteria	Pseudomonadota	Gammaproteobacteria	Enterobacterales	Enterobacteriaceae	unclassified Enterobacteriaceae	Enterobacteriaceae bacterium
CAG00884	d__Bacteria;p__Bacillota_A;c__Clostridia;o__Oscillospirales;f__Ruminococcaceae;g__UBA5884;s__UBA5884 sp900551505	Bacteria	Bacillota_A	Clostridia	Oscillospirales	Ruminococcaceae	Ruminococcaceae UBA5884	Ruminococcaceae UBA5884 sp900551505
CAG00885	d__Bacteria;p__Bacillota_C;c__Negativicutes;o__Acidaminococcales;f__Acidaminococcaceae;g__CAG-266;s__CAG-266 sp000436095	Bacteria	Bacillota_C	Negativicutes	Acidaminococcales	Acidaminococcaceae	Acidaminococcaceae CAG-266	Acidaminococcaceae CAG-266 sp000436095
CAG00886	d__Bacteria;p__Pseudomonadota;c__Gammaproteobacteria;o__Burkholderiales;f__Burkholderiaceae_A;g__Mesosutterella;s__Mesosutterella massiliensis	Bacteria	Pseudomonadota	Gammaproteobacteria	Burkholderiales	Burkholderiaceae_A	Mesosutterella	Mesosutterella massiliensis
CAG00887	d__Bacteria;p__Bacteroidota;c__Bacteroidia;o__Bacteroidales;f__UBA932;g__Cryptobacteroides;s__Cryptobacteroides sp000433355	Bacteria	Bacteroidota	Bacteroidia	Bacteroidales	Bacteroidales UBA932	Cryptobacteroides	Cryptobacteroides sp000433355
CAG00888	d__Bacteria;p__Bacillota_A;c__Clostridia;o__Christensenellales;f__Borkfalkiaceae;g__HGM11412;s__HGM11412 sp900770185	Bacteria	Bacillota_A	Clostridia	Christensenellales	Borkfalkiaceae	Borkfalkiaceae HGM11412	Borkfalkiaceae HGM11412 sp900770185
CAG00889	d__Bacteria;p__Bacillota_C;c__Negativicutes;o__Veillonellales;f__Megasphaeraceae;g__Megasphaera;s__Megasphaera elsdenii	Bacteria	Bacillota_C	Negativicutes	Veillonellales	Megasphaeraceae	Megasphaera	Megasphaera elsdenii
CAG00890	d__Bacteria;p__Bacillota_A;c__Clostridia;o__Oscillospirales;f__Ruminococcaceae;g__Angelakisella;s__Angelakisella sp004557855	Bacteria	Bacillota_A	Clostridia	Oscillospirales	Ruminococcaceae	Angelakisella	Angelakisella sp004557855
CAG00891	d__Bacteria;p__Bacillota;c__Bacilli;o__ML615J-28;f__CAG-313;g__CAG-313;s__CAG-313 sp000433035	Bacteria	Bacillota	Bacilli	Bacilli ML615J-28	Bacilli ML615J-28 CAG-313	Bacilli ML615J-28 CAG-313	Bacilli ML615J-28 CAG-313 sp000433035
CAG00892	d__Bacteria;p__Bacillota_A;c__Clostridia;o__Oscillospirales;f__QAKW01;g__RGIG9041;s__RGIG9041 sp017937065	Bacteria	Bacillota_A	Clostridia	Oscillospirales	Oscillospirales QAKW01	Oscillospirales QAKW01 RGIG9041	Oscillospirales QAKW01 RGIG9041 sp017937065
CAG00893	d__Bacteria;p__Bacillota_A;c__Clostridia;o__Oscillospirales;f__Butyricicoccaceae;g__Agathobaculum;s__Agathobaculum sp003481705	Bacteria	Bacillota_A	Clostridia	Oscillospirales	Butyricicoccaceae	Agathobaculum	Agathobaculum sp003481705
CAG00894	d__Bacteria;p__Bacillota_C;c__Negativicutes;o__Veillonellales;f__Megasphaeraceae;g__Caecibacter;s__Caecibacter hominis	Bacteria	Bacillota_C	Negativicutes	Veillonellales	Megasphaeraceae	Caecibacter	Caecibacter hominis
CAG00895	d__Bacteria;p__Bacillota_A;c__Clostridia;o__Christensenellales;f__CAG-74;g__Limiplasma;s__Limiplasma sp900548145	Bacteria	Bacillota_A	Clostridia	Christensenellales	Christensenellales CAG-74	Limiplasma	Limiplasma sp900548145
CAG00896	d__;p__;c__;o__;f__;g__;s__	unclassified	unclassified	unclassified 	unclassified 	unclassified 	unclassified 	unclassified
CAG00897	d__Bacteria;p__Bacillota_A;c__Clostridia;o__Oscillospirales;f__Oscillospiraceae;g__Vescimonas;s__Vescimonas coprocola	Bacteria	Bacillota_A	Clostridia	Oscillospirales	Oscillospiraceae	Vescimonas	Vescimonas coprocola
CAG00898	d__Bacteria;p__Actinomycetota;c__Coriobacteriia;o__Coriobacteriales;f__Eggerthellaceae;g__Anaerotardibacter;s__Anaerotardibacter sp900556585	Bacteria	Actinomycetota	Coriobacteriia	Coriobacteriales	Eggerthellaceae	Anaerotardibacter	Anaerotardibacter sp900556585
CAG00899	d__Bacteria;p__Bacteroidota;c__Bacteroidia;o__Bacteroidales;f__Rikenellaceae;g__Alistipes;s__Alistipes intestinigallinarum	Bacteria	Bacteroidota	Bacteroidia	Bacteroidales	Rikenellaceae	Alistipes	Alistipes intestinigallinarum
CAG00900	d__Bacteria;p__Bacteroidota;c__Bacteroidia;o__Bacteroidales;f__Bacteroidaceae;g__Prevotella;s__Prevotella sp900546535	Bacteria	Bacteroidota	Bacteroidia	Bacteroidales	Bacteroidaceae	Prevotella	Prevotella sp900546535
CAG00901	d__Bacteria;p__Bacillota;c__Bacilli;o__Erysipelotrichales;f__Erysipelotrichaceae;g__Merdibacter;s__Merdibacter sp900759455	Bacteria	Bacillota	Bacilli	Erysipelotrichales	Erysipelotrichaceae	Merdibacter	Merdibacter sp900759455
CAG00902	d__Bacteria;p__Bacillota;c__Bacilli;o__RF39;f__UBA660;g__Coprosoma;s__Coprosoma sp000432855	Bacteria	Bacillota	Bacilli	Bacilli RF39	Bacilli RF39 UBA660	Coprosoma	Coprosoma sp000432855
CAG00903	d__Bacteria;p__Desulfobacterota;c__Desulfovibrionia;o__Desulfovibrionales;f__Desulfovibrionaceae;g__Desulfovibrio;s__Desulfovibrio sp900556755	Bacteria	Desulfobacterota	Desulfovibrionia	Desulfovibrionales	Desulfovibrionaceae	Desulfovibrio	Desulfovibrio sp900556755
CAG00904	d__Bacteria;p__Actinomycetota;c__Actinomycetia;o__Actinomycetales;f__Bifidobacteriaceae;g__Bifidobacterium;s__Bifidobacterium angulatum	Bacteria	Actinomycetota	Actinomycetia	Actinomycetales	Bifidobacteriaceae	Bifidobacterium	Bifidobacterium angulatum
CAG00905	d__Bacteria;p__Actinomycetota;c__Coriobacteriia;o__Coriobacteriales;f__Eggerthellaceae;g__Aphodovivens;s__Aphodovivens avicola	Bacteria	Actinomycetota	Coriobacteriia	Coriobacteriales	Eggerthellaceae	Aphodovivens	Aphodovivens avicola
CAG00906	d__Bacteria;p__Bacillota_A;c__Clostridia;o__Christensenellales;f__Borkfalkiaceae;g__UBA10281;s__UBA10281 sp900767815	Bacteria	Bacillota_A	Clostridia	Christensenellales	Borkfalkiaceae	Borkfalkiaceae UBA10281	Borkfalkiaceae UBA10281 sp900767815
CAG00907	d__Bacteria;p__Bacillota_A;c__Clostridia;o__Christensenellales;f__CAG-138;g__Pelethousia;s__Pelethousia gallinarum	Bacteria	Bacillota_A	Clostridia	Christensenellales	Christensenellales CAG-138	Pelethousia	Pelethousia gallinarum
CAG00908	d__Bacteria;p__Bacillota_A;c__Clostridia;o__Peptostreptococcales;f__Peptostreptococcaceae;g__Intestinibacter;s__Intestinibacter sp900540355	Bacteria	Bacillota_A	Clostridia	Peptostreptococcales	Peptostreptococcaceae	Intestinibacter	Intestinibacter sp900540355
CAG00909	d__Bacteria;p__Pseudomonadota;c__Gammaproteobacteria;o__Burkholderiales;f__Burkholderiaceae_A;g__Parasutterella;s__Parasutterella excrementihominis	Bacteria	Pseudomonadota	Gammaproteobacteria	Burkholderiales	Burkholderiaceae_A	Parasutterella	Parasutterella excrementihominis
CAG00910	d__Bacteria;p__Bacillota_A;c__Clostridia;o__Christensenellales;f__Borkfalkiaceae;g__UBA10281;s__UBA10281 sp900554485	Bacteria	Bacillota_A	Clostridia	Christensenellales	Borkfalkiaceae	Borkfalkiaceae UBA10281	Borkfalkiaceae UBA10281 sp900554485
CAG00911	d__Bacteria;p__Bacillota_A;c__Clostridia;o__;f__;g__;s__	Bacteria	Bacillota_A	Clostridia	unclassified Clostridia	unclassified Clostridia	unclassified Clostridia	Clostridia bacterium
CAG00912	d__Bacteria;p__Bacillota_A;c__Clostridia;o__Lachnospirales;f__Lachnospiraceae;g__Oliverpabstia;s__Oliverpabstia faecicola	Bacteria	Bacillota_A	Clostridia	Lachnospirales	Lachnospiraceae	Oliverpabstia	Oliverpabstia faecicola
CAG00913	d__Bacteria;p__Bacillota_A;c__Clostridia;o__Christensenellales;f__Pumilibacteraceae;g__UMGS1795;s__UMGS1795 sp900555125	Bacteria	Bacillota_A	Clostridia	Christensenellales	Pumilibacteraceae	Pumilibacteraceae UMGS1795	Pumilibacteraceae UMGS1795 sp900555125
CAG00914	d__Bacteria;p__Bacillota_A;c__Clostridia;o__Oscillospirales;f__Acutalibacteraceae;g__UBA737;s__UBA737 sp905211675	Bacteria	Bacillota_A	Clostridia	Oscillospirales	Acutalibacteraceae	Acutalibacteraceae UBA737	Acutalibacteraceae UBA737 sp905211675
CAG00915	d__Archaea;p__Thermoplasmatota;c__Thermoplasmata;o__Methanomassiliicoccales;f__Methanomethylophilaceae;g__UBA71;s__UBA71 sp006954465	Archaea	Thermoplasmatota	Thermoplasmata	Methanomassiliicoccales	Methanomethylophilaceae	Methanomethylophilaceae UBA71	Methanomethylophilaceae UBA71 sp006954465
CAG00916	d__;p__;c__;o__;f__;g__;s__	unclassified	unclassified	unclassified 	unclassified 	unclassified 	unclassified 	unclassified
CAG00917	d__;p__;c__;o__;f__;g__;s__	unclassified	unclassified	unclassified 	unclassified 	unclassified 	unclassified 	unclassified
CAG00918	d__Bacteria;p__Actinomycetota;c__Coriobacteriia;o__Coriobacteriales;f__Coriobacteriaceae;g__Collinsella;s__Collinsella bouchesdurhonensis	Bacteria	Actinomycetota	Coriobacteriia	Coriobacteriales	Coriobacteriaceae	Collinsella	Collinsella bouchesdurhonensis
CAG00919	d__Bacteria;p__Bacillota_A;c__Clostridia;o__Oscillospirales;f__Ruminococcaceae;g__HGM13222;s__HGM13222 sp900757485	Bacteria	Bacillota_A	Clostridia	Oscillospirales	Ruminococcaceae	Ruminococcaceae HGM13222	Ruminococcaceae HGM13222 sp900757485
CAG00920	d__Bacteria;p__Bacillota_A;c__Clostridia;o__Christensenellales;f__QAND01;g__UMGS1975;s__UMGS1975 sp900751745	Bacteria	Bacillota_A	Clostridia	Christensenellales	Christensenellales QAND01	Christensenellales QAND01 UMGS1975	Christensenellales QAND01 UMGS1975 sp900751745
CAG00921	d__Bacteria;p__Bacillota_A;c__Clostridia;o__TANB77;f__CAG-508;g__CAG-273;s__CAG-273 sp934121885	Bacteria	Bacillota_A	Clostridia	Clostridia TANB77	Clostridia TANB77 CAG-508	Clostridia TANB77 CAG-508 CAG-273	Clostridia TANB77 CAG-508 CAG-273 sp934121885
CAG00922	d__Bacteria;p__Bacillota_C;c__Negativicutes;o__Veillonellales;f__Dialisteraceae;g__Dialister;s__Dialister sp900557365	Bacteria	Bacillota_C	Negativicutes	Veillonellales	Dialisteraceae	Dialister	Dialister sp900557365
CAG00923	d__Bacteria;p__Bacillota_A;c__Clostridia;o__TANB77;f__CAG-508;g__CAG-452;s__CAG-452 sp000434035	Bacteria	Bacillota_A	Clostridia	Clostridia TANB77	Clostridia TANB77 CAG-508	Clostridia TANB77 CAG-508 CAG-452	Clostridia TANB77 CAG-508 CAG-452 sp000434035
CAG00924	d__Bacteria;p__Verrucomicrobiota;c__Lentisphaeria;o__Victivallales;f__Victivallaceae;g__CALXXL01;s__CALXXL01 sp944392655	Bacteria	Verrucomicrobiota	Lentisphaeria	Victivallales	Victivallaceae	Victivallaceae CALXXL01	Victivallaceae CALXXL01 sp944392655
CAG00925	d__Bacteria;p__Bacillota_A;c__Clostridia;o__Oscillospirales;f__Feifaniaceae;g__Galloscillospira_B;s__	Bacteria	Bacillota_A	Clostridia	Oscillospirales	Feifaniaceae	Galloscillospira_B	Galloscillospira_B sp.
CAG00926	d__Bacteria;p__Bacillota_A;c__Clostridia;o__TANB77;f__CAG-508;g__CAG-269;s__CAG-269 sp900553125	Bacteria	Bacillota_A	Clostridia	Clostridia TANB77	Clostridia TANB77 CAG-508	Clostridia TANB77 CAG-508 CAG-269	Clostridia TANB77 CAG-508 CAG-269 sp900553125
CAG00927	d__Bacteria;p__Bacillota_A;c__Clostridia;o__Christensenellales;f__;g__;s__	Bacteria	Bacillota_A	Clostridia	Christensenellales	unclassified Christensenellales	unclassified Christensenellales	Christensenellales bacterium
CAG00928	d__Bacteria;p__Bacillota_A;c__Clostridia;o__Christensenellales;f__Borkfalkiaceae;g__UBA7597;s__UBA7597 sp900542935	Bacteria	Bacillota_A	Clostridia	Christensenellales	Borkfalkiaceae	Borkfalkiaceae UBA7597	Borkfalkiaceae UBA7597 sp900542935
CAG00929	d__Bacteria;p__Actinomycetota;c__Coriobacteriia;o__Coriobacteriales;f__Eggerthellaceae;g__Anaerotardibacter;s__Anaerotardibacter sp000434775	Bacteria	Actinomycetota	Coriobacteriia	Coriobacteriales	Eggerthellaceae	Anaerotardibacter	Anaerotardibacter sp000434775
CAG00930	d__Bacteria;p__Bacillota_A;c__Clostridia;o__Oscillospirales;f__Ruminococcaceae;g__Egerieicola;s__Egerieicola faecale	Bacteria	Bacillota_A	Clostridia	Oscillospirales	Ruminococcaceae	Egerieicola	Egerieicola faecale
CAG00931	d__Bacteria;p__Bacillota_A;c__Clostridia;o__Oscillospirales;f__Oscillospiraceae;g__Dysosmobacter;s__Dysosmobacter faecalis	Bacteria	Bacillota_A	Clostridia	Oscillospirales	Oscillospiraceae	Dysosmobacter	Dysosmobacter faecalis
CAG00932	d__Bacteria;p__Bacteroidota;c__Bacteroidia;o__Bacteroidales;f__Bacteroidaceae;g__43-108;s__43-108 sp001915545	Bacteria	Bacteroidota	Bacteroidia	Bacteroidales	Bacteroidaceae	Bacteroidaceae 43-108	Bacteroidaceae 43-108 sp001915545
CAG00933	d__Bacteria;p__Bacillota_C;c__Negativicutes;o__Selenomonadales;f__Selenomonadaceae;g__Mitsuokella;s__Mitsuokella jalaludinii	Bacteria	Bacillota_C	Negativicutes	Selenomonadales	Selenomonadaceae	Mitsuokella	Mitsuokella jalaludinii
CAG00934	d__Bacteria;p__Bacillota_A;c__Clostridia;o__Oscillospirales;f__CAG-272;g__HGM12669;s__HGM12669 sp900761935	Bacteria	Bacillota_A	Clostridia	Oscillospirales	Oscillospirales CAG-272	Oscillospirales CAG-272 HGM12669	Oscillospirales CAG-272 HGM12669 sp900761935
CAG00935	d__Bacteria;p__Bacillota_A;c__Clostridia;o__Clostridiales;f__Clostridiaceae;g__Clostridium;s__Clostridium sp934754925	Bacteria	Bacillota_A	Clostridia	Clostridiales	Clostridiaceae	Clostridium	Clostridium sp934754925
CAG00936	d__Bacteria;p__Actinomycetota;c__Coriobacteriia;o__Coriobacteriales;f__Eggerthellaceae;g__Anaerotardibacter;s__Anaerotardibacter sp000436075	Bacteria	Actinomycetota	Coriobacteriia	Coriobacteriales	Eggerthellaceae	Anaerotardibacter	Anaerotardibacter sp000436075
CAG00937	d__Bacteria;p__Bacillota_A;c__Clostridia;o__Lachnospirales;f__Lachnospiraceae;g__KLE1615;s__KLE1615 sp900066985	Bacteria	Bacillota_A	Clostridia	Lachnospirales	Lachnospiraceae	Lachnospiraceae KLE1615	Lachnospiraceae KLE1615 sp900066985
CAG00938	d__Bacteria;p__Bacteroidota;c__Bacteroidia;o__Bacteroidales;f__Bacteroidaceae;g__Bacteroides;s__Bacteroides sp902362375	Bacteria	Bacteroidota	Bacteroidia	Bacteroidales	Bacteroidaceae	Bacteroides	Bacteroides sp902362375
CAG00939	d__Bacteria;p__Bacillota;c__Bacilli;o__ML615J-28;f__CAG-313;g__CAG-313;s__CAG-313 sp003539625	Bacteria	Bacillota	Bacilli	Bacilli ML615J-28	Bacilli ML615J-28 CAG-313	Bacilli ML615J-28 CAG-313	Bacilli ML615J-28 CAG-313 sp003539625
CAG00940	d__Bacteria;p__Cyanobacteriota;c__Vampirovibrionia;o__Gastranaerophilales;f__Gastranaerophilaceae;g__UMGS1477;s__UMGS1477 sp900552205	Bacteria	Cyanobacteriota	Vampirovibrionia	Gastranaerophilales	Gastranaerophilaceae	Gastranaerophilaceae UMGS1477	Gastranaerophilaceae UMGS1477 sp900552205
CAG00941	d__Bacteria;p__Bacillota_A;c__Clostridia;o__Oscillospirales;f__Oscillospiraceae;g__Vescimonas;s__Vescimonas sp900552475	Bacteria	Bacillota_A	Clostridia	Oscillospirales	Oscillospiraceae	Vescimonas	Vescimonas sp900552475
CAG00942	d__Bacteria;p__Bacteroidota;c__Bacteroidia;o__Bacteroidales;f__Bacteroidaceae;g__Prevotella;s__Prevotella disiens	Bacteria	Bacteroidota	Bacteroidia	Bacteroidales	Bacteroidaceae	Prevotella	Prevotella disiens
CAG00943	d__Bacteria;p__Bacillota_A;c__Clostridia;o__Lachnospirales;f__Lachnospiraceae;g__Schaedlerella;s__Schaedlerella sp900066545	Bacteria	Bacillota_A	Clostridia	Lachnospirales	Lachnospiraceae	Schaedlerella	Schaedlerella sp900066545
CAG00944	d__Bacteria;p__Bacillota_A;c__Clostridia;o__Oscillospirales;f__Acutalibacteraceae;g__Ruminococcus_E;s__Ruminococcus_E sp003438075	Bacteria	Bacillota_A	Clostridia	Oscillospirales	Acutalibacteraceae	Ruminococcus_E	Ruminococcus_E sp003438075
CAG00945	d__Bacteria;p__Bacteroidota;c__Bacteroidia;o__Bacteroidales;f__Bacteroidaceae;g__Bacteroides;s__Bacteroides xylanisolvens	Bacteria	Bacteroidota	Bacteroidia	Bacteroidales	Bacteroidaceae	Bacteroides	Bacteroides xylanisolvens
CAG00946	d__Bacteria;p__Bacillota;c__Bacilli;o__Erysipelotrichales;f__Erysipelotrichaceae;g__Holdemanella;s__Holdemanella sp003458715	Bacteria	Bacillota	Bacilli	Erysipelotrichales	Erysipelotrichaceae	Holdemanella	Holdemanella sp003458715
CAG00947	d__Bacteria;p__Bacillota_A;c__Clostridia;o__TANB77;f__CAG-465;g__CAG-465;s__CAG-465 sp944388565	Bacteria	Bacillota_A	Clostridia	Clostridia TANB77	Clostridia TANB77 CAG-465	Clostridia TANB77 CAG-465	Clostridia TANB77 CAG-465 sp944388565
CAG00948	d__Bacteria;p__Bacillota;c__Bacilli;o__RFN20;f__CAG-826;g__CAG-826;s__CAG-826 sp000437235	Bacteria	Bacillota	Bacilli	Bacilli RFN20	Bacilli RFN20 CAG-826	Bacilli RFN20 CAG-826	Bacilli RFN20 CAG-826 sp000437235
CAG00949	d__Bacteria;p__Bacillota_A;c__Clostridia;o__Oscillospirales;f__Oscillospiraceae;g__Lawsonibacter;s__Lawsonibacter sp000177015	Bacteria	Bacillota_A	Clostridia	Oscillospirales	Oscillospiraceae	Lawsonibacter	Lawsonibacter sp000177015
CAG00950	d__Bacteria;p__Pseudomonadota;c__Gammaproteobacteria;o__Enterobacterales_A;f__Pasteurellaceae;g__Haemophilus_D;s__	Bacteria	Pseudomonadota	Gammaproteobacteria	Enterobacterales_A	Pasteurellaceae	Haemophilus_D	Haemophilus_D sp.
CAG00951	d__Bacteria;p__Bacillota_A;c__Clostridia;o__Lachnospirales;f__Lachnospiraceae;g__Enterocloster;s__Enterocloster sp900543885	Bacteria	Bacillota_A	Clostridia	Lachnospirales	Lachnospiraceae	Enterocloster	Enterocloster sp900543885
CAG00952	d__Bacteria;p__Bacillota_A;c__Clostridia;o__Lachnospirales;f__Lachnospiraceae;g__Faecalimonas;s__	Bacteria	Bacillota_A	Clostridia	Lachnospirales	Lachnospiraceae	Faecalimonas	Faecalimonas sp.
CAG00953	d__Bacteria;p__Bacillota;c__Bacilli;o__RF39;f__UBA660;g__CAG-877;s__CAG-877 sp000433455	Bacteria	Bacillota	Bacilli	Bacilli RF39	Bacilli RF39 UBA660	Bacilli RF39 UBA660 CAG-877	Bacilli RF39 UBA660 CAG-877 sp000433455
CAG00954	d__Bacteria;p__Bacillota;c__Bacilli;o__RF39;f__UBA660;g__UMGS995;s__UMGS995 sp900547465	Bacteria	Bacillota	Bacilli	Bacilli RF39	Bacilli RF39 UBA660	Bacilli RF39 UBA660 UMGS995	Bacilli RF39 UBA660 UMGS995 sp900547465
CAG00955	d__Bacteria;p__Bacillota_A;c__Clostridia;o__;f__;g__;s__	Bacteria	Bacillota_A	Clostridia	unclassified Clostridia	unclassified Clostridia	unclassified Clostridia	Clostridia bacterium
CAG00956	d__Bacteria;p__Bacillota_A;c__Clostridia;o__Christensenellales;f__CAG-917;g__CAG-1138;s__CAG-1138 sp000434675	Bacteria	Bacillota_A	Clostridia	Christensenellales	Christensenellales CAG-917	Christensenellales CAG-917 CAG-1138	Christensenellales CAG-917 CAG-1138 sp000434675
CAG00957	d__Bacteria;p__Bacillota_A;c__Clostridia;o__Oscillospirales;f__Ruminococcaceae;g__Ruthenibacterium;s__Ruthenibacterium sp018380115	Bacteria	Bacillota_A	Clostridia	Oscillospirales	Ruminococcaceae	Ruthenibacterium	Ruthenibacterium sp018380115
CAG00958	d__Bacteria;p__Bacillota_A;c__Clostridia;o__TANB77;f__CAG-508;g__Scatovivens;s__Scatovivens sp934182465	Bacteria	Bacillota_A	Clostridia	Clostridia TANB77	Clostridia TANB77 CAG-508	Scatovivens	Scatovivens sp934182465
CAG00959	d__Bacteria;p__Bacteroidota;c__Bacteroidia;o__Bacteroidales;f__Rikenellaceae;g__Alistipes;s__Alistipes sp001941065	Bacteria	Bacteroidota	Bacteroidia	Bacteroidales	Rikenellaceae	Alistipes	Alistipes sp001941065
CAG00960	d__Bacteria;p__Bacillota_A;c__Clostridia;o__TANB77;f__CAG-465;g__CAG-465;s__CAG-465 sp000433135	Bacteria	Bacillota_A	Clostridia	Clostridia TANB77	Clostridia TANB77 CAG-465	Clostridia TANB77 CAG-465	Clostridia TANB77 CAG-465 sp000433135
CAG00961	d__Bacteria;p__Bacillota_A;c__Clostridia;o__Oscillospirales;f__Oscillospiraceae;g__ER4;s__ER4 sp003522105	Bacteria	Bacillota_A	Clostridia	Oscillospirales	Oscillospiraceae	Oscillospiraceae ER4	Oscillospiraceae ER4 sp003522105
CAG00962	d__Bacteria;p__Bacillota_A;c__Clostridia;o__Lachnospirales;f__Lachnospiraceae;g__Dorea_A;s__Dorea_A longicatena_B	Bacteria	Bacillota_A	Clostridia	Lachnospirales	Lachnospiraceae	Dorea_A	Dorea_A longicatena_B
CAG00963	d__Bacteria;p__Bacillota;c__Bacilli;o__RF39;f__UBA660;g__CAG-1000;s__CAG-1000 sp000434555	Bacteria	Bacillota	Bacilli	Bacilli RF39	Bacilli RF39 UBA660	Bacilli RF39 UBA660 CAG-1000	Bacilli RF39 UBA660 CAG-1000 sp000434555
CAG00964	d__Bacteria;p__Bacillota;c__Bacilli;o__RF39;f__UBA660;g__UMGS1572;s__UMGS1572 sp900553045	Bacteria	Bacillota	Bacilli	Bacilli RF39	Bacilli RF39 UBA660	Bacilli RF39 UBA660 UMGS1572	Bacilli RF39 UBA660 UMGS1572 sp900553045
CAG00965	d__Bacteria;p__Bacillota_A;c__Clostridia;o__Peptostreptococcales;f__Anaerovoracaceae;g__CAG-238;s__CAG-238 sp900551415	Bacteria	Bacillota_A	Clostridia	Peptostreptococcales	Anaerovoracaceae	Anaerovoracaceae CAG-238	Anaerovoracaceae CAG-238 sp900551415
CAG00966	d__Bacteria;p__Bacillota_A;c__Clostridia;o__Christensenellales;f__Pumilibacteraceae;g__CAG-552;s__CAG-552 sp000435495	Bacteria	Bacillota_A	Clostridia	Christensenellales	Pumilibacteraceae	Pumilibacteraceae CAG-552	Pumilibacteraceae CAG-552 sp000435495
CAG00967	d__Bacteria;p__Bacillota_A;c__Clostridia;o__Oscillospirales;f__Oscillospiraceae;g__Vescimonas;s__Vescimonas sp003487665	Bacteria	Bacillota_A	Clostridia	Oscillospirales	Oscillospiraceae	Vescimonas	Vescimonas sp003487665
CAG00968	d__Bacteria;p__Bacillota_A;c__Clostridia;o__Lachnospirales;f__Lachnospiraceae;g__Blautia;s__Blautia sp900555025	Bacteria	Bacillota_A	Clostridia	Lachnospirales	Lachnospiraceae	Blautia	Blautia sp900555025
CAG00969	d__Bacteria;p__Bacillota_A;c__Clostridia;o__Lachnospirales;f__Lachnospiraceae;g__Coprococcus;s__Coprococcus sp000154245	Bacteria	Bacillota_A	Clostridia	Lachnospirales	Lachnospiraceae	Coprococcus	Coprococcus sp000154245
CAG00970	d__Bacteria;p__Bacillota_A;c__Clostridia;o__Oscillospirales;f__Oscillospiraceae;g__Vescimonas;s__Vescimonas sp900556015	Bacteria	Bacillota_A	Clostridia	Oscillospirales	Oscillospiraceae	Vescimonas	Vescimonas sp900556015
CAG00971	d__Bacteria;p__Bacteroidota;c__Bacteroidia;o__Bacteroidales;f__Bacteroidaceae;g__Prevotella;s__Prevotella sp900767615	Bacteria	Bacteroidota	Bacteroidia	Bacteroidales	Bacteroidaceae	Prevotella	Prevotella sp900767615
CAG00972	d__Bacteria;p__Bacteroidota;c__Bacteroidia;o__Bacteroidales;f__Muribaculaceae;g__UBA7173;s__UBA7173 sp900545955	Bacteria	Bacteroidota	Bacteroidia	Bacteroidales	Muribaculaceae	Muribaculaceae UBA7173	Muribaculaceae UBA7173 sp900545955
CAG00973	d__Bacteria;p__Bacillota_A;c__Clostridia;o__Tissierellales;f__Peptoniphilaceae;g__Parvimonas;s__Parvimonas parva	Bacteria	Bacillota_A	Clostridia	Tissierellales	Peptoniphilaceae	Parvimonas	Parvimonas parva
CAG00974	d__Bacteria;p__Bacillota_A;c__Clostridia;o__Oscillospirales;f__Butyricicoccaceae;g__Agathobaculum;s__Agathobaculum butyriciproducens	Bacteria	Bacillota_A	Clostridia	Oscillospirales	Butyricicoccaceae	Agathobaculum	Agathobaculum butyriciproducens
CAG00975	d__Bacteria;p__Bacillota_C;c__Negativicutes;o__Veillonellales;f__Veillonellaceae;g__Veillonella;s__Veillonella atypica	Bacteria	Bacillota_C	Negativicutes	Veillonellales	Veillonellaceae	Veillonella	Veillonella atypica
CAG00976	d__Bacteria;p__Bacillota_A;c__Clostridia;o__TANB77;f__CAG-508;g__CAG-269;s__CAG-269 sp934130935	Bacteria	Bacillota_A	Clostridia	Clostridia TANB77	Clostridia TANB77 CAG-508	Clostridia TANB77 CAG-508 CAG-269	Clostridia TANB77 CAG-508 CAG-269 sp934130935
CAG00977	d__Bacteria;p__Bacillota_A;c__Clostridia;o__Christensenellales;f__Borkfalkiaceae;g__UMGS775;s__UMGS775 sp944363555	Bacteria	Bacillota_A	Clostridia	Christensenellales	Borkfalkiaceae	Borkfalkiaceae UMGS775	Borkfalkiaceae UMGS775 sp944363555
CAG00978	d__Bacteria;p__Bacillota_A;c__Clostridia;o__Christensenellales;f__UBA1242;g__UMGS1908;s__UMGS1908 sp934772525	Bacteria	Bacillota_A	Clostridia	Christensenellales	Christensenellales UBA1242	Christensenellales UBA1242 UMGS1908	Christensenellales UBA1242 UMGS1908 sp934772525
CAG00979	d__Bacteria;p__Actinomycetota;c__Coriobacteriia;o__Coriobacteriales;f__Atopobiaceae;g__Paratractidigestivibacter;s__Paratractidigestivibacter sp900540955	Bacteria	Actinomycetota	Coriobacteriia	Coriobacteriales	Atopobiaceae	Paratractidigestivibacter	Paratractidigestivibacter sp900540955
CAG00980	d__Bacteria;p__Cyanobacteriota;c__Vampirovibrionia;o__Gastranaerophilales;f__Gastranaerophilaceae;g__Scatousia;s__	Bacteria	Cyanobacteriota	Vampirovibrionia	Gastranaerophilales	Gastranaerophilaceae	Scatousia	Scatousia sp.
CAG00981	d__Bacteria;p__Bacillota;c__Bacilli;o__Erysipelotrichales;f__Erysipelotrichaceae;g__Massilicoli;s__Massilicoli timonensis	Bacteria	Bacillota	Bacilli	Erysipelotrichales	Erysipelotrichaceae	Massilicoli	Massilicoli timonensis
CAG00982	d__Bacteria;p__Actinomycetota;c__Coriobacteriia;o__Coriobacteriales;f__Eggerthellaceae;g__Slackia_A;s__Slackia_A isoflavoniconvertens	Bacteria	Actinomycetota	Coriobacteriia	Coriobacteriales	Eggerthellaceae	Slackia_A	Slackia_A isoflavoniconvertens
CAG00983	d__Bacteria;p__Bacillota_A;c__Clostridia;o__TANB77;f__CAG-508;g__CAG-269;s__CAG-269 sp003525075	Bacteria	Bacillota_A	Clostridia	Clostridia TANB77	Clostridia TANB77 CAG-508	Clostridia TANB77 CAG-508 CAG-269	Clostridia TANB77 CAG-508 CAG-269 sp003525075
CAG00984	d__Bacteria;p__Bacillota_A;c__Clostridia;o__Oscillospirales;f__Oscillospiraceae;g__Vescimonas;s__Vescimonas sp001916855	Bacteria	Bacillota_A	Clostridia	Oscillospirales	Oscillospiraceae	Vescimonas	Vescimonas sp001916855
CAG00985	d__Bacteria;p__Bacillota_A;c__Clostridia;o__Oscillospirales;f__Oscillospiraceae;g__Dysosmobacter;s__Dysosmobacter sp019418625	Bacteria	Bacillota_A	Clostridia	Oscillospirales	Oscillospiraceae	Dysosmobacter	Dysosmobacter sp019418625
CAG00986	d__Bacteria;p__Actinomycetota;c__Coriobacteriia;o__Coriobacteriales;f__Coriobacteriaceae;g__Collinsella;s__Collinsella intestinalis	Bacteria	Actinomycetota	Coriobacteriia	Coriobacteriales	Coriobacteriaceae	Collinsella	Collinsella intestinalis
CAG00987	d__Bacteria;p__Bacillota_C;c__Negativicutes;o__Veillonellales;f__Megasphaeraceae;g__Anaeroglobus;s__Anaeroglobus micronuciformis	Bacteria	Bacillota_C	Negativicutes	Veillonellales	Megasphaeraceae	Anaeroglobus	Anaeroglobus micronuciformis
CAG00988	d__Bacteria;p__Bacillota_A;c__Clostridia;o__Christensenellales;f__CAG-917;g__CAG-349;s__CAG-349 sp003539515	Bacteria	Bacillota_A	Clostridia	Christensenellales	Christensenellales CAG-917	Christensenellales CAG-917 CAG-349	Christensenellales CAG-917 CAG-349 sp003539515
CAG00989	d__Bacteria;p__Bacillota;c__Bacilli;o__RF39;f__UBA660;g__Faecenecus;s__Faecenecus gallistercoris	Bacteria	Bacillota	Bacilli	Bacilli RF39	Bacilli RF39 UBA660	Faecenecus	Faecenecus gallistercoris
CAG00990	d__Bacteria;p__Bacillota_A;c__Clostridia;o__TANB77;f__CAG-508;g__CAG-273;s__CAG-273 sp900752095	Bacteria	Bacillota_A	Clostridia	Clostridia TANB77	Clostridia TANB77 CAG-508	Clostridia TANB77 CAG-508 CAG-273	Clostridia TANB77 CAG-508 CAG-273 sp900752095
CAG00991	d__Bacteria;p__Bacillota_A;c__Clostridia;o__TANB77;f__CAG-508;g__CAG-269;s__CAG-269 sp934133175	Bacteria	Bacillota_A	Clostridia	Clostridia TANB77	Clostridia TANB77 CAG-508	Clostridia TANB77 CAG-508 CAG-269	Clostridia TANB77 CAG-508 CAG-269 sp934133175
CAG00992	d__Bacteria;p__Bacillota_A;c__Clostridia;o__Oscillospirales;f__Oscillospiraceae;g__ER4;s__ER4 sp900546295	Bacteria	Bacillota_A	Clostridia	Oscillospirales	Oscillospiraceae	Oscillospiraceae ER4	Oscillospiraceae ER4 sp900546295
CAG00993	d__Bacteria;p__Bacillota_C;c__Negativicutes;o__Acidaminococcales;f__Acidaminococcaceae;g__URXU01;s__URXU01 sp900541915	Bacteria	Bacillota_C	Negativicutes	Acidaminococcales	Acidaminococcaceae	Acidaminococcaceae URXU01	Acidaminococcaceae URXU01 sp900541915
CAG00994	d__Bacteria;p__Bacillota_A;c__Clostridia;o__Oscillospirales;f__Oscillospiraceae;g__CAG-170;s__CAG-170 sp900553545	Bacteria	Bacillota_A	Clostridia	Oscillospirales	Oscillospiraceae	Oscillospiraceae CAG-170	Oscillospiraceae CAG-170 sp900553545
CAG00995	d__Bacteria;p__Bacillota_A;c__Clostridia;o__Christensenellales;f__CAG-917;g__CAG-475;s__CAG-475 sp000434435	Bacteria	Bacillota_A	Clostridia	Christensenellales	Christensenellales CAG-917	Christensenellales CAG-917 CAG-475	Christensenellales CAG-917 CAG-475 sp000434435
CAG00996	d__Bacteria;p__Bacillota_A;c__Clostridia;o__Christensenellales;f__Christensenellaceae;g__QANA01;s__QANA01 sp900554725	Bacteria	Bacillota_A	Clostridia	Christensenellales	Christensenellaceae	Christensenellaceae QANA01	Christensenellaceae QANA01 sp900554725
CAG00997	d__Bacteria;p__Bacteroidota;c__Bacteroidia;o__Bacteroidales;f__Bacteroidaceae;g__Prevotella;s__Prevotella sp900544495	Bacteria	Bacteroidota	Bacteroidia	Bacteroidales	Bacteroidaceae	Prevotella	Prevotella sp900544495
CAG00998	d__Bacteria;p__Actinomycetota;c__Coriobacteriia;o__Coriobacteriales;f__Eggerthellaceae;g__Anaerotardibacter;s__Anaerotardibacter sp000435475	Bacteria	Actinomycetota	Coriobacteriia	Coriobacteriales	Eggerthellaceae	Anaerotardibacter	Anaerotardibacter sp000435475
CAG00999	d__Bacteria;p__Bacillota;c__Bacilli;o__RF39;f__UBA660;g__CAG-605;s__CAG-605 sp000433475	Bacteria	Bacillota	Bacilli	Bacilli RF39	Bacilli RF39 UBA660	Bacilli RF39 UBA660 CAG-605	Bacilli RF39 UBA660 CAG-605 sp000433475
CAG01000	d__Bacteria;p__Bacillota;c__Bacilli;o__RFN20;f__CAG-631;g__Caccosoma;s__Caccosoma faecigallinarum	Bacteria	Bacillota	Bacilli	Bacilli RFN20	Bacilli RFN20 CAG-631	Caccosoma	Caccosoma faecigallinarum
CAG01001	d__Bacteria;p__Bacillota_A;c__Clostridia;o__Oscillospirales;f__Acutalibacteraceae;g__Acutalibacter;s__Acutalibacter stercoravium	Bacteria	Bacillota_A	Clostridia	Oscillospirales	Acutalibacteraceae	Acutalibacter	Acutalibacter stercoravium
CAG01002	d__Bacteria;p__Bacillota;c__Bacilli;o__Erysipelotrichales;f__Coprobacillaceae;g__Faecalibacillus;s__Faecalibacillus sp900544435	Bacteria	Bacillota	Bacilli	Erysipelotrichales	Coprobacillaceae	Faecalibacillus	Faecalibacillus sp900544435
CAG01003	d__Bacteria;p__Bacillota_A;c__Clostridia;o__Christensenellales;f__CAG-74;g__Egerieenecus;s__Egerieenecus merdigallinarum	Bacteria	Bacillota_A	Clostridia	Christensenellales	Christensenellales CAG-74	Egerieenecus	Egerieenecus merdigallinarum
CAG01004	d__Bacteria;p__Bacteroidota;c__Bacteroidia;o__Bacteroidales;f__Bacteroidaceae;g__Prevotella;s__Prevotella copri_A	Bacteria	Bacteroidota	Bacteroidia	Bacteroidales	Bacteroidaceae	Prevotella	Prevotella copri_A
CAG01005	d__Bacteria;p__Bacillota_A;c__Clostridia;o__UBA1212;f__UBA1255;g__Egerieisoma;s__Egerieisoma sp900543695	Bacteria	Bacillota_A	Clostridia	Clostridia UBA1212	Clostridia UBA1212 UBA1255	Egerieisoma	Egerieisoma sp900543695
CAG01006	d__Bacteria;p__Bacillota_A;c__Clostridia;o__TANB77;f__CAG-508;g__CAG-492;s__CAG-492 sp900553225	Bacteria	Bacillota_A	Clostridia	Clostridia TANB77	Clostridia TANB77 CAG-508	Clostridia TANB77 CAG-508 CAG-492	Clostridia TANB77 CAG-508 CAG-492 sp900553225
CAG01007	d__Bacteria;p__Pseudomonadota;c__Gammaproteobacteria;o__Burkholderiales;f__Burkholderiaceae_A;g__Duodenibacillus;s__Duodenibacillus intestinavium	Bacteria	Pseudomonadota	Gammaproteobacteria	Burkholderiales	Burkholderiaceae_A	Duodenibacillus	Duodenibacillus intestinavium
CAG01008	d__Bacteria;p__Bacillota_A;c__Clostridia;o__TANB77;f__CAG-508;g__CAG-269;s__CAG-269 sp000431335	Bacteria	Bacillota_A	Clostridia	Clostridia TANB77	Clostridia TANB77 CAG-508	Clostridia TANB77 CAG-508 CAG-269	Clostridia TANB77 CAG-508 CAG-269 sp000431335
CAG01009	d__Bacteria;p__Verrucomicrobiota;c__Verrucomicrobiae;o__Opitutales;f__CAG-312;g__UMGS1490;s__UMGS1490 sp900552245	Bacteria	Verrucomicrobiota	Verrucomicrobiae	Opitutales	Opitutales CAG-312	Opitutales CAG-312 UMGS1490	Opitutales CAG-312 UMGS1490 sp900552245
CAG01010	d__;p__;c__;o__;f__;g__;s__	unclassified	unclassified	unclassified 	unclassified 	unclassified 	unclassified 	unclassified
CAG01011	d__Bacteria;p__Bacillota_A;c__Clostridia;o__Lachnospirales;f__Lachnospiraceae;g__Lachnoclostridium_B;s__Lachnoclostridium_B sp900066555	Bacteria	Bacillota_A	Clostridia	Lachnospirales	Lachnospiraceae	Lachnoclostridium_B	Lachnoclostridium_B sp900066555
CAG01012	d__Bacteria;p__Pseudomonadota;c__Gammaproteobacteria;o__Burkholderiales;f__Burkholderiaceae_A;g__Aphodousia;s__Aphodousia sp900544345	Bacteria	Pseudomonadota	Gammaproteobacteria	Burkholderiales	Burkholderiaceae_A	Aphodousia	Aphodousia sp900544345
CAG01013	d__Bacteria;p__Bacillota_A;c__Clostridia;o__Lachnospirales;f__Lachnospiraceae;g__Roseburia;s__Roseburia sp900542495	Bacteria	Bacillota_A	Clostridia	Lachnospirales	Lachnospiraceae	Roseburia	Roseburia sp900542495
CAG01014	d__Bacteria;p__Bacillota_A;c__Clostridia;o__TANB77;f__CAG-508;g__CAG-269;s__CAG-269 sp000435535	Bacteria	Bacillota_A	Clostridia	Clostridia TANB77	Clostridia TANB77 CAG-508	Clostridia TANB77 CAG-508 CAG-269	Clostridia TANB77 CAG-508 CAG-269 sp000435535
CAG01015	d__Bacteria;p__Bacillota_A;c__Clostridia;o__Lachnospirales;f__Lachnospiraceae;g__Acetatifactor;s__Acetatifactor sp003447295	Bacteria	Bacillota_A	Clostridia	Lachnospirales	Lachnospiraceae	Acetatifactor	Acetatifactor sp003447295
CAG01016	d__Bacteria;p__Bacillota_A;c__Clostridia;o__Oscillospirales;f__Oscillospiraceae;g__Lawsonibacter;s__Lawsonibacter sp900764755	Bacteria	Bacillota_A	Clostridia	Oscillospirales	Oscillospiraceae	Lawsonibacter	Lawsonibacter sp900764755
CAG01017	d__Bacteria;p__Bacillota_A;c__Clostridia;o__Christensenellales;f__CAG-74;g__Ventricola;s__Ventricola sp900548125	Bacteria	Bacillota_A	Clostridia	Christensenellales	Christensenellales CAG-74	Ventricola	Ventricola sp900548125
CAG01018	d__Bacteria;p__Desulfobacterota;c__Desulfovibrionia;o__Desulfovibrionales;f__Desulfovibrionaceae;g__Bilophila;s__Bilophila sp900550745	Bacteria	Desulfobacterota	Desulfovibrionia	Desulfovibrionales	Desulfovibrionaceae	Bilophila	Bilophila sp900550745
CAG01019	d__Bacteria;p__Actinomycetota;c__Coriobacteriia;o__Coriobacteriales;f__Eggerthellaceae;g__Ellagibacter;s__Ellagibacter isourolithinifaciens	Bacteria	Actinomycetota	Coriobacteriia	Coriobacteriales	Eggerthellaceae	Ellagibacter	Ellagibacter isourolithinifaciens
CAG01020	d__Bacteria;p__Bacillota_A;c__Clostridia;o__Oscillospirales;f__Ruminococcaceae;g__Fimivivens;s__Fimivivens sp900113995	Bacteria	Bacillota_A	Clostridia	Oscillospirales	Ruminococcaceae	Fimivivens	Fimivivens sp900113995
CAG01021	d__Bacteria;p__Bacillota;c__Bacilli;o__RFN20;f__CAG-631;g__Caccosoma;s__Caccosoma sp900762575	Bacteria	Bacillota	Bacilli	Bacilli RFN20	Bacilli RFN20 CAG-631	Caccosoma	Caccosoma sp900762575
CAG01022	d__Bacteria;p__Pseudomonadota;c__Gammaproteobacteria;o__Enterobacterales_A;f__Pasteurellaceae;g__Haemophilus_A;s__Haemophilus_A paraphrohaemolyticus	Bacteria	Pseudomonadota	Gammaproteobacteria	Enterobacterales_A	Pasteurellaceae	Haemophilus_A	Haemophilus_A paraphrohaemolyticus
CAG01023	d__Bacteria;p__Bacillota_A;c__Clostridia;o__Lachnospirales;f__CAG-274;g__CAG-274;s__CAG-274 sp900545305	Bacteria	Bacillota_A	Clostridia	Lachnospirales	Lachnospirales CAG-274	Lachnospirales CAG-274	Lachnospirales CAG-274 sp900545305
CAG01024	d__Bacteria;p__Bacillota_A;c__Clostridia;o__Oscillospirales;f__QAKW01;g__QAKW01;s__QAKW01 sp003343605	Bacteria	Bacillota_A	Clostridia	Oscillospirales	Oscillospirales QAKW01	Oscillospirales QAKW01	Oscillospirales QAKW01 sp003343605
CAG01025	d__Bacteria;p__Bacillota_A;c__Clostridia;o__Lachnospirales;f__Lachnospiraceae;g__Enterocloster;s__Enterocloster citroniae	Bacteria	Bacillota_A	Clostridia	Lachnospirales	Lachnospiraceae	Enterocloster	Enterocloster citroniae
CAG01026	d__Bacteria;p__Bacillota_A;c__Clostridia;o__Tissierellales;f__Peptoniphilaceae;g__Peptoniphilus_A;s__Peptoniphilus_A harei_A	Bacteria	Bacillota_A	Clostridia	Tissierellales	Peptoniphilaceae	Peptoniphilus_A	Peptoniphilus_A harei_A
CAG01027	d__Bacteria;p__Bacillota_C;c__Negativicutes;o__Veillonellales;f__Dialisteraceae;g__Allisonella;s__Allisonella pneumosinta	Bacteria	Bacillota_C	Negativicutes	Veillonellales	Dialisteraceae	Allisonella	Allisonella pneumosinta
CAG01028	d__Bacteria;p__Bacillota_A;c__Clostridia;o__Oscillospirales;f__Oscillospiraceae;g__ER4;s__ER4 sp000765235	Bacteria	Bacillota_A	Clostridia	Oscillospirales	Oscillospiraceae	Oscillospiraceae ER4	Oscillospiraceae ER4 sp000765235
CAG01029	d__Bacteria;p__Bacillota;c__Bacilli;o__RF39;f__UBA660;g__CAG-533;s__CAG-533 sp900553855	Bacteria	Bacillota	Bacilli	Bacilli RF39	Bacilli RF39 UBA660	Bacilli RF39 UBA660 CAG-533	Bacilli RF39 UBA660 CAG-533 sp900553855
CAG01030	d__Bacteria;p__Bacillota;c__Bacilli;o__Erysipelotrichales;f__Coprobacillaceae;g__Faecalibacillus;s__Faecalibacillus intestinalis	Bacteria	Bacillota	Bacilli	Erysipelotrichales	Coprobacillaceae	Faecalibacillus	Faecalibacillus intestinalis
CAG01031	d__Bacteria;p__Bacillota;c__Bacilli;o__RF39;f__UBA660;g__CAG-1193;s__CAG-1193 sp934130375	Bacteria	Bacillota	Bacilli	Bacilli RF39	Bacilli RF39 UBA660	Bacilli RF39 UBA660 CAG-1193	Bacilli RF39 UBA660 CAG-1193 sp934130375
CAG01032	d__Bacteria;p__Bacillota_A;c__Clostridia;o__TANB77;f__CAG-508;g__UMGS1781;s__UMGS1781 sp900553695	Bacteria	Bacillota_A	Clostridia	Clostridia TANB77	Clostridia TANB77 CAG-508	Clostridia TANB77 CAG-508 UMGS1781	Clostridia TANB77 CAG-508 UMGS1781 sp900553695
CAG01033	d__Bacteria;p__Bacillota;c__Bacilli;o__RF39;f__UBA660;g__CAG-582;s__CAG-582 sp900760845	Bacteria	Bacillota	Bacilli	Bacilli RF39	Bacilli RF39 UBA660	Bacilli RF39 UBA660 CAG-582	Bacilli RF39 UBA660 CAG-582 sp900760845
CAG01034	d__Bacteria;p__Bacillota_A;c__Clostridia;o__Christensenellales;f__Borkfalkiaceae;g__Scatosoma;s__Scatosoma pullistercoris	Bacteria	Bacillota_A	Clostridia	Christensenellales	Borkfalkiaceae	Scatosoma	Scatosoma pullistercoris
CAG01035	d__Bacteria;p__Bacillota_A;c__Clostridia;o__Lachnospirales;f__Lachnospiraceae;g__Coprococcus_A;s__Coprococcus_A catus	Bacteria	Bacillota_A	Clostridia	Lachnospirales	Lachnospiraceae	Coprococcus_A	Coprococcus_A catus
CAG01036	d__Bacteria;p__Bacillota_A;c__Clostridia;o__Lachnospirales;f__CAG-274;g__CAG-274;s__CAG-274 sp000432155	Bacteria	Bacillota_A	Clostridia	Lachnospirales	Lachnospirales CAG-274	Lachnospirales CAG-274	Lachnospirales CAG-274 sp000432155
CAG01037	d__Bacteria;p__Bacillota_A;c__Clostridia;o__Lachnospirales;f__Lachnospiraceae;g__Pararoseburia;s__Pararoseburia sp900546435	Bacteria	Bacillota_A	Clostridia	Lachnospirales	Lachnospiraceae	Pararoseburia	Pararoseburia sp900546435
CAG01038	d__Bacteria;p__Bacillota_A;c__Clostridia;o__Christensenellales;f__CAG-917;g__CAG-917;s__CAG-917 sp000437555	Bacteria	Bacillota_A	Clostridia	Christensenellales	Christensenellales CAG-917	Christensenellales CAG-917	Christensenellales CAG-917 sp000437555
CAG01039	d__Bacteria;p__Bacillota_A;c__Clostridia;o__Oscillospirales;f__Ruminococcaceae;g__Faecalibacterium;s__Faecalibacterium sp900539885	Bacteria	Bacillota_A	Clostridia	Oscillospirales	Ruminococcaceae	Faecalibacterium	Faecalibacterium sp900539885
CAG01040	d__Bacteria;p__Bacillota_A;c__Clostridia;o__Lachnospirales;f__Lachnospiraceae;g__Enterocloster;s__Enterocloster asparagiformis	Bacteria	Bacillota_A	Clostridia	Lachnospirales	Lachnospiraceae	Enterocloster	Enterocloster asparagiformis
CAG01041	d__Bacteria;p__Bacillota_A;c__Clostridia;o__Lachnospirales;f__CAG-274;g__Gallispira;s__Gallispira sp900543365	Bacteria	Bacillota_A	Clostridia	Lachnospirales	Lachnospirales CAG-274	Gallispira	Gallispira sp900543365
CAG01042	d__Bacteria;p__Bacillota;c__Bacilli;o__Lactobacillales;f__Enterococcaceae;g__Enterococcus_B;s__Enterococcus_B lactis	Bacteria	Bacillota	Bacilli	Lactobacillales	Enterococcaceae	Enterococcus_B	Enterococcus_B lactis
CAG01043	d__Bacteria;p__Bacillota_A;c__Clostridia;o__Oscillospirales;f__Oscillospiraceae;g__Vescimonas;s__Vescimonas sp900554275	Bacteria	Bacillota_A	Clostridia	Oscillospirales	Oscillospiraceae	Vescimonas	Vescimonas sp900554275
CAG01044	d__Bacteria;p__Bacillota_A;c__Clostridia;o__TANB77;f__CAG-508;g__CAG-273;s__CAG-273 sp902406115	Bacteria	Bacillota_A	Clostridia	Clostridia TANB77	Clostridia TANB77 CAG-508	Clostridia TANB77 CAG-508 CAG-273	Clostridia TANB77 CAG-508 CAG-273 sp902406115
CAG01045	d__Bacteria;p__Bacillota;c__Bacilli;o__RF39;f__UBA660;g__RUG13868;s__RUG13868 sp934100165	Bacteria	Bacillota	Bacilli	Bacilli RF39	Bacilli RF39 UBA660	Bacilli RF39 UBA660 RUG13868	Bacilli RF39 UBA660 RUG13868 sp934100165
CAG01046	d__Bacteria;p__Bacillota_A;c__Clostridia;o__Oscillospirales;f__Oscillospiraceae;g__Intestinimonas;s__Intestinimonas massiliensis	Bacteria	Bacillota_A	Clostridia	Oscillospirales	Oscillospiraceae	Intestinimonas	Intestinimonas massiliensis
CAG01047	d__Bacteria;p__Bacillota_A;c__Clostridia;o__Peptostreptococcales;f__Anaerovoracaceae;g__VUNA01;s__VUNA01 sp002299625	Bacteria	Bacillota_A	Clostridia	Peptostreptococcales	Anaerovoracaceae	Anaerovoracaceae VUNA01	Anaerovoracaceae VUNA01 sp002299625
CAG01048	d__Bacteria;p__Bacillota_A;c__Clostridia;o__TANB77;f__CAG-508;g__CAG-793;s__CAG-793 sp000433915	Bacteria	Bacillota_A	Clostridia	Clostridia TANB77	Clostridia TANB77 CAG-508	Clostridia TANB77 CAG-508 CAG-793	Clostridia TANB77 CAG-508 CAG-793 sp000433915
CAG01049	d__Archaea;p__Methanobacteriota;c__Methanobacteria;o__Methanobacteriales;f__Methanobacteriaceae;g__Methanosphaera;s__Methanosphaera stadtmanae	Archaea	Methanobacteriota	Methanobacteria	Methanobacteriales	Methanobacteriaceae	Methanosphaera	Methanosphaera stadtmanae
CAG01050	d__Bacteria;p__Bacillota_A;c__Clostridia;o__TANB77;f__CAG-508;g__UMGS1781;s__UMGS1781 sp900554635	Bacteria	Bacillota_A	Clostridia	Clostridia TANB77	Clostridia TANB77 CAG-508	Clostridia TANB77 CAG-508 UMGS1781	Clostridia TANB77 CAG-508 UMGS1781 sp900554635
CAG01051	d__Bacteria;p__Bacillota_A;c__Clostridia;o__Oscillospirales;f__Oscillospiraceae;g__Dysosmobacter;s__Dysosmobacter sp001916835	Bacteria	Bacillota_A	Clostridia	Oscillospirales	Oscillospiraceae	Dysosmobacter	Dysosmobacter sp001916835
CAG01052	d__Bacteria;p__Bacillota_A;c__Clostridia;o__Oscillospirales;f__Oscillospiraceae;g__CAG-103;s__CAG-103 sp000432375	Bacteria	Bacillota_A	Clostridia	Oscillospirales	Oscillospiraceae	Oscillospiraceae CAG-103	Oscillospiraceae CAG-103 sp000432375
CAG01053	d__;p__;c__;o__;f__;g__;s__	unclassified	unclassified	unclassified 	unclassified 	unclassified 	unclassified 	unclassified
CAG01054	d__Bacteria;p__Bacillota_A;c__Clostridia;o__TANB77;f__CAG-508;g__CAG-269;s__CAG-269 sp905203195	Bacteria	Bacillota_A	Clostridia	Clostridia TANB77	Clostridia TANB77 CAG-508	Clostridia TANB77 CAG-508 CAG-269	Clostridia TANB77 CAG-508 CAG-269 sp905203195
CAG01055	d__Bacteria;p__Bacillota_A;c__Clostridia;o__TANB77;f__CAG-508;g__CAG-269;s__CAG-269 sp900556865	Bacteria	Bacillota_A	Clostridia	Clostridia TANB77	Clostridia TANB77 CAG-508	Clostridia TANB77 CAG-508 CAG-269	Clostridia TANB77 CAG-508 CAG-269 sp900556865
CAG01056	d__Bacteria;p__Pseudomonadota;c__Gammaproteobacteria;o__Enterobacterales_A;f__Pasteurellaceae;g__Haemophilus_D;s__	Bacteria	Pseudomonadota	Gammaproteobacteria	Enterobacterales_A	Pasteurellaceae	Haemophilus_D	Haemophilus_D sp.
CAG01057	d__Bacteria;p__Bacillota;c__Bacilli;o__RF39;f__UBA660;g__UMGS872;s__UMGS872 sp900546275	Bacteria	Bacillota	Bacilli	Bacilli RF39	Bacilli RF39 UBA660	Bacilli RF39 UBA660 UMGS872	Bacilli RF39 UBA660 UMGS872 sp900546275
CAG01058	d__Bacteria;p__Bacteroidota;c__Bacteroidia;o__Bacteroidales;f__Bacteroidaceae;g__Prevotella;s__	Bacteria	Bacteroidota	Bacteroidia	Bacteroidales	Bacteroidaceae	Prevotella	Prevotella sp.
CAG01059	d__Bacteria;p__Bacillota_A;c__Clostridia;o__Lachnospirales;f__Lachnospiraceae;g__Marvinbryantia;s__Marvinbryantia sp900544685	Bacteria	Bacillota_A	Clostridia	Lachnospirales	Lachnospiraceae	Marvinbryantia	Marvinbryantia sp900544685
CAG01060	d__Bacteria;p__Pseudomonadota;c__Gammaproteobacteria;o__Burkholderiales;f__Burkholderiaceae_A;g__Sutterella;s__Sutterella sp900545275	Bacteria	Pseudomonadota	Gammaproteobacteria	Burkholderiales	Burkholderiaceae_A	Sutterella	Sutterella sp900545275
CAG01061	d__Bacteria;p__Bacillota_A;c__Clostridia;o__TANB77;f__CAG-508;g__CAG-245;s__CAG-245 sp000435175	Bacteria	Bacillota_A	Clostridia	Clostridia TANB77	Clostridia TANB77 CAG-508	Clostridia TANB77 CAG-508 CAG-245	Clostridia TANB77 CAG-508 CAG-245 sp000435175
CAG01062	d__Bacteria;p__Bacillota_A;c__Clostridia;o__TANB77;f__CAG-508;g__CAG-273;s__CAG-273 sp003534295	Bacteria	Bacillota_A	Clostridia	Clostridia TANB77	Clostridia TANB77 CAG-508	Clostridia TANB77 CAG-508 CAG-273	Clostridia TANB77 CAG-508 CAG-273 sp003534295
CAG01063	d__Bacteria;p__Bacillota_A;c__Clostridia;o__TANB77;f__CAG-508;g__CAG-269;s__CAG-269 sp001916055	Bacteria	Bacillota_A	Clostridia	Clostridia TANB77	Clostridia TANB77 CAG-508	Clostridia TANB77 CAG-508 CAG-269	Clostridia TANB77 CAG-508 CAG-269 sp001916055
CAG01064	d__;p__;c__;o__;f__;g__;s__	unclassified	unclassified	unclassified 	unclassified 	unclassified 	unclassified 	unclassified
CAG01065	d__Bacteria;p__Bacillota_A;c__Clostridia;o__Lachnospirales;f__Lachnospiraceae;g__Acetatifactor;s__Acetatifactor sp900755865	Bacteria	Bacillota_A	Clostridia	Lachnospirales	Lachnospiraceae	Acetatifactor	Acetatifactor sp900755865
CAG01066	d__Bacteria;p__Pseudomonadota;c__Gammaproteobacteria;o__Enterobacterales_A;f__Succinivibrionaceae;g__Succinatimonas;s__Succinatimonas hippei	Bacteria	Pseudomonadota	Gammaproteobacteria	Enterobacterales_A	Succinivibrionaceae	Succinatimonas	Succinatimonas hippei
CAG01067	d__Bacteria;p__Bacillota;c__Bacilli;o__RF39;f__UBA660;g__CAG-1193;s__CAG-1193 sp900550145	Bacteria	Bacillota	Bacilli	Bacilli RF39	Bacilli RF39 UBA660	Bacilli RF39 UBA660 CAG-1193	Bacilli RF39 UBA660 CAG-1193 sp900550145
CAG01068	d__Bacteria;p__Bacillota_A;c__Clostridia;o__Christensenellales;f__Borkfalkiaceae;g__UBA7597;s__UBA7597 sp900767195	Bacteria	Bacillota_A	Clostridia	Christensenellales	Borkfalkiaceae	Borkfalkiaceae UBA7597	Borkfalkiaceae UBA7597 sp900767195
CAG01069	d__Bacteria;p__Bacteroidota;c__Bacteroidia;o__Bacteroidales;f__Marinifilaceae;g__Butyricimonas;s__Butyricimonas sp003479425	Bacteria	Bacteroidota	Bacteroidia	Bacteroidales	Marinifilaceae	Butyricimonas	Butyricimonas sp003479425
CAG01070	d__Bacteria;p__Bacillota_A;c__Clostridia;o__Clostridiales;f__Clostridiaceae;g__Clostridium;s__Clostridium sp900766315	Bacteria	Bacillota_A	Clostridia	Clostridiales	Clostridiaceae	Clostridium	Clostridium sp900766315
CAG01071	d__Bacteria;p__Bacillota_A;c__Clostridia;o__TANB77;f__CAG-508;g__UMGS1933;s__UMGS1933 sp900556455	Bacteria	Bacillota_A	Clostridia	Clostridia TANB77	Clostridia TANB77 CAG-508	Clostridia TANB77 CAG-508 UMGS1933	Clostridia TANB77 CAG-508 UMGS1933 sp900556455
CAG01072	d__Bacteria;p__Bacillota_A;c__Clostridia;o__TANB77;f__CAG-508;g__Merdicola;s__Merdicola sp900555085	Bacteria	Bacillota_A	Clostridia	Clostridia TANB77	Clostridia TANB77 CAG-508	Merdicola	Merdicola sp900555085
CAG01073	d__Bacteria;p__Bacteroidota;c__Bacteroidia;o__Bacteroidales;f__Bacteroidaceae;g__Phocaeicola;s__	Bacteria	Bacteroidota	Bacteroidia	Bacteroidales	Bacteroidaceae	Phocaeicola	Phocaeicola sp.
CAG01074	d__Bacteria;p__Bacillota_A;c__Clostridia;o__TANB77;f__CAG-508;g__CAG-245;s__CAG-245 sp934122035	Bacteria	Bacillota_A	Clostridia	Clostridia TANB77	Clostridia TANB77 CAG-508	Clostridia TANB77 CAG-508 CAG-245	Clostridia TANB77 CAG-508 CAG-245 sp934122035
CAG01075	d__Bacteria;p__Bacillota_A;c__Clostridia;o__Oscillospirales;f__QAKW01;g__RGIG9041;s__	Bacteria	Bacillota_A	Clostridia	Oscillospirales	Oscillospirales QAKW01	Oscillospirales QAKW01 RGIG9041	Oscillospirales QAKW01 RGIG9041 sp.
CAG01076	d__Bacteria;p__Bacillota;c__Bacilli;o__RFN20;f__CAG-288;g__CAG-568;s__CAG-568 sp000434395	Bacteria	Bacillota	Bacilli	Bacilli RFN20	Bacilli RFN20 CAG-288	Bacilli RFN20 CAG-288 CAG-568	Bacilli RFN20 CAG-288 CAG-568 sp000434395
CAG01077	d__Bacteria;p__Bacillota_A;c__Clostridia;o__Oscillospirales;f__Acutalibacteraceae;g__Eubacterium_R;s__Eubacterium_R sp900542875	Bacteria	Bacillota_A	Clostridia	Oscillospirales	Acutalibacteraceae	Eubacterium_R	Eubacterium_R sp900542875
CAG01078	d__Bacteria;p__Bacillota_A;c__Clostridia;o__Lachnospirales;f__Lachnospiraceae;g__;s__	Bacteria	Bacillota_A	Clostridia	Lachnospirales	Lachnospiraceae	unclassified Lachnospiraceae	Lachnospiraceae bacterium
CAG01079	d__Bacteria;p__Bacillota_A;c__Clostridia;o__HGM11327;f__HGM11327;g__HGM11327;s__HGM11327 sp900759935	Bacteria	Bacillota_A	Clostridia	Clostridia HGM11327	Clostridia HGM11327	Clostridia HGM11327	Clostridia HGM11327 sp900759935
CAG01080	d__Bacteria;p__Bacillota;c__Bacilli;o__RF39;f__UBA660;g__CAG-582;s__CAG-582 sp000435515	Bacteria	Bacillota	Bacilli	Bacilli RF39	Bacilli RF39 UBA660	Bacilli RF39 UBA660 CAG-582	Bacilli RF39 UBA660 CAG-582 sp000435515
CAG01081	d__Bacteria;p__Bacillota_A;c__Clostridia;o__Oscillospirales;f__Ruminococcaceae;g__Ruminiclostridium_E;s__Ruminiclostridium_E sp900539195	Bacteria	Bacillota_A	Clostridia	Oscillospirales	Ruminococcaceae	Ruminiclostridium_E	Ruminiclostridium_E sp900539195
CAG01082	d__Bacteria;p__Bacillota_A;c__Clostridia;o__TANB77;f__CAG-508;g__CAG-269;s__	Bacteria	Bacillota_A	Clostridia	Clostridia TANB77	Clostridia TANB77 CAG-508	Clostridia TANB77 CAG-508 CAG-269	Clostridia TANB77 CAG-508 CAG-269 sp.
CAG01083	d__Bacteria;p__Bacillota_A;c__Clostridia;o__TANB77;f__CAG-508;g__CAG-273;s__CAG-273 sp905214245	Bacteria	Bacillota_A	Clostridia	Clostridia TANB77	Clostridia TANB77 CAG-508	Clostridia TANB77 CAG-508 CAG-273	Clostridia TANB77 CAG-508 CAG-273 sp905214245
CAG01084	d__Bacteria;p__Bacillota;c__Bacilli;o__RF39;f__UBA660;g__CAG-884;s__CAG-884 sp000433875	Bacteria	Bacillota	Bacilli	Bacilli RF39	Bacilli RF39 UBA660	Bacilli RF39 UBA660 CAG-884	Bacilli RF39 UBA660 CAG-884 sp000433875
CAG01085	d__Bacteria;p__Bacillota_A;c__Clostridia;o__Monoglobales;f__Monoglobaceae;g__UMGS1820;s__UMGS1820 sp900545865	Bacteria	Bacillota_A	Clostridia	Monoglobales	Monoglobaceae	Monoglobaceae UMGS1820	Monoglobaceae UMGS1820 sp900545865
CAG01086	d__Bacteria;p__Bacillota_A;c__Clostridia;o__Oscillospirales;f__Oscillospiraceae;g__CAG-170;s__CAG-170 sp934613505	Bacteria	Bacillota_A	Clostridia	Oscillospirales	Oscillospiraceae	Oscillospiraceae CAG-170	Oscillospiraceae CAG-170 sp934613505
CAG01087	d__Bacteria;p__Bacillota_A;c__Clostridia;o__TANB77;f__CAG-508;g__CAG-269;s__CAG-269 sp900555615	Bacteria	Bacillota_A	Clostridia	Clostridia TANB77	Clostridia TANB77 CAG-508	Clostridia TANB77 CAG-508 CAG-269	Clostridia TANB77 CAG-508 CAG-269 sp900555615
CAG01088	d__Bacteria;p__Bacillota_A;c__Clostridia;o__TANB77;f__CAG-508;g__CAG-269;s__CAG-269 sp934148985	Bacteria	Bacillota_A	Clostridia	Clostridia TANB77	Clostridia TANB77 CAG-508	Clostridia TANB77 CAG-508 CAG-269	Clostridia TANB77 CAG-508 CAG-269 sp934148985
CAG01089	d__Bacteria;p__Bacillota_A;c__Clostridia;o__Christensenellales;f__CAG-917;g__CAG-475;s__CAG-475 sp900550915	Bacteria	Bacillota_A	Clostridia	Christensenellales	Christensenellales CAG-917	Christensenellales CAG-917 CAG-475	Christensenellales CAG-917 CAG-475 sp900550915
CAG01090	d__Bacteria;p__Bacillota_A;c__Clostridia;o__Oscillospirales;f__Oscillospiraceae;g__Faecousia;s__Faecousia sp900546075	Bacteria	Bacillota_A	Clostridia	Oscillospirales	Oscillospiraceae	Faecousia	Faecousia sp900546075
CAG01091	d__Bacteria;p__Bacillota_A;c__Clostridia;o__TANB77;f__CAG-508;g__CAG-269;s__CAG-269 sp001916035	Bacteria	Bacillota_A	Clostridia	Clostridia TANB77	Clostridia TANB77 CAG-508	Clostridia TANB77 CAG-508 CAG-269	Clostridia TANB77 CAG-508 CAG-269 sp001916035
CAG01092	d__;p__;c__;o__;f__;g__;s__	unclassified	unclassified	unclassified 	unclassified 	unclassified 	unclassified 	unclassified
CAG01093	d__Bacteria;p__Bacillota;c__Bacilli;o__RF39;f__UBA660;g__Onthocola_B;s__Onthocola_B sp000438075	Bacteria	Bacillota	Bacilli	Bacilli RF39	Bacilli RF39 UBA660	Onthocola_B	Onthocola_B sp000438075
CAG01094	d__Bacteria;p__Bacillota_A;c__Clostridia;o__TANB77;f__CAG-508;g__CAG-273;s__CAG-273 sp000438355	Bacteria	Bacillota_A	Clostridia	Clostridia TANB77	Clostridia TANB77 CAG-508	Clostridia TANB77 CAG-508 CAG-273	Clostridia TANB77 CAG-508 CAG-273 sp000438355
CAG01095	d__Bacteria;p__Bacillota_A;c__Clostridia;o__TANB77;f__CAG-508;g__CAG-245;s__CAG-245 sp900552135	Bacteria	Bacillota_A	Clostridia	Clostridia TANB77	Clostridia TANB77 CAG-508	Clostridia TANB77 CAG-508 CAG-245	Clostridia TANB77 CAG-508 CAG-245 sp900552135
CAG01096	d__Bacteria;p__Bacillota_A;c__Clostridia;o__TANB77;f__CAG-508;g__UMGS1781;s__UMGS1781 sp900553365	Bacteria	Bacillota_A	Clostridia	Clostridia TANB77	Clostridia TANB77 CAG-508	Clostridia TANB77 CAG-508 UMGS1781	Clostridia TANB77 CAG-508 UMGS1781 sp900553365
CAG01097	d__Bacteria;p__Bacillota;c__Bacilli;o__RF39;f__UBA660;g__UMGS2016;s__UMGS2016 sp900557185	Bacteria	Bacillota	Bacilli	Bacilli RF39	Bacilli RF39 UBA660	Bacilli RF39 UBA660 UMGS2016	Bacilli RF39 UBA660 UMGS2016 sp900557185
CAG01098	d__Bacteria;p__Bacillota_A;c__Clostridia;o__Lachnospirales;f__Lachnospiraceae;g__Coprococcus;s__Coprococcus sp900066115	Bacteria	Bacillota_A	Clostridia	Lachnospirales	Lachnospiraceae	Coprococcus	Coprococcus sp900066115
CAG01099	d__Bacteria;p__Pseudomonadota;c__Gammaproteobacteria;o__Enterobacterales;f__Enterobacteriaceae;g__Klebsiella;s__Klebsiella ornithinolytica	Bacteria	Pseudomonadota	Gammaproteobacteria	Enterobacterales	Enterobacteriaceae	Klebsiella	Klebsiella ornithinolytica
CAG01100	d__Bacteria;p__Bacillota_A;c__Clostridia;o__TANB77;f__CAG-508;g__CAG-269;s__CAG-269 sp900554365	Bacteria	Bacillota_A	Clostridia	Clostridia TANB77	Clostridia TANB77 CAG-508	Clostridia TANB77 CAG-508 CAG-269	Clostridia TANB77 CAG-508 CAG-269 sp900554365
CAG01101	d__;p__;c__;o__;f__;g__;s__	unclassified	unclassified	unclassified 	unclassified 	unclassified 	unclassified 	unclassified
CAG01102	d__Bacteria;p__Bacillota_A;c__Clostridia;o__Christensenellales;f__Borkfalkiaceae;g__UBA10281;s__UBA10281 sp900767495	Bacteria	Bacillota_A	Clostridia	Christensenellales	Borkfalkiaceae	Borkfalkiaceae UBA10281	Borkfalkiaceae UBA10281 sp900767495
CAG01103	d__;p__;c__;o__;f__;g__;s__	unclassified	unclassified	unclassified 	unclassified 	unclassified 	unclassified 	unclassified
CAG01104	d__Bacteria;p__Bacillota;c__Bacilli;o__RF39;f__UBA660;g__Faecisoma;s__Faecisoma sp000432255	Bacteria	Bacillota	Bacilli	Bacilli RF39	Bacilli RF39 UBA660	Faecisoma	Faecisoma sp000432255
CAG01105	d__Bacteria;p__Bacillota_B;c__Peptococcia;o__Peptococcales;f__Peptococcaceae;g__UBA7185;s__UBA7185 sp900556545	Bacteria	Bacillota_B	Peptococcia	Peptococcales	Peptococcaceae	Peptococcaceae UBA7185	Peptococcaceae UBA7185 sp900556545
CAG01106	d__Bacteria;p__Bacillota;c__Bacilli;o__RF39;f__UBA660;g__Onthousia;s__Onthousia sp000438295	Bacteria	Bacillota	Bacilli	Bacilli RF39	Bacilli RF39 UBA660	Onthousia	Onthousia sp000438295
CAG01107	d__Bacteria;p__Bacillota_A;c__Clostridia;o__TANB77;f__CAG-508;g__UMGS1994;s__UMGS1994 sp900553945	Bacteria	Bacillota_A	Clostridia	Clostridia TANB77	Clostridia TANB77 CAG-508	Clostridia TANB77 CAG-508 UMGS1994	Clostridia TANB77 CAG-508 UMGS1994 sp900553945
CAG01108	d__Bacteria;p__Bacillota_A;c__Clostridia;o__TANB77;f__CAG-508;g__CAG-273;s__CAG-273 sp003507395	Bacteria	Bacillota_A	Clostridia	Clostridia TANB77	Clostridia TANB77 CAG-508	Clostridia TANB77 CAG-508 CAG-273	Clostridia TANB77 CAG-508 CAG-273 sp003507395
CAG01109	d__Bacteria;p__Bacillota;c__Bacilli;o__RF39;f__UBA660;g__CAG-762;s__CAG-762 sp000432575	Bacteria	Bacillota	Bacilli	Bacilli RF39	Bacilli RF39 UBA660	Bacilli RF39 UBA660 CAG-762	Bacilli RF39 UBA660 CAG-762 sp000432575
CAG01110	d__Bacteria;p__Bacillota;c__Bacilli;o__RF39;f__UBA660;g__CAG-1000;s__CAG-1000 sp000436975	Bacteria	Bacillota	Bacilli	Bacilli RF39	Bacilli RF39 UBA660	Bacilli RF39 UBA660 CAG-1000	Bacilli RF39 UBA660 CAG-1000 sp000436975
CAG01111	d__Bacteria;p__Bacillota_A;c__Clostridia;o__TANB77;f__CAG-508;g__CAG-269;s__CAG-269 sp000438255	Bacteria	Bacillota_A	Clostridia	Clostridia TANB77	Clostridia TANB77 CAG-508	Clostridia TANB77 CAG-508 CAG-269	Clostridia TANB77 CAG-508 CAG-269 sp000438255
CAG01112	d__Bacteria;p__Bacillota;c__Bacilli;o__RF39;f__UBA660;g__Onthousia;s__Onthousia sp934130405	Bacteria	Bacillota	Bacilli	Bacilli RF39	Bacilli RF39 UBA660	Onthousia	Onthousia sp934130405
CAG01113	d__Bacteria;p__Bacillota;c__Bacilli;o__RF39;f__UBA660;g__Faecimonas;s__Faecimonas intestinavium	Bacteria	Bacillota	Bacilli	Bacilli RF39	Bacilli RF39 UBA660	Faecimonas	Faecimonas intestinavium
CAG01114	d__Bacteria;p__Bacillota;c__Bacilli;o__RF39;f__UBA660;g__CAJOJO01;s__CAJOJO01 sp900546745	Bacteria	Bacillota	Bacilli	Bacilli RF39	Bacilli RF39 UBA660	Bacilli RF39 UBA660 CAJOJO01	Bacilli RF39 UBA660 CAJOJO01 sp900546745
CAG01115	d__Bacteria;p__Actinomycetota;c__Coriobacteriia;o__Coriobacteriales;f__Eggerthellaceae;g__Anaerotardibacter;s__Anaerotardibacter sp000435675	Bacteria	Actinomycetota	Coriobacteriia	Coriobacteriales	Eggerthellaceae	Anaerotardibacter	Anaerotardibacter sp000435675
CAG01116	d__Bacteria;p__Bacillota_A;c__Clostridia;o__Oscillospirales;f__Oscillospiraceae;g__Evtepia;s__Evtepia sp004554585	Bacteria	Bacillota_A	Clostridia	Oscillospirales	Oscillospiraceae	Evtepia	Evtepia sp004554585
CAG01117	d__Bacteria;p__Bacillota;c__Bacilli;o__RF39;f__UBA660;g__UMGS2068;s__UMGS2068 sp900769635	Bacteria	Bacillota	Bacilli	Bacilli RF39	Bacilli RF39 UBA660	Bacilli RF39 UBA660 UMGS2068	Bacilli RF39 UBA660 UMGS2068 sp900769635
CAG01118	d__Bacteria;p__Bacillota;c__Bacilli;o__RF39;f__UBA660;g__HGM10766;s__HGM10766 sp900757295	Bacteria	Bacillota	Bacilli	Bacilli RF39	Bacilli RF39 UBA660	Bacilli RF39 UBA660 HGM10766	Bacilli RF39 UBA660 HGM10766 sp900757295
CAG01119	d__Bacteria;p__Bacteroidota;c__Bacteroidia;o__Bacteroidales;f__Bacteroidaceae;g__Bacteroides;s__Bacteroides intestinalis_A	Bacteria	Bacteroidota	Bacteroidia	Bacteroidales	Bacteroidaceae	Bacteroides	Bacteroides intestinalis_A
CAG01120	d__Bacteria;p__Bacillota;c__Bacilli;o__RF39;f__UBA660;g__Ventrenecus;s__Ventrenecus sp905205665	Bacteria	Bacillota	Bacilli	Bacilli RF39	Bacilli RF39 UBA660	Ventrenecus	Ventrenecus sp905205665
CAG01121	d__Bacteria;p__Bacillota;c__Bacilli;o__RF39;f__UBA660;g__Onthousia;s__Onthousia sp900760545	Bacteria	Bacillota	Bacilli	Bacilli RF39	Bacilli RF39 UBA660	Onthousia	Onthousia sp900760545
CAG01122	d__Bacteria;p__Desulfobacterota;c__Desulfovibrionia;o__Desulfovibrionales;f__Desulfovibrionaceae;g__Desulfovibrio;s__Desulfovibrio piger_A	Bacteria	Desulfobacterota	Desulfovibrionia	Desulfovibrionales	Desulfovibrionaceae	Desulfovibrio	Desulfovibrio piger_A
CAG01123	d__Bacteria;p__Bacillota_A;c__Clostridia;o__TANB77;f__CAG-508;g__UMGS1663;s__UMGS1663 sp900553865	Bacteria	Bacillota_A	Clostridia	Clostridia TANB77	Clostridia TANB77 CAG-508	Clostridia TANB77 CAG-508 UMGS1663	Clostridia TANB77 CAG-508 UMGS1663 sp900553865
CAG01124	d__Bacteria;p__Bacillota_A;c__Clostridia;o__Tissierellales;f__Peptoniphilaceae;g__Parvimonas;s__Parvimonas micra	Bacteria	Bacillota_A	Clostridia	Tissierellales	Peptoniphilaceae	Parvimonas	Parvimonas micra
CAG01125	d__Bacteria;p__Bacillota_A;c__Clostridia;o__TANB77;f__CAG-508;g__CAG-269;s__	Bacteria	Bacillota_A	Clostridia	Clostridia TANB77	Clostridia TANB77 CAG-508	Clostridia TANB77 CAG-508 CAG-269	Clostridia TANB77 CAG-508 CAG-269 sp.
CAG01126	d__Bacteria;p__Bacteroidota;c__Bacteroidia;o__Bacteroidales;f__Bacteroidaceae;g__Phocaeicola;s__Phocaeicola sp900551065	Bacteria	Bacteroidota	Bacteroidia	Bacteroidales	Bacteroidaceae	Phocaeicola	Phocaeicola sp900551065
CAG01127	d__Bacteria;p__Bacteroidota;c__Bacteroidia;o__Bacteroidales;f__Bacteroidaceae;g__Prevotella;s__Prevotella sp900552515	Bacteria	Bacteroidota	Bacteroidia	Bacteroidales	Bacteroidaceae	Prevotella	Prevotella sp900552515
CAG01128	d__Bacteria;p__Bacillota_C;c__Negativicutes;o__Veillonellales;f__Dialisteraceae;g__UBA1822;s__UBA1822 sp002314995	Bacteria	Bacillota_C	Negativicutes	Veillonellales	Dialisteraceae	Dialisteraceae UBA1822	Dialisteraceae UBA1822 sp002314995
CAG01129	d__Bacteria;p__Bacillota_A;c__Clostridia;o__Oscillospirales;f__Acutalibacteraceae;g__CAG-557;s__CAG-557 sp000435275	Bacteria	Bacillota_A	Clostridia	Oscillospirales	Acutalibacteraceae	Acutalibacteraceae CAG-557	Acutalibacteraceae CAG-557 sp000435275
CAG01130	d__Bacteria;p__Bacteroidota;c__Bacteroidia;o__Bacteroidales;f__Bacteroidaceae;g__Prevotella;s__Prevotella bivia	Bacteria	Bacteroidota	Bacteroidia	Bacteroidales	Bacteroidaceae	Prevotella	Prevotella bivia
CAG01131	d__Bacteria;p__Pseudomonadota;c__Gammaproteobacteria;o__Burkholderiales;f__Burkholderiaceae_A;g__Aphodousia;s__Aphodousia secunda_B	Bacteria	Pseudomonadota	Gammaproteobacteria	Burkholderiales	Burkholderiaceae_A	Aphodousia	Aphodousia secunda_B
CAG01132	d__Bacteria;p__Bacillota_A;c__Clostridia;o__Lachnospirales;f__Lachnospiraceae;g__Copromonas;s__Copromonas sp900066785	Bacteria	Bacillota_A	Clostridia	Lachnospirales	Lachnospiraceae	Copromonas	Copromonas sp900066785
CAG01133	d__Bacteria;p__Actinomycetota;c__Coriobacteriia;o__Coriobacteriales;f__Eggerthellaceae;g__Senegalimassilia;s__Senegalimassilia anaerobia	Bacteria	Actinomycetota	Coriobacteriia	Coriobacteriales	Eggerthellaceae	Senegalimassilia	Senegalimassilia anaerobia
CAG01134	d__Bacteria;p__Bacillota_A;c__Clostridia;o__Oscillospirales;f__Oscillospiraceae;g__Faecousia;s__Faecousia sp900553805	Bacteria	Bacillota_A	Clostridia	Oscillospirales	Oscillospiraceae	Faecousia	Faecousia sp900553805
CAG01135	d__Bacteria;p__Bacillota_A;c__Clostridia;o__Oscillospirales;f__Acutalibacteraceae;g__UBA737;s__UBA737 sp900549755	Bacteria	Bacillota_A	Clostridia	Oscillospirales	Acutalibacteraceae	Acutalibacteraceae UBA737	Acutalibacteraceae UBA737 sp900549755
CAG01136	d__Bacteria;p__Bacillota_A;c__Clostridia;o__TANB77;f__CAG-508;g__CAG-269;s__CAG-269 sp900754285	Bacteria	Bacillota_A	Clostridia	Clostridia TANB77	Clostridia TANB77 CAG-508	Clostridia TANB77 CAG-508 CAG-269	Clostridia TANB77 CAG-508 CAG-269 sp900754285
CAG01137	d__Bacteria;p__Bacillota;c__Bacilli;o__RF39;f__UBA660;g__UMGS1271;s__UMGS1271 sp900550255	Bacteria	Bacillota	Bacilli	Bacilli RF39	Bacilli RF39 UBA660	Bacilli RF39 UBA660 UMGS1271	Bacilli RF39 UBA660 UMGS1271 sp900550255
CAG01138	d__Bacteria;p__Bacillota;c__Bacilli;o__RF39;f__UBA660;g__Scybalousia;s__Scybalousia sp900542735	Bacteria	Bacillota	Bacilli	Bacilli RF39	Bacilli RF39 UBA660	Scybalousia	Scybalousia sp900542735
CAG01139	d__Bacteria;p__Bacillota_A;c__Clostridia;o__TANB77;f__CAG-508;g__Merdicola;s__Merdicola sp900552655	Bacteria	Bacillota_A	Clostridia	Clostridia TANB77	Clostridia TANB77 CAG-508	Merdicola	Merdicola sp900552655
CAG01140	d__Bacteria;p__Bacillota_A;c__Clostridia;o__Oscillospirales;f__CAG-272;g__QALR01;s__QALR01 sp900542425	Bacteria	Bacillota_A	Clostridia	Oscillospirales	Oscillospirales CAG-272	Oscillospirales CAG-272 QALR01	Oscillospirales CAG-272 QALR01 sp900542425
CAG01141	d__Bacteria;p__Bacillota;c__Bacilli;o__Erysipelotrichales;f__Erysipelotrichaceae;g__Holdemanella;s__Holdemanella biformis	Bacteria	Bacillota	Bacilli	Erysipelotrichales	Erysipelotrichaceae	Holdemanella	Holdemanella biformis
CAG01142	d__Bacteria;p__Bacillota_A;c__Clostridia;o__;f__;g__;s__	Bacteria	Bacillota_A	Clostridia	unclassified Clostridia	unclassified Clostridia	unclassified Clostridia	Clostridia bacterium
CAG01143	d__Bacteria;p__Bacillota_A;c__Clostridia;o__TANB77;f__CAG-465;g__CAG-465;s__CAG-465 sp000433755	Bacteria	Bacillota_A	Clostridia	Clostridia TANB77	Clostridia TANB77 CAG-465	Clostridia TANB77 CAG-465	Clostridia TANB77 CAG-465 sp000433755
CAG01144	d__Bacteria;p__Bacillota;c__Bacilli;o__Lactobacillales;f__Lactobacillaceae;g__Limosilactobacillus;s__Limosilactobacillus vaginalis	Bacteria	Bacillota	Bacilli	Lactobacillales	Lactobacillaceae	Limosilactobacillus	Limosilactobacillus vaginalis
CAG01145	d__Bacteria;p__Bacteroidota;c__Bacteroidia;o__Bacteroidales;f__Bacteroidaceae;g__Bacteroides;s__Bacteroides sp900556215	Bacteria	Bacteroidota	Bacteroidia	Bacteroidales	Bacteroidaceae	Bacteroides	Bacteroides sp900556215
CAG01146	d__Bacteria;p__Bacillota_A;c__Clostridia;o__Oscillospirales;f__Oscillospiraceae;g__Dysosmobacter;s__Dysosmobacter sp944387015	Bacteria	Bacillota_A	Clostridia	Oscillospirales	Oscillospiraceae	Dysosmobacter	Dysosmobacter sp944387015
CAG01147	d__Bacteria;p__Bacillota;c__Bacilli;o__RF39;f__UBA660;g__Aphodocola;s__Aphodocola sp900772415	Bacteria	Bacillota	Bacilli	Bacilli RF39	Bacilli RF39 UBA660	Aphodocola	Aphodocola sp900772415
CAG01148	d__Bacteria;p__Bacillota_A;c__Clostridia;o__Lachnospirales;f__Lachnospiraceae;g__;s__	Bacteria	Bacillota_A	Clostridia	Lachnospirales	Lachnospiraceae	unclassified Lachnospiraceae	Lachnospiraceae bacterium
CAG01149	d__Bacteria;p__Bacillota_A;c__Clostridia;o__TANB77;f__CAG-508;g__CAG-269;s__CAG-269 sp001916065	Bacteria	Bacillota_A	Clostridia	Clostridia TANB77	Clostridia TANB77 CAG-508	Clostridia TANB77 CAG-508 CAG-269	Clostridia TANB77 CAG-508 CAG-269 sp001916065
CAG01150	d__Bacteria;p__Bacillota_A;c__Clostridia;o__TANB77;f__CAG-508;g__CAG-273;s__CAG-273 sp000437855	Bacteria	Bacillota_A	Clostridia	Clostridia TANB77	Clostridia TANB77 CAG-508	Clostridia TANB77 CAG-508 CAG-273	Clostridia TANB77 CAG-508 CAG-273 sp000437855
CAG01151	d__Bacteria;p__Bacillota;c__Bacilli;o__RF39;f__UBA660;g__UBA6448;s__UBA6448 sp000437315	Bacteria	Bacillota	Bacilli	Bacilli RF39	Bacilli RF39 UBA660	Bacilli RF39 UBA660 UBA6448	Bacilli RF39 UBA660 UBA6448 sp000437315
CAG01152	d__Bacteria;p__Bacillota_A;c__Clostridia;o__TANB77;f__CAG-508;g__CAG-273;s__CAG-273 sp000435755	Bacteria	Bacillota_A	Clostridia	Clostridia TANB77	Clostridia TANB77 CAG-508	Clostridia TANB77 CAG-508 CAG-273	Clostridia TANB77 CAG-508 CAG-273 sp000435755
CAG01153	d__Bacteria;p__Bacillota_A;c__Clostridia;o__UBA1212;f__UBA1255;g__Egerieisoma;s__Egerieisoma sp900543695	Bacteria	Bacillota_A	Clostridia	Clostridia UBA1212	Clostridia UBA1212 UBA1255	Egerieisoma	Egerieisoma sp900543695
CAG01154	d__Bacteria;p__Bacillota_A;c__Clostridia;o__Lachnospirales;f__Lachnospiraceae;g__Butyribacter;s__Butyribacter sp934317005	Bacteria	Bacillota_A	Clostridia	Lachnospirales	Lachnospiraceae	Butyribacter	Butyribacter sp934317005
CAG01155	d__Bacteria;p__Bacillota_A;c__Clostridia;o__Lachnospirales;f__Lachnospiraceae;g__Blautia_A;s__Blautia_A sp900120195	Bacteria	Bacillota_A	Clostridia	Lachnospirales	Lachnospiraceae	Blautia_A	Blautia_A sp900120195
CAG01156	d__Bacteria;p__Bacillota_A;c__Clostridia;o__Lachnospirales;f__Lachnospiraceae;g__UBA4285;s__UBA4285 sp900545225	Bacteria	Bacillota_A	Clostridia	Lachnospirales	Lachnospiraceae	Lachnospiraceae UBA4285	Lachnospiraceae UBA4285 sp900545225
CAG01157	d__Bacteria;p__Bacillota_A;c__Clostridia;o__Lachnospirales;f__Lachnospiraceae;g__UMGS2037;s__UMGS2037 sp934402515	Bacteria	Bacillota_A	Clostridia	Lachnospirales	Lachnospiraceae	Lachnospiraceae UMGS2037	Lachnospiraceae UMGS2037 sp934402515
CAG01158	d__Bacteria;p__Bacillota_A;c__Clostridia;o__Oscillospirales;f__Oscillospiraceae;g__Onthomonas;s__Onthomonas sp900752305	Bacteria	Bacillota_A	Clostridia	Oscillospirales	Oscillospiraceae	Onthomonas	Onthomonas sp900752305
CAG01159	d__Bacteria;p__Bacillota_C;c__Negativicutes;o__Veillonellales;f__Veillonellaceae;g__Veillonella;s__Veillonella rogosae	Bacteria	Bacillota_C	Negativicutes	Veillonellales	Veillonellaceae	Veillonella	Veillonella rogosae
CAG01160	d__Bacteria;p__Desulfobacterota;c__Desulfovibrionia;o__Desulfovibrionales;f__Desulfovibrionaceae;g__Desulfovibrio;s__Desulfovibrio sp900546145	Bacteria	Desulfobacterota	Desulfovibrionia	Desulfovibrionales	Desulfovibrionaceae	Desulfovibrio	Desulfovibrio sp900546145
CAG01161	d__Bacteria;p__Bacillota_A;c__Clostridia;o__Oscillospirales;f__Butyricicoccaceae;g__;s__	Bacteria	Bacillota_A	Clostridia	Oscillospirales	Butyricicoccaceae	unclassified Butyricicoccaceae	Butyricicoccaceae bacterium
CAG01162	d__Bacteria;p__Bacillota_A;c__Clostridia;o__Lachnospirales;f__Lachnospiraceae;g__1XD42-69;s__1XD42-69 sp014287635	Bacteria	Bacillota_A	Clostridia	Lachnospirales	Lachnospiraceae	Lachnospiraceae 1XD42-69	Lachnospiraceae 1XD42-69 sp014287635
CAG01163	d__Bacteria;p__Bacillota;c__Bacilli;o__RF39;f__UBA660;g__Onthocola_B;s__Onthocola_B sp900544625	Bacteria	Bacillota	Bacilli	Bacilli RF39	Bacilli RF39 UBA660	Onthocola_B	Onthocola_B sp900544625
CAG01164	d__Bacteria;p__Bacillota;c__Bacilli;o__RF39;f__UBA660;g__CAG-533;s__CAG-533 sp000434495	Bacteria	Bacillota	Bacilli	Bacilli RF39	Bacilli RF39 UBA660	Bacilli RF39 UBA660 CAG-533	Bacilli RF39 UBA660 CAG-533 sp000434495
CAG01165	d__Bacteria;p__Bacteroidota;c__Bacteroidia;o__Bacteroidales;f__Bacteroidaceae;g__Bacteroides;s__	Bacteria	Bacteroidota	Bacteroidia	Bacteroidales	Bacteroidaceae	Bacteroides	Bacteroides sp.
CAG01166	d__Bacteria;p__Bacillota_A;c__Clostridia;o__Christensenellales;f__Borkfalkiaceae;g__HGM11416;s__HGM11416 sp900768525	Bacteria	Bacillota_A	Clostridia	Christensenellales	Borkfalkiaceae	Borkfalkiaceae HGM11416	Borkfalkiaceae HGM11416 sp900768525
CAG01167	d__Bacteria;p__Bacillota;c__Bacilli;o__RF39;f__UBA660;g__RUG705;s__RUG705 sp905188025	Bacteria	Bacillota	Bacilli	Bacilli RF39	Bacilli RF39 UBA660	Bacilli RF39 UBA660 RUG705	Bacilli RF39 UBA660 RUG705 sp905188025
CAG01168	d__Bacteria;p__Pseudomonadota;c__Gammaproteobacteria;o__Burkholderiales;f__Burkholderiaceae_A;g__Duodenibacillus;s__Duodenibacillus sp900542805	Bacteria	Pseudomonadota	Gammaproteobacteria	Burkholderiales	Burkholderiaceae_A	Duodenibacillus	Duodenibacillus sp900542805
CAG01169	d__Bacteria;p__Bacillota_A;c__Clostridia;o__Oscillospirales;f__Acutalibacteraceae;g__UBA737;s__UBA737 sp900549055	Bacteria	Bacillota_A	Clostridia	Oscillospirales	Acutalibacteraceae	Acutalibacteraceae UBA737	Acutalibacteraceae UBA737 sp900549055
CAG01170	d__Bacteria;p__Bacillota;c__Bacilli;o__RF39;f__UBA660;g__CAG-628;s__CAG-628 sp003524085	Bacteria	Bacillota	Bacilli	Bacilli RF39	Bacilli RF39 UBA660	Bacilli RF39 UBA660 CAG-628	Bacilli RF39 UBA660 CAG-628 sp003524085
CAG01171	d__Bacteria;p__Bacillota_A;c__Clostridia;o__TANB77;f__CAG-465;g__CAG-465;s__CAG-465 sp000433335	Bacteria	Bacillota_A	Clostridia	Clostridia TANB77	Clostridia TANB77 CAG-465	Clostridia TANB77 CAG-465	Clostridia TANB77 CAG-465 sp000433335
CAG01172	d__Bacteria;p__Bacillota_A;c__Clostridia;o__Oscillospirales;f__Oscillospiraceae;g__Marseille-P3106;s__Marseille-P3106 sp900543935	Bacteria	Bacillota_A	Clostridia	Oscillospirales	Oscillospiraceae	Oscillospiraceae Marseille-P3106	Oscillospiraceae Marseille-P3106 sp900543935
CAG01173	d__Bacteria;p__Bacillota;c__Bacilli;o__RF39;f__UBA660;g__CAG-302;s__CAG-302 sp900543825	Bacteria	Bacillota	Bacilli	Bacilli RF39	Bacilli RF39 UBA660	Bacilli RF39 UBA660 CAG-302	Bacilli RF39 UBA660 CAG-302 sp900543825
CAG01174	d__Bacteria;p__Bacillota_A;c__Clostridia;o__Lachnospirales;f__Lachnospiraceae;g__Lachnoclostridium_B;s__Lachnoclostridium_B sp002160985	Bacteria	Bacillota_A	Clostridia	Lachnospirales	Lachnospiraceae	Lachnoclostridium_B	Lachnoclostridium_B sp002160985
CAG01175	d__Bacteria;p__Bacillota;c__Bacilli;o__RF39;f__UBA660;g__CAG-1193;s__CAG-1193 sp000436255	Bacteria	Bacillota	Bacilli	Bacilli RF39	Bacilli RF39 UBA660	Bacilli RF39 UBA660 CAG-1193	Bacilli RF39 UBA660 CAG-1193 sp000436255
CAG01176	d__Bacteria;p__Bacillota;c__Bacilli;o__RF39;f__UBA660;g__CAG-914;s__CAG-914 sp000437895	Bacteria	Bacillota	Bacilli	Bacilli RF39	Bacilli RF39 UBA660	Bacilli RF39 UBA660 CAG-914	Bacilli RF39 UBA660 CAG-914 sp000437895
CAG01177	d__Bacteria;p__Bacillota;c__Bacilli;o__RF39;f__UBA660;g__UMGS1045;s__UMGS1045 sp900547995	Bacteria	Bacillota	Bacilli	Bacilli RF39	Bacilli RF39 UBA660	Bacilli RF39 UBA660 UMGS1045	Bacilli RF39 UBA660 UMGS1045 sp900547995
CAG01178	d__;p__;c__;o__;f__;g__;s__	unclassified	unclassified	unclassified 	unclassified 	unclassified 	unclassified 	unclassified
CAG01179	d__Bacteria;p__Bacteroidota;c__Bacteroidia;o__Bacteroidales;f__Marinifilaceae;g__Odoribacter;s__Odoribacter sp900541415	Bacteria	Bacteroidota	Bacteroidia	Bacteroidales	Marinifilaceae	Odoribacter	Odoribacter sp900541415
CAG01180	d__Bacteria;p__Bacillota;c__Bacilli;o__RF39;f__UBA660;g__RUG591;s__RUG591 sp902797275	Bacteria	Bacillota	Bacilli	Bacilli RF39	Bacilli RF39 UBA660	Bacilli RF39 UBA660 RUG591	Bacilli RF39 UBA660 RUG591 sp902797275
CAG01181	d__Bacteria;p__Bacillota;c__Bacilli;o__RF39;f__UBA660;g__Onthocola_B;s__Onthocola_B sp000437355	Bacteria	Bacillota	Bacilli	Bacilli RF39	Bacilli RF39 UBA660	Onthocola_B	Onthocola_B sp000437355
CAG01182	d__Bacteria;p__Bacillota_A;c__Clostridia;o__TANB77;f__CAG-508;g__CAG-269;s__CAG-269 sp900556345	Bacteria	Bacillota_A	Clostridia	Clostridia TANB77	Clostridia TANB77 CAG-508	Clostridia TANB77 CAG-508 CAG-269	Clostridia TANB77 CAG-508 CAG-269 sp900556345
CAG01183	d__Bacteria;p__Bacillota_A;c__Clostridia;o__Oscillospirales;f__Oscillospiraceae;g__Onthomonas;s__Onthomonas sp900545815	Bacteria	Bacillota_A	Clostridia	Oscillospirales	Oscillospiraceae	Onthomonas	Onthomonas sp900545815
CAG01184	d__Bacteria;p__Bacillota_A;c__Clostridia;o__TANB77;f__CAG-508;g__CAG-793;s__CAG-793 sp900557475	Bacteria	Bacillota_A	Clostridia	Clostridia TANB77	Clostridia TANB77 CAG-508	Clostridia TANB77 CAG-508 CAG-793	Clostridia TANB77 CAG-508 CAG-793 sp900557475
CAG01185	d__Bacteria;p__Bacillota;c__Bacilli;o__RF39;f__UBA660;g__Onthocola_B;s__Onthocola_B sp934085585	Bacteria	Bacillota	Bacilli	Bacilli RF39	Bacilli RF39 UBA660	Onthocola_B	Onthocola_B sp934085585
CAG01186	d__Bacteria;p__Pseudomonadota;c__Gammaproteobacteria;o__Burkholderiales;f__Burkholderiaceae_A;g__Duodenibacillus;s__Duodenibacillus sp900544335	Bacteria	Pseudomonadota	Gammaproteobacteria	Burkholderiales	Burkholderiaceae_A	Duodenibacillus	Duodenibacillus sp900544335
CAG01187	d__Bacteria;p__Bacillota;c__Bacilli;o__ML615J-28;f__CAG-313;g__UMGS75;s__UMGS75 sp900538885	Bacteria	Bacillota	Bacilli	Bacilli ML615J-28	Bacilli ML615J-28 CAG-313	Bacilli ML615J-28 CAG-313 UMGS75	Bacilli ML615J-28 CAG-313 UMGS75 sp900538885
CAG01188	d__Bacteria;p__Bacillota;c__Bacilli;o__RF39;f__UBA660;g__CAG-302;s__CAG-302 sp001916775	Bacteria	Bacillota	Bacilli	Bacilli RF39	Bacilli RF39 UBA660	Bacilli RF39 UBA660 CAG-302	Bacilli RF39 UBA660 CAG-302 sp001916775
CAG01189	d__Archaea;p__Methanobacteriota;c__Methanobacteria;o__Methanobacteriales;f__Methanobacteriaceae;g__Methanobrevibacter_A;s__Methanobrevibacter_A smithii_A	Archaea	Methanobacteriota	Methanobacteria	Methanobacteriales	Methanobacteriaceae	Methanobrevibacter_A	Methanobrevibacter_A smithii_A
CAG01190	d__Bacteria;p__Bacteroidota;c__Bacteroidia;o__Bacteroidales;f__Marinifilaceae;g__Butyricimonas;s__Butyricimonas virosa	Bacteria	Bacteroidota	Bacteroidia	Bacteroidales	Marinifilaceae	Butyricimonas	Butyricimonas virosa
CAG01191	d__Bacteria;p__Bacillota_A;c__Clostridia;o__TANB77;f__CAG-508;g__CAG-269;s__CAG-269 sp905213875	Bacteria	Bacillota_A	Clostridia	Clostridia TANB77	Clostridia TANB77 CAG-508	Clostridia TANB77 CAG-508 CAG-269	Clostridia TANB77 CAG-508 CAG-269 sp905213875
CAG01192	d__Bacteria;p__Bacillota_A;c__Clostridia;o__Oscillospirales;f__Oscillospiraceae;g__Lawsonibacter;s__Lawsonibacter sp902363045	Bacteria	Bacillota_A	Clostridia	Oscillospirales	Oscillospiraceae	Lawsonibacter	Lawsonibacter sp902363045
CAG01193	d__Bacteria;p__Bacillota_A;c__Clostridia;o__TANB77;f__CAG-508;g__CAG-269;s__CAG-269 sp934149075	Bacteria	Bacillota_A	Clostridia	Clostridia TANB77	Clostridia TANB77 CAG-508	Clostridia TANB77 CAG-508 CAG-269	Clostridia TANB77 CAG-508 CAG-269 sp934149075
CAG01194	d__Bacteria;p__Bacillota_A;c__Clostridia;o__Lachnospirales;f__Lachnospiraceae;g__Coprococcus;s__Coprococcus sp000154245	Bacteria	Bacillota_A	Clostridia	Lachnospirales	Lachnospiraceae	Coprococcus	Coprococcus sp000154245
CAG01195	d__Bacteria;p__Bacillota_A;c__Clostridia;o__Oscillospirales;f__Oscillospiraceae;g__ER4;s__ER4 sp900550165	Bacteria	Bacillota_A	Clostridia	Oscillospirales	Oscillospiraceae	Oscillospiraceae ER4	Oscillospiraceae ER4 sp900550165
CAG01196	d__Bacteria;p__Actinomycetota;c__Coriobacteriia;o__Coriobacteriales;f__Coriobacteriaceae;g__Collinsella;s__Collinsella stercoripullorum	Bacteria	Actinomycetota	Coriobacteriia	Coriobacteriales	Coriobacteriaceae	Collinsella	Collinsella stercoripullorum
CAG01197	d__Bacteria;p__Bacillota_C;c__Negativicutes;o__Veillonellales;f__Dialisteraceae;g__Allisonella;s__Allisonella histaminiformans	Bacteria	Bacillota_C	Negativicutes	Veillonellales	Dialisteraceae	Allisonella	Allisonella histaminiformans
CAG01198	d__Bacteria;p__Bacillota_A;c__Clostridia;o__TANB77;f__CAG-508;g__CAG-269;s__CAG-269 sp001916005	Bacteria	Bacillota_A	Clostridia	Clostridia TANB77	Clostridia TANB77 CAG-508	Clostridia TANB77 CAG-508 CAG-269	Clostridia TANB77 CAG-508 CAG-269 sp001916005
CAG01199	d__Bacteria;p__Bacillota_A;c__Clostridia;o__Oscillospirales;f__Ruminococcaceae;g__Faecalibacterium;s__Faecalibacterium sp900765705	Bacteria	Bacillota_A	Clostridia	Oscillospirales	Ruminococcaceae	Faecalibacterium	Faecalibacterium sp900765705
CAG01200	d__Bacteria;p__Bacillota_A;c__Clostridia;o__Oscillospirales;f__Ruminococcaceae;g__Merdivicinus;s__Merdivicinus sp900555435	Bacteria	Bacillota_A	Clostridia	Oscillospirales	Ruminococcaceae	Merdivicinus	Merdivicinus sp900555435
CAG01201	d__Bacteria;p__Bacillota;c__Bacilli;o__RF39;f__UBA660;g__CAG-302;s__CAG-302 sp900548425	Bacteria	Bacillota	Bacilli	Bacilli RF39	Bacilli RF39 UBA660	Bacilli RF39 UBA660 CAG-302	Bacilli RF39 UBA660 CAG-302 sp900548425
CAG01202	d__Bacteria;p__Bacteroidota;c__Bacteroidia;o__Bacteroidales;f__Bacteroidaceae;g__Bacteroides;s__Bacteroides cellulosilyticus	Bacteria	Bacteroidota	Bacteroidia	Bacteroidales	Bacteroidaceae	Bacteroides	Bacteroides cellulosilyticus
CAG01203	d__Bacteria;p__Bacillota;c__Bacilli;o__Lactobacillales;f__Streptococcaceae;g__Streptococcus;s__Streptococcus mutans	Bacteria	Bacillota	Bacilli	Lactobacillales	Streptococcaceae	Streptococcus	Streptococcus mutans
CAG01204	d__Bacteria;p__Actinomycetota;c__Coriobacteriia;o__Coriobacteriales;f__Eggerthellaceae;g__Slackia_A;s__Slackia_A piriformis	Bacteria	Actinomycetota	Coriobacteriia	Coriobacteriales	Eggerthellaceae	Slackia_A	Slackia_A piriformis
CAG01205	d__Bacteria;p__Bacillota_C;c__Negativicutes;o__Acidaminococcales;f__Acidaminococcaceae;g__Phascolarctobacterium_A;s__Phascolarctobacterium_A succinatutens	Bacteria	Bacillota_C	Negativicutes	Acidaminococcales	Acidaminococcaceae	Phascolarctobacterium_A	Phascolarctobacterium_A succinatutens
CAG01206	d__Bacteria;p__Bacillota;c__Bacilli;o__RF39;f__UBA660;g__CAG-628;s__CAG-628 sp000438415	Bacteria	Bacillota	Bacilli	Bacilli RF39	Bacilli RF39 UBA660	Bacilli RF39 UBA660 CAG-628	Bacilli RF39 UBA660 CAG-628 sp000438415
CAG01207	d__Bacteria;p__Bacillota_A;c__Clostridia;o__Oscillospirales;f__Oscillospiraceae;g__Dysosmobacter;s__Dysosmobacter sp900542115	Bacteria	Bacillota_A	Clostridia	Oscillospirales	Oscillospiraceae	Dysosmobacter	Dysosmobacter sp900542115
CAG01208	d__Bacteria;p__Bacillota_A;c__Clostridia;o__Lachnospirales;f__Lachnospiraceae;g__Coprococcus_A;s__Coprococcus_A catus_A	Bacteria	Bacillota_A	Clostridia	Lachnospirales	Lachnospiraceae	Coprococcus_A	Coprococcus_A catus_A
CAG01209	d__Bacteria;p__Bacillota;c__Bacilli;o__RF39;f__UBA660;g__Onthocola_B;s__Onthocola_B sp900551525	Bacteria	Bacillota	Bacilli	Bacilli RF39	Bacilli RF39 UBA660	Onthocola_B	Onthocola_B sp900551525
CAG01210	d__Bacteria;p__Bacillota_A;c__Clostridia;o__TANB77;f__CAG-508;g__CAG-273;s__CAG-273 sp934167305	Bacteria	Bacillota_A	Clostridia	Clostridia TANB77	Clostridia TANB77 CAG-508	Clostridia TANB77 CAG-508 CAG-273	Clostridia TANB77 CAG-508 CAG-273 sp934167305
CAG01211	d__Bacteria;p__Bacillota_A;c__Clostridia;o__TANB77;f__CAG-508;g__CAG-245;s__CAG-245 sp000434195	Bacteria	Bacillota_A	Clostridia	Clostridia TANB77	Clostridia TANB77 CAG-508	Clostridia TANB77 CAG-508 CAG-245	Clostridia TANB77 CAG-508 CAG-245 sp000434195
CAG01212	d__Bacteria;p__Bacillota_A;c__Clostridia;o__TANB77;f__CAG-508;g__UMGS1901;s__UMGS1901 sp900553755	Bacteria	Bacillota_A	Clostridia	Clostridia TANB77	Clostridia TANB77 CAG-508	Clostridia TANB77 CAG-508 UMGS1901	Clostridia TANB77 CAG-508 UMGS1901 sp900553755
CAG01213	d__Bacteria;p__Bacillota_A;c__Clostridia;o__;f__;g__;s__	Bacteria	Bacillota_A	Clostridia	unclassified Clostridia	unclassified Clostridia	unclassified Clostridia	Clostridia bacterium
CAG01214	d__Bacteria;p__Bacillota_A;c__Clostridia;o__Lachnospirales;f__Lachnospiraceae;g__Choladocola;s__Choladocola sp003480725	Bacteria	Bacillota_A	Clostridia	Lachnospirales	Lachnospiraceae	Choladocola	Choladocola sp003480725
CAG01215	d__Bacteria;p__Bacillota_A;c__Clostridia;o__Oscillospirales;f__Oscillospiraceae;g__Intestinimonas;s__	Bacteria	Bacillota_A	Clostridia	Oscillospirales	Oscillospiraceae	Intestinimonas	Intestinimonas sp.
CAG01216	d__Bacteria;p__Bacillota_A;c__Clostridia;o__UMGS1883;f__UMGS1540;g__UMGS1540;s__UMGS1540 sp900552775	Bacteria	Bacillota_A	Clostridia	Clostridia UMGS1883	Clostridia UMGS1883 UMGS1540	Clostridia UMGS1883 UMGS1540	Clostridia UMGS1883 UMGS1540 sp900552775
CAG01217	d__Bacteria;p__Bacillota_A;c__Clostridia;o__Lachnospirales;f__Anaerotignaceae;g__Metalachnospira;s__Metalachnospira gallinarum	Bacteria	Bacillota_A	Clostridia	Lachnospirales	Anaerotignaceae	Metalachnospira	Metalachnospira gallinarum
CAG01218	d__Bacteria;p__Bacillota;c__Bacilli;o__Lactobacillales;f__Streptococcaceae;g__Streptococcus;s__Streptococcus infantarius	Bacteria	Bacillota	Bacilli	Lactobacillales	Streptococcaceae	Streptococcus	Streptococcus infantarius
CAG01219	d__Bacteria;p__Bacillota_A;c__Clostridia;o__Oscillospirales;f__Acutalibacteraceae;g__UBA5905;s__UBA5905 sp004558485	Bacteria	Bacillota_A	Clostridia	Oscillospirales	Acutalibacteraceae	Acutalibacteraceae UBA5905	Acutalibacteraceae UBA5905 sp004558485
CAG01220	d__Bacteria;p__Bacillota_C;c__Negativicutes;o__Acidaminococcales;f__Acidaminococcaceae;g__Phascolarctobacterium_A;s__	Bacteria	Bacillota_C	Negativicutes	Acidaminococcales	Acidaminococcaceae	Phascolarctobacterium_A	Phascolarctobacterium_A sp.
CAG01221	d__Bacteria;p__Bacillota_A;c__Clostridia;o__Christensenellales;f__UBA1242;g__CAJKWP01;s__CAJKWP01 sp905203645	Bacteria	Bacillota_A	Clostridia	Christensenellales	Christensenellales UBA1242	Christensenellales UBA1242 CAJKWP01	Christensenellales UBA1242 CAJKWP01 sp905203645
CAG01222	d__Bacteria;p__Bacillota_A;c__Clostridia;o__Lachnospirales;f__Lachnospiraceae;g__Blautia_A;s__Blautia_A sp900066355	Bacteria	Bacillota_A	Clostridia	Lachnospirales	Lachnospiraceae	Blautia_A	Blautia_A sp900066355
CAG01223	d__Bacteria;p__Bacillota_A;c__Clostridia;o__Oscillospirales;f__Oscillospiraceae;g__Evtepia;s__Evtepia sp004556345	Bacteria	Bacillota_A	Clostridia	Oscillospirales	Oscillospiraceae	Evtepia	Evtepia sp004556345
CAG01224	d__Archaea;p__Thermoplasmatota;c__Thermoplasmata;o__Methanomassiliicoccales;f__Methanomethylophilaceae;g__UBA71;s__UBA71 sp006954425	Archaea	Thermoplasmatota	Thermoplasmata	Methanomassiliicoccales	Methanomethylophilaceae	Methanomethylophilaceae UBA71	Methanomethylophilaceae UBA71 sp006954425
CAG01225	d__Bacteria;p__Bacillota_A;c__Clostridia;o__Oscillospirales;f__Oscillospiraceae;g__CAG-103;s__CAG-103 sp900543625	Bacteria	Bacillota_A	Clostridia	Oscillospirales	Oscillospiraceae	Oscillospiraceae CAG-103	Oscillospiraceae CAG-103 sp900543625
CAG01226	d__Bacteria;p__Bacteroidota;c__Bacteroidia;o__Bacteroidales;f__Bacteroidaceae;g__;s__	Bacteria	Bacteroidota	Bacteroidia	Bacteroidales	Bacteroidaceae	unclassified Bacteroidaceae	Bacteroidaceae bacterium
CAG01227	d__Bacteria;p__Bacillota_A;c__Clostridia;o__Oscillospirales;f__Acutalibacteraceae;g__UMGS1591;s__UMGS1591 sp905198295	Bacteria	Bacillota_A	Clostridia	Oscillospirales	Acutalibacteraceae	Acutalibacteraceae UMGS1591	Acutalibacteraceae UMGS1591 sp905198295
CAG01228	d__Bacteria;p__Bacillota_A;c__Clostridia;o__Lachnospirales;f__Lachnospiraceae;g__Ventrimonas;s__Ventrimonas sp003480315	Bacteria	Bacillota_A	Clostridia	Lachnospirales	Lachnospiraceae	Ventrimonas	Ventrimonas sp003480315
CAG01229	d__Bacteria;p__Bacillota;c__Bacilli;o__RF39;f__UBA660;g__CAG-302;s__CAG-302 sp900554615	Bacteria	Bacillota	Bacilli	Bacilli RF39	Bacilli RF39 UBA660	Bacilli RF39 UBA660 CAG-302	Bacilli RF39 UBA660 CAG-302 sp900554615
CAG01230	d__Bacteria;p__Bacillota_A;c__Clostridia;o__Lachnospirales;f__Lachnospiraceae;g__Enterocloster;s__Enterocloster pacaense	Bacteria	Bacillota_A	Clostridia	Lachnospirales	Lachnospiraceae	Enterocloster	Enterocloster pacaense
CAG01231	d__Bacteria;p__Bacillota_A;c__Clostridia;o__Oscillospirales;f__Ruminococcaceae;g__SFJ001;s__SFJ001 sp934513685	Bacteria	Bacillota_A	Clostridia	Oscillospirales	Ruminococcaceae	Ruminococcaceae SFJ001	Ruminococcaceae SFJ001 sp934513685
CAG01232	d__;p__;c__;o__;f__;g__;s__	unclassified	unclassified	unclassified 	unclassified 	unclassified 	unclassified 	unclassified
CAG01233	d__Bacteria;p__Bacillota_A;c__Clostridia;o__TANB77;f__CAG-508;g__Merdicola;s__Merdicola sp900754085	Bacteria	Bacillota_A	Clostridia	Clostridia TANB77	Clostridia TANB77 CAG-508	Merdicola	Merdicola sp900754085
CAG01234	d__Bacteria;p__Bacillota;c__Bacilli;o__RF39;f__UBA660;g__RUG11198;s__	Bacteria	Bacillota	Bacilli	Bacilli RF39	Bacilli RF39 UBA660	Bacilli RF39 UBA660 RUG11198	Bacilli RF39 UBA660 RUG11198 sp.
CAG01235	d__Bacteria;p__Bacillota_A;c__Clostridia;o__Lachnospirales;f__Lachnospiraceae;g__Blautia_A;s__Blautia_A wexlerae_B	Bacteria	Bacillota_A	Clostridia	Lachnospirales	Lachnospiraceae	Blautia_A	Blautia_A wexlerae_B
CAG01236	d__Bacteria;p__Bacillota_A;c__Clostridia;o__TANB77;f__CAG-508;g__CAG-269;s__CAG-269 sp900551615	Bacteria	Bacillota_A	Clostridia	Clostridia TANB77	Clostridia TANB77 CAG-508	Clostridia TANB77 CAG-508 CAG-269	Clostridia TANB77 CAG-508 CAG-269 sp900551615
CAG01237	d__Bacteria;p__Bacillota_A;c__Clostridia;o__Oscillospirales;f__Oscillospiraceae;g__Dysosmobacter;s__Dysosmobacter sp900544615	Bacteria	Bacillota_A	Clostridia	Oscillospirales	Oscillospiraceae	Dysosmobacter	Dysosmobacter sp900544615
CAG01238	d__Bacteria;p__Bacillota_A;c__Clostridia;o__Lachnospirales;f__Lachnospiraceae;g__Copromonas;s__Copromonas sp900066535	Bacteria	Bacillota_A	Clostridia	Lachnospirales	Lachnospiraceae	Copromonas	Copromonas sp900066535
CAG01239	d__Bacteria;p__Bacillota_A;c__Clostridia;o__Lachnospirales;f__Lachnospiraceae;g__Blautia_A;s__Blautia_A sp900066205	Bacteria	Bacillota_A	Clostridia	Lachnospirales	Lachnospiraceae	Blautia_A	Blautia_A sp900066205
CAG01240	d__Bacteria;p__Bacteroidota;c__Bacteroidia;o__Bacteroidales;f__Tannerellaceae;g__Parabacteroides;s__Parabacteroides gordonii	Bacteria	Bacteroidota	Bacteroidia	Bacteroidales	Tannerellaceae	Parabacteroides	Parabacteroides gordonii
CAG01241	d__Bacteria;p__Bacillota;c__Bacilli;o__RF39;f__UBA660;g__CAG-433;s__CAG-433 sp000433675	Bacteria	Bacillota	Bacilli	Bacilli RF39	Bacilli RF39 UBA660	Bacilli RF39 UBA660 CAG-433	Bacilli RF39 UBA660 CAG-433 sp000433675
CAG01242	d__Bacteria;p__Bacillota_A;c__Clostridia;o__Christensenellales;f__CAG-138;g__UBA1685;s__UBA1685 sp944366945	Bacteria	Bacillota_A	Clostridia	Christensenellales	Christensenellales CAG-138	Christensenellales CAG-138 UBA1685	Christensenellales CAG-138 UBA1685 sp944366945
CAG01243	d__Bacteria;p__Bacillota;c__Bacilli;o__RF39;f__UBA660;g__CAG-605;s__CAG-605 sp000433255	Bacteria	Bacillota	Bacilli	Bacilli RF39	Bacilli RF39 UBA660	Bacilli RF39 UBA660 CAG-605	Bacilli RF39 UBA660 CAG-605 sp000433255
CAG01244	d__Bacteria;p__Bacteroidota;c__Bacteroidia;o__Bacteroidales;f__Tannerellaceae;g__Parabacteroides;s__	Bacteria	Bacteroidota	Bacteroidia	Bacteroidales	Tannerellaceae	Parabacteroides	Parabacteroides sp.
CAG01245	d__Bacteria;p__Bacillota_A;c__Clostridia;o__Oscillospirales;f__Acutalibacteraceae;g__UMGS1623;s__UMGS1623 sp934647945	Bacteria	Bacillota_A	Clostridia	Oscillospirales	Acutalibacteraceae	Acutalibacteraceae UMGS1623	Acutalibacteraceae UMGS1623 sp934647945
CAG01246	d__Bacteria;p__Bacteroidota;c__Bacteroidia;o__Bacteroidales;f__Marinifilaceae;g__Butyricimonas;s__	Bacteria	Bacteroidota	Bacteroidia	Bacteroidales	Marinifilaceae	Butyricimonas	Butyricimonas sp.
CAG01247	d__Bacteria;p__Bacillota_A;c__Clostridia;o__Lachnospirales;f__Lachnospiraceae;g__Muricomes;s__Muricomes fissicatena_A	Bacteria	Bacillota_A	Clostridia	Lachnospirales	Lachnospiraceae	Muricomes	Muricomes fissicatena_A
CAG01248	d__Bacteria;p__Bacillota_A;c__Clostridia;o__Christensenellales;f__QAND01;g__UMGS1975;s__UMGS1975 sp900556815	Bacteria	Bacillota_A	Clostridia	Christensenellales	Christensenellales QAND01	Christensenellales QAND01 UMGS1975	Christensenellales QAND01 UMGS1975 sp900556815
CAG01249	d__Bacteria;p__Bacillota_C;c__Negativicutes;o__Selenomonadales;f__Selenomonadaceae;g__Mitsuokella;s__Mitsuokella sp900552565	Bacteria	Bacillota_C	Negativicutes	Selenomonadales	Selenomonadaceae	Mitsuokella	Mitsuokella sp900552565
CAG01250	d__Bacteria;p__Bacillota_A;c__Clostridia;o__Christensenellales;f__UBA1242;g__Caccovivens;s__Caccovivens sp900753315	Bacteria	Bacillota_A	Clostridia	Christensenellales	Christensenellales UBA1242	Caccovivens	Caccovivens sp900753315
CAG01251	d__Bacteria;p__Bacillota_A;c__Clostridia;o__;f__;g__;s__	Bacteria	Bacillota_A	Clostridia	unclassified Clostridia	unclassified Clostridia	unclassified Clostridia	Clostridia bacterium
CAG01252	d__Bacteria;p__Bacillota;c__Bacilli;o__Erysipelotrichales;f__Coprobacillaceae;g__Catenibacterium;s__Catenibacterium mitsuokai	Bacteria	Bacillota	Bacilli	Erysipelotrichales	Coprobacillaceae	Catenibacterium	Catenibacterium mitsuokai
CAG01253	d__Bacteria;p__Bacillota_A;c__Clostridia;o__Lachnospirales;f__CAG-274;g__CAG-274;s__CAG-274 sp900545305	Bacteria	Bacillota_A	Clostridia	Lachnospirales	Lachnospirales CAG-274	Lachnospirales CAG-274	Lachnospirales CAG-274 sp900545305
CAG01254	d__Bacteria;p__Bacillota;c__Bacilli;o__RFN20;f__CAG-449;g__CAG-449;s__CAG-449 sp900551385	Bacteria	Bacillota	Bacilli	Bacilli RFN20	Bacilli RFN20 CAG-449	Bacilli RFN20 CAG-449	Bacilli RFN20 CAG-449 sp900551385
CAG01255	d__Bacteria;p__Bacillota_A;c__Clostridia;o__;f__;g__;s__	Bacteria	Bacillota_A	Clostridia	unclassified Clostridia	unclassified Clostridia	unclassified Clostridia	Clostridia bacterium
CAG01256	d__Bacteria;p__Bacillota_A;c__Clostridia;o__Christensenellales;f__CAG-917;g__CAG-917;s__CAG-917 sp934277645	Bacteria	Bacillota_A	Clostridia	Christensenellales	Christensenellales CAG-917	Christensenellales CAG-917	Christensenellales CAG-917 sp934277645
CAG01257	d__Bacteria;p__Bacteroidota;c__Bacteroidia;o__Bacteroidales;f__Bacteroidaceae;g__Bacteroides;s__Bacteroides intestinalis_A	Bacteria	Bacteroidota	Bacteroidia	Bacteroidales	Bacteroidaceae	Bacteroides	Bacteroides intestinalis_A
CAG01258	d__Bacteria;p__Bacillota;c__Bacilli;o__RF39;f__UBA660;g__Aphodocola;s__Aphodocola sp000434835	Bacteria	Bacillota	Bacilli	Bacilli RF39	Bacilli RF39 UBA660	Aphodocola	Aphodocola sp000434835
CAG01259	d__Bacteria;p__Bacillota;c__Bacilli;o__Lactobacillales;f__Streptococcaceae;g__Streptococcus;s__	Bacteria	Bacillota	Bacilli	Lactobacillales	Streptococcaceae	Streptococcus	Streptococcus sp.
CAG01260	d__Bacteria;p__Bacillota;c__Bacilli;o__Erysipelotrichales;f__Erysipelotrichaceae;g__Holdemanella;s__Holdemanella sp003436425	Bacteria	Bacillota	Bacilli	Erysipelotrichales	Erysipelotrichaceae	Holdemanella	Holdemanella sp003436425
CAG01261	d__Bacteria;p__Bacillota_A;c__Clostridia;o__TANB77;f__CAG-508;g__CAG-269;s__CAG-269 sp900556695	Bacteria	Bacillota_A	Clostridia	Clostridia TANB77	Clostridia TANB77 CAG-508	Clostridia TANB77 CAG-508 CAG-269	Clostridia TANB77 CAG-508 CAG-269 sp900556695
CAG01262	d__Bacteria;p__Bacillota_A;c__Clostridia;o__Lachnospirales;f__Lachnospiraceae;g__Mediterraneibacter;s__	Bacteria	Bacillota_A	Clostridia	Lachnospirales	Lachnospiraceae	Mediterraneibacter	Mediterraneibacter sp.
CAG01263	d__Bacteria;p__Bacillota_A;c__Clostridia;o__Lachnospirales;f__Lachnospiraceae;g__Enterocloster;s__	Bacteria	Bacillota_A	Clostridia	Lachnospirales	Lachnospiraceae	Enterocloster	Enterocloster sp.
CAG01264	d__Bacteria;p__Bacillota_A;c__Clostridia;o__Lachnospirales;f__Lachnospiraceae;g__Enterocloster;s__	Bacteria	Bacillota_A	Clostridia	Lachnospirales	Lachnospiraceae	Enterocloster	Enterocloster sp.
CAG01265	d__Bacteria;p__Bacillota_A;c__Clostridia;o__TANB77;f__CAG-508;g__CAG-269;s__CAG-269 sp014846485	Bacteria	Bacillota_A	Clostridia	Clostridia TANB77	Clostridia TANB77 CAG-508	Clostridia TANB77 CAG-508 CAG-269	Clostridia TANB77 CAG-508 CAG-269 sp014846485
CAG01266	d__Bacteria;p__Bacillota_A;c__Clostridia;o__Oscillospirales;f__;g__;s__	Bacteria	Bacillota_A	Clostridia	Oscillospirales	unclassified Oscillospirales	unclassified Oscillospirales	Oscillospirales bacterium
CAG01267	d__Bacteria;p__Bacillota;c__Bacilli;o__RF39;f__UBA660;g__Faecimonas;s__Faecimonas sp900554315	Bacteria	Bacillota	Bacilli	Bacilli RF39	Bacilli RF39 UBA660	Faecimonas	Faecimonas sp900554315
CAG01268	d__Bacteria;p__Bacillota_A;c__Clostridia;o__Lachnospirales;f__Lachnospiraceae;g__;s__	Bacteria	Bacillota_A	Clostridia	Lachnospirales	Lachnospiraceae	unclassified Lachnospiraceae	Lachnospiraceae bacterium
CAG01269	d__;p__;c__;o__;f__;g__;s__	unclassified	unclassified	unclassified 	unclassified 	unclassified 	unclassified 	unclassified
CAG01270	d__Bacteria;p__Bacillota_A;c__Clostridia;o__Christensenellales;f__Borkfalkiaceae;g__UMGS775;s__UMGS775 sp900545325	Bacteria	Bacillota_A	Clostridia	Christensenellales	Borkfalkiaceae	Borkfalkiaceae UMGS775	Borkfalkiaceae UMGS775 sp900545325
CAG01271	d__;p__;c__;o__;f__;g__;s__	unclassified	unclassified	unclassified 	unclassified 	unclassified 	unclassified 	unclassified
CAG01272	d__Bacteria;p__Actinomycetota;c__Coriobacteriia;o__Coriobacteriales;f__Eggerthellaceae;g__Adlercreutzia;s__Adlercreutzia hattorii	Bacteria	Actinomycetota	Coriobacteriia	Coriobacteriales	Eggerthellaceae	Adlercreutzia	Adlercreutzia hattorii
CAG01273	d__Bacteria;p__Pseudomonadota;c__Gammaproteobacteria;o__Enterobacterales;f__Enterobacteriaceae;g__Enterobacter;s__	Bacteria	Pseudomonadota	Gammaproteobacteria	Enterobacterales	Enterobacteriaceae	Enterobacter	Enterobacter sp.
CAG01274	d__Bacteria;p__Bacillota_A;c__Clostridia;o__Oscillospirales;f__Oscillospiraceae;g__Lawsonibacter;s__	Bacteria	Bacillota_A	Clostridia	Oscillospirales	Oscillospiraceae	Lawsonibacter	Lawsonibacter sp.
CAG01275	d__Bacteria;p__Desulfobacterota;c__Desulfovibrionia;o__Desulfovibrionales;f__Desulfovibrionaceae;g__Bilophila;s__Bilophila sp902373525	Bacteria	Desulfobacterota	Desulfovibrionia	Desulfovibrionales	Desulfovibrionaceae	Bilophila	Bilophila sp902373525
CAG01276	d__Bacteria;p__Bacillota_A;c__Clostridia;o__Lachnospirales;f__Lachnospiraceae;g__Blautia_A;s__Blautia_A caecimuris	Bacteria	Bacillota_A	Clostridia	Lachnospirales	Lachnospiraceae	Blautia_A	Blautia_A caecimuris
CAG01277	d__Bacteria;p__Bacillota_A;c__Clostridia;o__Christensenellales;f__CAG-138;g__Pelethousia;s__Pelethousia gallinarum	Bacteria	Bacillota_A	Clostridia	Christensenellales	Christensenellales CAG-138	Pelethousia	Pelethousia gallinarum
CAG01278	d__Bacteria;p__Bacillota_A;c__Clostridia;o__Peptostreptococcales;f__Anaerovoracaceae;g__CAG-238;s__CAG-238 sp900754805	Bacteria	Bacillota_A	Clostridia	Peptostreptococcales	Anaerovoracaceae	Anaerovoracaceae CAG-238	Anaerovoracaceae CAG-238 sp900754805
CAG01279	d__Bacteria;p__Bacillota_A;c__Clostridia;o__Christensenellales;f__Borkfalkiaceae;g__UBA10281;s__UBA10281 sp000437515	Bacteria	Bacillota_A	Clostridia	Christensenellales	Borkfalkiaceae	Borkfalkiaceae UBA10281	Borkfalkiaceae UBA10281 sp000437515
CAG01280	d__Bacteria;p__Bacillota_A;c__Clostridia;o__Lachnospirales;f__;g__;s__	Bacteria	Bacillota_A	Clostridia	Lachnospirales	unclassified Lachnospirales	unclassified Lachnospirales	Lachnospirales bacterium
CAG01281	d__Bacteria;p__Bacillota_A;c__Clostridia;o__Oscillospirales;f__Ruminococcaceae;g__Ruthenibacterium;s__Ruthenibacterium sp018380115	Bacteria	Bacillota_A	Clostridia	Oscillospirales	Ruminococcaceae	Ruthenibacterium	Ruthenibacterium sp018380115
CAG01282	d__Bacteria;p__Bacteroidota;c__Bacteroidia;o__Bacteroidales;f__Bacteroidaceae;g__Phocaeicola;s__Phocaeicola plebeius	Bacteria	Bacteroidota	Bacteroidia	Bacteroidales	Bacteroidaceae	Phocaeicola	Phocaeicola plebeius
CAG01283	d__Bacteria;p__Bacillota_A;c__Clostridia;o__Oscillospirales;f__Oscillospiraceae;g__Limivicinus;s__Limivicinus sp934591725	Bacteria	Bacillota_A	Clostridia	Oscillospirales	Oscillospiraceae	Limivicinus	Limivicinus sp934591725
CAG01284	d__Bacteria;p__Bacillota_A;c__Clostridia;o__Lachnospirales;f__Lachnospiraceae;g__Blautia_A;s__	Bacteria	Bacillota_A	Clostridia	Lachnospirales	Lachnospiraceae	Blautia_A	Blautia_A sp.
CAG01285	d__Bacteria;p__Bacillota_A;c__Clostridia;o__Oscillospirales;f__Butyricicoccaceae;g__Agathobaculum;s__Agathobaculum sp900544475	Bacteria	Bacillota_A	Clostridia	Oscillospirales	Butyricicoccaceae	Agathobaculum	Agathobaculum sp900544475
CAG01286	d__Bacteria;p__Bacillota;c__Bacilli;o__Erysipelotrichales;f__Erysipelotrichaceae;g__Holdemanella;s__Holdemanella sp900547815	Bacteria	Bacillota	Bacilli	Erysipelotrichales	Erysipelotrichaceae	Holdemanella	Holdemanella sp900547815
CAG01287	d__Bacteria;p__Bacillota_A;c__Clostridia;o__Oscillospirales;f__Ruminococcaceae;g__SFJ001;s__SFJ001 sp004555865	Bacteria	Bacillota_A	Clostridia	Oscillospirales	Ruminococcaceae	Ruminococcaceae SFJ001	Ruminococcaceae SFJ001 sp004555865
CAG01288	d__Bacteria;p__Actinomycetota;c__Coriobacteriia;o__Coriobacteriales;f__Coriobacteriaceae;g__Collinsella;s__Collinsella sp002391315	Bacteria	Actinomycetota	Coriobacteriia	Coriobacteriales	Coriobacteriaceae	Collinsella	Collinsella sp002391315
CAG01289	d__Bacteria;p__Bacteroidota;c__Bacteroidia;o__Bacteroidales;f__UBA932;g__Cryptobacteroides;s__Cryptobacteroides sp900544195	Bacteria	Bacteroidota	Bacteroidia	Bacteroidales	Bacteroidales UBA932	Cryptobacteroides	Cryptobacteroides sp900544195
CAG01290	d__Bacteria;p__Pseudomonadota;c__Gammaproteobacteria;o__Enterobacterales;f__Enterobacteriaceae;g__Enterobacter;s__Enterobacter cloacae	Bacteria	Pseudomonadota	Gammaproteobacteria	Enterobacterales	Enterobacteriaceae	Enterobacter	Enterobacter cloacae
CAG01291	d__Bacteria;p__Bacillota_A;c__Clostridia;o__Lachnospirales;f__Lachnospiraceae;g__Copromonas;s__Copromonas avistercoris	Bacteria	Bacillota_A	Clostridia	Lachnospirales	Lachnospiraceae	Copromonas	Copromonas avistercoris
CAG01292	d__Bacteria;p__Bacillota;c__Bacilli;o__RF39;f__UBA660;g__CAG-611;s__CAG-611 sp000434175	Bacteria	Bacillota	Bacilli	Bacilli RF39	Bacilli RF39 UBA660	Bacilli RF39 UBA660 CAG-611	Bacilli RF39 UBA660 CAG-611 sp000434175
CAG01293	d__Bacteria;p__Bacillota_A;c__Clostridia;o__Lachnospirales;f__Lachnospiraceae;g__Blautia_A;s__	Bacteria	Bacillota_A	Clostridia	Lachnospirales	Lachnospiraceae	Blautia_A	Blautia_A sp.
CAG01294	d__Bacteria;p__Bacillota_A;c__Clostridia;o__Lachnospirales;f__Lachnospiraceae;g__Bariatricus;s__Bariatricus sp905216215	Bacteria	Bacillota_A	Clostridia	Lachnospirales	Lachnospiraceae	Bariatricus	Bariatricus sp905216215
CAG01295	d__Bacteria;p__Pseudomonadota;c__Gammaproteobacteria;o__Burkholderiales;f__Burkholderiaceae_A;g__Sutterella;s__Sutterella sp934255515	Bacteria	Pseudomonadota	Gammaproteobacteria	Burkholderiales	Burkholderiaceae_A	Sutterella	Sutterella sp934255515
CAG01296	d__Bacteria;p__Bacillota_A;c__Clostridia;o__Peptostreptococcales;f__Peptostreptococcaceae;g__Peptostreptococcus;s__Peptostreptococcus stomatis	Bacteria	Bacillota_A	Clostridia	Peptostreptococcales	Peptostreptococcaceae	Peptostreptococcus	Peptostreptococcus stomatis
CAG01297	d__Bacteria;p__Bacillota_A;c__Clostridia;o__Lachnospirales;f__Lachnospiraceae;g__Faecalimonas;s__	Bacteria	Bacillota_A	Clostridia	Lachnospirales	Lachnospiraceae	Faecalimonas	Faecalimonas sp.
CAG01298	d__Bacteria;p__Pseudomonadota;c__Gammaproteobacteria;o__Burkholderiales;f__Burkholderiaceae;g__Oxalobacter;s__Oxalobacter formigenes_B	Bacteria	Pseudomonadota	Gammaproteobacteria	Burkholderiales	Burkholderiaceae	Oxalobacter	Oxalobacter formigenes_B
CAG01299	d__Bacteria;p__Bacillota_A;c__Clostridia;o__Oscillospirales;f__Acutalibacteraceae;g__UMGS1071;s__UMGS1071 sp900542375	Bacteria	Bacillota_A	Clostridia	Oscillospirales	Acutalibacteraceae	Acutalibacteraceae UMGS1071	Acutalibacteraceae UMGS1071 sp900542375
CAG01300	d__Bacteria;p__Bacillota_A;c__Clostridia;o__Oscillospirales;f__CAG-272;g__UBA1740;s__UBA1740 sp004558975	Bacteria	Bacillota_A	Clostridia	Oscillospirales	Oscillospirales CAG-272	Oscillospirales CAG-272 UBA1740	Oscillospirales CAG-272 UBA1740 sp004558975
CAG01301	d__Bacteria;p__Bacillota_A;c__Clostridia;o__Lachnospirales;f__Lachnospiraceae;g__Blautia_A;s__Blautia_A sp900066355	Bacteria	Bacillota_A	Clostridia	Lachnospirales	Lachnospiraceae	Blautia_A	Blautia_A sp900066355
CAG01302	d__Bacteria;p__Bacillota_A;c__Clostridia;o__Lachnospirales;f__Lachnospiraceae;g__Merdisoma;s__Merdisoma faecalis	Bacteria	Bacillota_A	Clostridia	Lachnospirales	Lachnospiraceae	Merdisoma	Merdisoma faecalis
CAG01303	d__Bacteria;p__Bacillota;c__Bacilli;o__Lactobacillales;f__Enterococcaceae;g__Enterococcus_A;s__Enterococcus_A avium	Bacteria	Bacillota	Bacilli	Lactobacillales	Enterococcaceae	Enterococcus_A	Enterococcus_A avium
CAG01304	d__Bacteria;p__Bacillota_C;c__Negativicutes;o__Veillonellales;f__Megasphaeraceae;g__Megasphaera;s__Megasphaera sp002319965	Bacteria	Bacillota_C	Negativicutes	Veillonellales	Megasphaeraceae	Megasphaera	Megasphaera sp002319965
CAG01305	d__Bacteria;p__Bacillota_A;c__Clostridia;o__Oscillospirales;f__Ruminococcaceae;g__Ruthenibacterium;s__	Bacteria	Bacillota_A	Clostridia	Oscillospirales	Ruminococcaceae	Ruthenibacterium	Ruthenibacterium sp.
CAG01306	d__Bacteria;p__Bacillota_A;c__Clostridia;o__Oscillospirales;f__Oscillospiraceae;g__Dysosmobacter;s__	Bacteria	Bacillota_A	Clostridia	Oscillospirales	Oscillospiraceae	Dysosmobacter	Dysosmobacter sp.
CAG01307	d__Bacteria;p__Bacillota_A;c__Clostridia;o__Christensenellales;f__CAG-74;g__RUG563;s__RUG563 sp934630705	Bacteria	Bacillota_A	Clostridia	Christensenellales	Christensenellales CAG-74	Christensenellales CAG-74 RUG563	Christensenellales CAG-74 RUG563 sp934630705
CAG01308	d__Bacteria;p__Bacillota_A;c__Clostridia;o__Oscillospirales;f__Oscillospiraceae;g__CAG-170;s__CAG-170 sp900549635	Bacteria	Bacillota_A	Clostridia	Oscillospirales	Oscillospiraceae	Oscillospiraceae CAG-170	Oscillospiraceae CAG-170 sp900549635
CAG01309	d__;p__;c__;o__;f__;g__;s__	unclassified	unclassified	unclassified 	unclassified 	unclassified 	unclassified 	unclassified
CAG01310	d__Bacteria;p__Bacillota_A;c__Clostridia;o__TANB77;f__CAG-508;g__CAG-452;s__CAG-452 sp934167165	Bacteria	Bacillota_A	Clostridia	Clostridia TANB77	Clostridia TANB77 CAG-508	Clostridia TANB77 CAG-508 CAG-452	Clostridia TANB77 CAG-508 CAG-452 sp934167165
CAG01311	d__Bacteria;p__Bacteroidota;c__Bacteroidia;o__Bacteroidales;f__Bacteroidaceae;g__Bacteroides;s__Bacteroides luhongzhouii	Bacteria	Bacteroidota	Bacteroidia	Bacteroidales	Bacteroidaceae	Bacteroides	Bacteroides luhongzhouii
CAG01312	d__Bacteria;p__Bacteroidota;c__Bacteroidia;o__Bacteroidales;f__Rikenellaceae;g__Alistipes;s__Alistipes megaguti	Bacteria	Bacteroidota	Bacteroidia	Bacteroidales	Rikenellaceae	Alistipes	Alistipes megaguti
CAG01313	d__Bacteria;p__Bacillota;c__Bacilli;o__RF39;f__UBA660;g__RUG705;s__RUG705 sp900759875	Bacteria	Bacillota	Bacilli	Bacilli RF39	Bacilli RF39 UBA660	Bacilli RF39 UBA660 RUG705	Bacilli RF39 UBA660 RUG705 sp900759875
CAG01314	d__Bacteria;p__Bacillota_A;c__Clostridia;o__TANB77;f__CAG-508;g__CAG-269;s__	Bacteria	Bacillota_A	Clostridia	Clostridia TANB77	Clostridia TANB77 CAG-508	Clostridia TANB77 CAG-508 CAG-269	Clostridia TANB77 CAG-508 CAG-269 sp.
CAG01315	d__;p__;c__;o__;f__;g__;s__	unclassified	unclassified	unclassified 	unclassified 	unclassified 	unclassified 	unclassified
CAG01316	d__Bacteria;p__Bacteroidota;c__Bacteroidia;o__Bacteroidales;f__Bacteroidaceae;g__Phocaeicola;s__Phocaeicola merdigallinarum	Bacteria	Bacteroidota	Bacteroidia	Bacteroidales	Bacteroidaceae	Phocaeicola	Phocaeicola merdigallinarum
CAG01317	d__;p__;c__;o__;f__;g__;s__	unclassified	unclassified	unclassified 	unclassified 	unclassified 	unclassified 	unclassified
CAG01318	d__Bacteria;p__Bacillota;c__Bacilli;o__RF39;f__UBA660;g__CAG-302;s__CAG-302 sp934091055	Bacteria	Bacillota	Bacilli	Bacilli RF39	Bacilli RF39 UBA660	Bacilli RF39 UBA660 CAG-302	Bacilli RF39 UBA660 CAG-302 sp934091055
CAG01319	d__Bacteria;p__Bacillota_A;c__Clostridia;o__TANB77;f__CAG-508;g__Merdicola;s__Merdicola sp001915925	Bacteria	Bacillota_A	Clostridia	Clostridia TANB77	Clostridia TANB77 CAG-508	Merdicola	Merdicola sp001915925
CAG01320	d__Bacteria;p__Bacillota_A;c__Clostridia;o__Lachnospirales;f__Lachnospiraceae;g__Enterocloster;s__	Bacteria	Bacillota_A	Clostridia	Lachnospirales	Lachnospiraceae	Enterocloster	Enterocloster sp.
CAG01321	d__Bacteria;p__Bacillota_A;c__Clostridia;o__Oscillospirales;f__Ruminococcaceae;g__Faecalibacterium;s__Faecalibacterium prausnitzii	Bacteria	Bacillota_A	Clostridia	Oscillospirales	Ruminococcaceae	Faecalibacterium	Faecalibacterium prausnitzii
CAG01322	d__Bacteria;p__Bacillota_A;c__Clostridia;o__Oscillospirales;f__Acutalibacteraceae;g__CAKTXU01;s__CAKTXU01 sp934630995	Bacteria	Bacillota_A	Clostridia	Oscillospirales	Acutalibacteraceae	Acutalibacteraceae CAKTXU01	Acutalibacteraceae CAKTXU01 sp934630995
CAG01323	d__Bacteria;p__Bacteroidota;c__Bacteroidia;o__Bacteroidales;f__Tannerellaceae;g__Parabacteroides;s__Parabacteroides merdae	Bacteria	Bacteroidota	Bacteroidia	Bacteroidales	Tannerellaceae	Parabacteroides	Parabacteroides merdae
CAG01324	d__Bacteria;p__Bacteroidota;c__Bacteroidia;o__Bacteroidales;f__Bacteroidaceae;g__Phocaeicola;s__	Bacteria	Bacteroidota	Bacteroidia	Bacteroidales	Bacteroidaceae	Phocaeicola	Phocaeicola sp.
CAG01325	d__Bacteria;p__Bacillota_A;c__Clostridia;o__Lachnospirales;f__Lachnospiraceae;g__Merdisoma;s__Merdisoma sp014290175	Bacteria	Bacillota_A	Clostridia	Lachnospirales	Lachnospiraceae	Merdisoma	Merdisoma sp014290175
CAG01326	d__Bacteria;p__Bacillota_A;c__Clostridia;o__Oscillospirales;f__Acutalibacteraceae;g__Acutalibacter;s__Acutalibacter sp900759575	Bacteria	Bacillota_A	Clostridia	Oscillospirales	Acutalibacteraceae	Acutalibacter	Acutalibacter sp900759575
CAG01327	d__;p__;c__;o__;f__;g__;s__	unclassified	unclassified	unclassified 	unclassified 	unclassified 	unclassified 	unclassified
CAG01328	d__;p__;c__;o__;f__;g__;s__	unclassified	unclassified	unclassified 	unclassified 	unclassified 	unclassified 	unclassified
CAG01329	d__Bacteria;p__Bacillota_A;c__Clostridia;o__Lachnospirales;f__Lachnospiraceae;g__Blautia_A;s__Blautia_A sp900764225	Bacteria	Bacillota_A	Clostridia	Lachnospirales	Lachnospiraceae	Blautia_A	Blautia_A sp900764225
CAG01330	d__Bacteria;p__Bacteroidota;c__Bacteroidia;o__Bacteroidales;f__Bacteroidaceae;g__Mediterranea;s__Mediterranea sp905201685	Bacteria	Bacteroidota	Bacteroidia	Bacteroidales	Bacteroidaceae	Mediterranea	Mediterranea sp905201685
CAG01331	d__;p__;c__;o__;f__;g__;s__	unclassified	unclassified	unclassified 	unclassified 	unclassified 	unclassified 	unclassified
CAG01332	d__Bacteria;p__Bacillota_A;c__Clostridia;o__TANB77;f__CAG-508;g__CAG-269;s__CAG-269 sp934154445	Bacteria	Bacillota_A	Clostridia	Clostridia TANB77	Clostridia TANB77 CAG-508	Clostridia TANB77 CAG-508 CAG-269	Clostridia TANB77 CAG-508 CAG-269 sp934154445
CAG01333	d__Bacteria;p__Bacillota_A;c__Clostridia;o__;f__;g__;s__	Bacteria	Bacillota_A	Clostridia	unclassified Clostridia	unclassified Clostridia	unclassified Clostridia	Clostridia bacterium
CAG01334	d__;p__;c__;o__;f__;g__;s__	unclassified	unclassified	unclassified 	unclassified 	unclassified 	unclassified 	unclassified
CAG01335	d__Bacteria;p__Bacteroidota;c__Bacteroidia;o__Bacteroidales;f__Rikenellaceae;g__Alistipes_A;s__	Bacteria	Bacteroidota	Bacteroidia	Bacteroidales	Rikenellaceae	Alistipes_A	Alistipes_A sp.
CAG01336	d__Bacteria;p__Bacillota_A;c__Clostridia;o__Oscillospirales;f__Acutalibacteraceae;g__UMGS1279;s__UMGS1279 sp900761625	Bacteria	Bacillota_A	Clostridia	Oscillospirales	Acutalibacteraceae	Acutalibacteraceae UMGS1279	Acutalibacteraceae UMGS1279 sp900761625
CAG01337	d__Bacteria;p__Bacillota_A;c__Clostridia;o__Christensenellales;f__Borkfalkiaceae;g__UBA10281;s__UBA10281 sp900556195	Bacteria	Bacillota_A	Clostridia	Christensenellales	Borkfalkiaceae	Borkfalkiaceae UBA10281	Borkfalkiaceae UBA10281 sp900556195
CAG01338	d__Bacteria;p__Bacillota_A;c__Clostridia;o__;f__;g__;s__	Bacteria	Bacillota_A	Clostridia	unclassified Clostridia	unclassified Clostridia	unclassified Clostridia	Clostridia bacterium
CAG01339	d__Bacteria;p__Bacillota_A;c__Clostridia;o__Tissierellales;f__Peptoniphilaceae;g__Peptoniphilus_A;s__Peptoniphilus_A lacrimalis	Bacteria	Bacillota_A	Clostridia	Tissierellales	Peptoniphilaceae	Peptoniphilus_A	Peptoniphilus_A lacrimalis
CAG01340	d__Bacteria;p__Bacillota_A;c__Clostridia;o__Oscillospirales;f__Oscillospiraceae;g__Lawsonibacter;s__	Bacteria	Bacillota_A	Clostridia	Oscillospirales	Oscillospiraceae	Lawsonibacter	Lawsonibacter sp.
CAG01341	d__Bacteria;p__Bacillota_A;c__Clostridia;o__;f__;g__;s__	Bacteria	Bacillota_A	Clostridia	unclassified Clostridia	unclassified Clostridia	unclassified Clostridia	Clostridia bacterium
CAG01342	d__Bacteria;p__Bacillota_A;c__Clostridia;o__Oscillospirales;f__Oscillospiraceae;g__ER4;s__ER4 sp900552015	Bacteria	Bacillota_A	Clostridia	Oscillospirales	Oscillospiraceae	Oscillospiraceae ER4	Oscillospiraceae ER4 sp900552015
CAG01343	d__Bacteria;p__Bacillota;c__Bacilli;o__RF39;f__UBA660;g__CAG-628;s__CAG-628 sp934085635	Bacteria	Bacillota	Bacilli	Bacilli RF39	Bacilli RF39 UBA660	Bacilli RF39 UBA660 CAG-628	Bacilli RF39 UBA660 CAG-628 sp934085635
CAG01344	d__Bacteria;p__Actinomycetota;c__Coriobacteriia;o__Coriobacteriales;f__Eggerthellaceae;g__Aveggerthella;s__Aveggerthella excrementigallinarum	Bacteria	Actinomycetota	Coriobacteriia	Coriobacteriales	Eggerthellaceae	Aveggerthella	Aveggerthella excrementigallinarum
CAG01345	d__Bacteria;p__Bacillota_A;c__Clostridia;o__Oscillospirales;f__Oscillospiraceae;g__Faecousia;s__Faecousia sp900752285	Bacteria	Bacillota_A	Clostridia	Oscillospirales	Oscillospiraceae	Faecousia	Faecousia sp900752285
CAG01346	d__Bacteria;p__Bacillota;c__Bacilli;o__RF39;f__UBA660;g__JALELF01;s__JALELF01 sp022771715	Bacteria	Bacillota	Bacilli	Bacilli RF39	Bacilli RF39 UBA660	Bacilli RF39 UBA660 JALELF01	Bacilli RF39 UBA660 JALELF01 sp022771715
CAG01347	d__Bacteria;p__Bacillota_A;c__Clostridia;o__TANB77;f__CAG-508;g__UMGS1663;s__UMGS1663 sp900753245	Bacteria	Bacillota_A	Clostridia	Clostridia TANB77	Clostridia TANB77 CAG-508	Clostridia TANB77 CAG-508 UMGS1663	Clostridia TANB77 CAG-508 UMGS1663 sp900753245
CAG01348	d__Bacteria;p__Bacillota_A;c__Clostridia;o__Lachnospirales;f__Lachnospiraceae;g__Clostridium_Q;s__Clostridium_Q sp019423835	Bacteria	Bacillota_A	Clostridia	Lachnospirales	Lachnospiraceae	Clostridium_Q	Clostridium_Q sp019423835
CAG01349	d__Bacteria;p__Bacillota_A;c__Clostridia;o__Oscillospirales;f__UMGS1783;g__UMGS1783;s__UMGS1783 sp905209135	Bacteria	Bacillota_A	Clostridia	Oscillospirales	Oscillospirales UMGS1783	Oscillospirales UMGS1783	Oscillospirales UMGS1783 sp905209135
CAG01350	d__Bacteria;p__Bacillota_A;c__Clostridia;o__Oscillospirales;f__UMGS1384;g__UMGS1384;s__UMGS1384 sp900551265	Bacteria	Bacillota_A	Clostridia	Oscillospirales	Oscillospirales UMGS1384	Oscillospirales UMGS1384	Oscillospirales UMGS1384 sp900551265
CAG01351	d__Bacteria;p__Bacteroidota;c__Bacteroidia;o__Bacteroidales;f__Tannerellaceae;g__Parabacteroides;s__Parabacteroides intestinipullorum	Bacteria	Bacteroidota	Bacteroidia	Bacteroidales	Tannerellaceae	Parabacteroides	Parabacteroides intestinipullorum
CAG01352	d__;p__;c__;o__;f__;g__;s__	unclassified	unclassified	unclassified 	unclassified 	unclassified 	unclassified 	unclassified
CAG01353	d__Bacteria;p__Bacillota;c__Bacilli;o__ML615J-28;f__CAG-313;g__UMGS75;s__UMGS75 sp934140285	Bacteria	Bacillota	Bacilli	Bacilli ML615J-28	Bacilli ML615J-28 CAG-313	Bacilli ML615J-28 CAG-313 UMGS75	Bacilli ML615J-28 CAG-313 UMGS75 sp934140285
CAG01354	d__Bacteria;p__Bacteroidota;c__Bacteroidia;o__Bacteroidales;f__Marinifilaceae;g__Butyricimonas;s__Butyricimonas faecalis	Bacteria	Bacteroidota	Bacteroidia	Bacteroidales	Marinifilaceae	Butyricimonas	Butyricimonas faecalis
CAG01355	d__Bacteria;p__Bacillota_B;c__Peptococcia;o__Peptococcales;f__Peptococcaceae;g__UBA7185;s__UBA7185 sp900756555	Bacteria	Bacillota_B	Peptococcia	Peptococcales	Peptococcaceae	Peptococcaceae UBA7185	Peptococcaceae UBA7185 sp900756555
CAG01356	d__Bacteria;p__Bacteroidota;c__Bacteroidia;o__Bacteroidales;f__Marinifilaceae;g__Butyricimonas;s__Butyricimonas virosa	Bacteria	Bacteroidota	Bacteroidia	Bacteroidales	Marinifilaceae	Butyricimonas	Butyricimonas virosa
CAG01357	d__Bacteria;p__Bacillota_A;c__Clostridia;o__Oscillospirales;f__Oscillospiraceae;g__Scatomorpha;s__Scatomorpha stercorigallinarum	Bacteria	Bacillota_A	Clostridia	Oscillospirales	Oscillospiraceae	Scatomorpha	Scatomorpha stercorigallinarum
CAG01358	d__Bacteria;p__Bacillota_A;c__Clostridia;o__Lachnospirales;f__Lachnospiraceae;g__Eisenbergiella;s__Eisenbergiella tayi	Bacteria	Bacillota_A	Clostridia	Lachnospirales	Lachnospiraceae	Eisenbergiella	Eisenbergiella tayi
CAG01359	d__Bacteria;p__Bacillota_A;c__Clostridia;o__Clostridiales;f__Clostridiaceae;g__Clostridium;s__Clostridium sp000435835	Bacteria	Bacillota_A	Clostridia	Clostridiales	Clostridiaceae	Clostridium	Clostridium sp000435835
CAG01360	d__Bacteria;p__Bacillota_A;c__Clostridia;o__Lachnospirales;f__Lachnospiraceae;g__Copromonas;s__Copromonas sp900541255	Bacteria	Bacillota_A	Clostridia	Lachnospirales	Lachnospiraceae	Copromonas	Copromonas sp900541255
CAG01361	d__Bacteria;p__Bacteroidota;c__Bacteroidia;o__Bacteroidales;f__Bacteroidaceae;g__Phocaeicola;s__	Bacteria	Bacteroidota	Bacteroidia	Bacteroidales	Bacteroidaceae	Phocaeicola	Phocaeicola sp.
CAG01362	d__Bacteria;p__Bacillota_A;c__Clostridia;o__Lachnospirales;f__Lachnospiraceae;g__Hominisplanchenecus;s__Hominisplanchenecus sp905214675	Bacteria	Bacillota_A	Clostridia	Lachnospirales	Lachnospiraceae	Hominisplanchenecus	Hominisplanchenecus sp905214675
CAG01363	d__Bacteria;p__Bacillota_A;c__Clostridia;o__Oscillospirales;f__CAG-272;g__UMGS1865;s__UMGS1865 sp900768535	Bacteria	Bacillota_A	Clostridia	Oscillospirales	Oscillospirales CAG-272	Oscillospirales CAG-272 UMGS1865	Oscillospirales CAG-272 UMGS1865 sp900768535
CAG01364	d__Bacteria;p__Bacteroidota;c__Bacteroidia;o__Bacteroidales;f__Bacteroidaceae;g__Bacteroides;s__Bacteroides sp900552405	Bacteria	Bacteroidota	Bacteroidia	Bacteroidales	Bacteroidaceae	Bacteroides	Bacteroides sp900552405
CAG01365	d__Bacteria;p__Bacillota_B;c__Peptococcia;o__Peptococcales;f__Peptococcaceae;g__UMGS1590;s__UMGS1590 sp900552455	Bacteria	Bacillota_B	Peptococcia	Peptococcales	Peptococcaceae	Peptococcaceae UMGS1590	Peptococcaceae UMGS1590 sp900552455
CAG01366	d__Bacteria;p__Bacillota;c__Bacilli;o__Lactobacillales;f__Streptococcaceae;g__Streptococcus;s__Streptococcus parasanguinis	Bacteria	Bacillota	Bacilli	Lactobacillales	Streptococcaceae	Streptococcus	Streptococcus parasanguinis
CAG01367	d__Bacteria;p__Bacillota_A;c__Clostridia;o__Lachnospirales;f__Lachnospiraceae;g__Mediterraneibacter;s__Mediterraneibacter sp900553885	Bacteria	Bacillota_A	Clostridia	Lachnospirales	Lachnospiraceae	Mediterraneibacter	Mediterraneibacter sp900553885
CAG01368	d__Bacteria;p__Bacteroidota;c__Bacteroidia;o__Bacteroidales;f__Marinifilaceae;g__Odoribacter;s__Odoribacter sp905204385	Bacteria	Bacteroidota	Bacteroidia	Bacteroidales	Marinifilaceae	Odoribacter	Odoribacter sp905204385
CAG01369	d__Bacteria;p__Bacillota_A;c__Clostridia;o__Lachnospirales;f__Lachnospiraceae;g__Roseburia;s__Roseburia intestinalis	Bacteria	Bacillota_A	Clostridia	Lachnospirales	Lachnospiraceae	Roseburia	Roseburia intestinalis
CAG01370	d__Bacteria;p__Bacteroidota;c__Bacteroidia;o__Bacteroidales;f__Bacteroidaceae;g__Bacteroides;s__	Bacteria	Bacteroidota	Bacteroidia	Bacteroidales	Bacteroidaceae	Bacteroides	Bacteroides sp.
CAG01371	d__Bacteria;p__Pseudomonadota;c__Gammaproteobacteria;o__Enterobacterales;f__Enterobacteriaceae;g__Escherichia;s__	Bacteria	Pseudomonadota	Gammaproteobacteria	Enterobacterales	Enterobacteriaceae	Escherichia	Escherichia sp.
CAG01372	d__Bacteria;p__Bacillota_A;c__Clostridia;o__Oscillospirales;f__Oscillospiraceae;g__CALXDZ01;s__	Bacteria	Bacillota_A	Clostridia	Oscillospirales	Oscillospiraceae	Oscillospiraceae CALXDZ01	Oscillospiraceae CALXDZ01 sp.
CAG01373	d__Bacteria;p__Bacillota_A;c__Clostridia;o__Lachnospirales;f__Anaerotignaceae;g__Anaerotignum;s__Anaerotignum lactatifermentans	Bacteria	Bacillota_A	Clostridia	Lachnospirales	Anaerotignaceae	Anaerotignum	Anaerotignum lactatifermentans
CAG01374	d__Bacteria;p__Bacillota_A;c__Clostridia;o__TANB77;f__CAG-508;g__CAG-245;s__CAG-245 sp934119935	Bacteria	Bacillota_A	Clostridia	Clostridia TANB77	Clostridia TANB77 CAG-508	Clostridia TANB77 CAG-508 CAG-245	Clostridia TANB77 CAG-508 CAG-245 sp934119935
CAG01375	d__Bacteria;p__Bacillota_A;c__Clostridia;o__Oscillospirales;f__Oscillospiraceae;g__UBA738;s__UBA738 sp900763675	Bacteria	Bacillota_A	Clostridia	Oscillospirales	Oscillospiraceae	Oscillospiraceae UBA738	Oscillospiraceae UBA738 sp900763675
CAG01376	d__Bacteria;p__Bacillota_A;c__Clostridia;o__Peptostreptococcales;f__Anaerovoracaceae;g__QAKD01;s__QAKD01 sp944386585	Bacteria	Bacillota_A	Clostridia	Peptostreptococcales	Anaerovoracaceae	Anaerovoracaceae QAKD01	Anaerovoracaceae QAKD01 sp944386585
CAG01377	d__Bacteria;p__Bacillota;c__Bacilli;o__Lactobacillales;f__Streptococcaceae;g__Streptococcus;s__Streptococcus vestibularis	Bacteria	Bacillota	Bacilli	Lactobacillales	Streptococcaceae	Streptococcus	Streptococcus vestibularis
CAG01378	d__Bacteria;p__Bacillota;c__Bacilli;o__RF39;f__UBA660;g__CAG-605;s__CAG-605 sp900545005	Bacteria	Bacillota	Bacilli	Bacilli RF39	Bacilli RF39 UBA660	Bacilli RF39 UBA660 CAG-605	Bacilli RF39 UBA660 CAG-605 sp900545005
CAG01379	d__Bacteria;p__Bacillota_A;c__Clostridia;o__Lachnospirales;f__Lachnospiraceae;g__Hungatella;s__	Bacteria	Bacillota_A	Clostridia	Lachnospirales	Lachnospiraceae	Hungatella	Hungatella sp.
CAG01380	d__Bacteria;p__Bacillota_A;c__Clostridia;o__Oscillospirales;f__Oscillospiraceae;g__Lawsonibacter;s__Lawsonibacter sp900066645	Bacteria	Bacillota_A	Clostridia	Oscillospirales	Oscillospiraceae	Lawsonibacter	Lawsonibacter sp900066645
CAG01381	d__Bacteria;p__Bacillota_A;c__Clostridia;o__Lachnospirales;f__Lachnospiraceae;g__Lachnospira;s__Lachnospira sp003537285	Bacteria	Bacillota_A	Clostridia	Lachnospirales	Lachnospiraceae	Lachnospira	Lachnospira sp003537285
CAG01382	d__Bacteria;p__Bacillota_A;c__Clostridia;o__TANB77;f__CAG-508;g__CAG-492;s__	Bacteria	Bacillota_A	Clostridia	Clostridia TANB77	Clostridia TANB77 CAG-508	Clostridia TANB77 CAG-508 CAG-492	Clostridia TANB77 CAG-508 CAG-492 sp.
CAG01383	d__Bacteria;p__Bacteroidota;c__Bacteroidia;o__Bacteroidales;f__Bacteroidaceae;g__Prevotella;s__Prevotella sp900544495	Bacteria	Bacteroidota	Bacteroidia	Bacteroidales	Bacteroidaceae	Prevotella	Prevotella sp900544495
CAG01384	d__Bacteria;p__Bacillota_A;c__Clostridia;o__;f__;g__;s__	Bacteria	Bacillota_A	Clostridia	unclassified Clostridia	unclassified Clostridia	unclassified Clostridia	Clostridia bacterium
CAG01385	d__Bacteria;p__Bacillota_A;c__Clostridia;o__Lachnospirales;f__Lachnospiraceae;g__Faecalimonas;s__Faecalimonas sp900556835	Bacteria	Bacillota_A	Clostridia	Lachnospirales	Lachnospiraceae	Faecalimonas	Faecalimonas sp900556835
CAG01386	d__Bacteria;p__Bacillota_A;c__Clostridia;o__Lachnospirales;f__Lachnospiraceae;g__Blautia_A;s__	Bacteria	Bacillota_A	Clostridia	Lachnospirales	Lachnospiraceae	Blautia_A	Blautia_A sp.
CAG01387	d__Bacteria;p__Bacillota_A;c__Clostridia;o__Lachnospirales;f__Lachnospiraceae;g__UBA9414;s__UBA9414 sp003458885	Bacteria	Bacillota_A	Clostridia	Lachnospirales	Lachnospiraceae	Lachnospiraceae UBA9414	Lachnospiraceae UBA9414 sp003458885
CAG01388	d__Bacteria;p__Bacteroidota;c__Bacteroidia;o__Bacteroidales;f__Rikenellaceae;g__Alistipes;s__	Bacteria	Bacteroidota	Bacteroidia	Bacteroidales	Rikenellaceae	Alistipes	Alistipes sp.
CAG01389	d__Bacteria;p__Bacillota_A;c__Clostridia;o__TANB77;f__CAG-508;g__CAG-452;s__CAG-452 sp900770415	Bacteria	Bacillota_A	Clostridia	Clostridia TANB77	Clostridia TANB77 CAG-508	Clostridia TANB77 CAG-508 CAG-452	Clostridia TANB77 CAG-508 CAG-452 sp900770415
CAG01390	d__Bacteria;p__Bacillota_A;c__Clostridia;o__TANB77;f__CAG-508;g__Merdicola;s__Merdicola faecigallinarum	Bacteria	Bacillota_A	Clostridia	Clostridia TANB77	Clostridia TANB77 CAG-508	Merdicola	Merdicola faecigallinarum
CAG01391	d__Bacteria;p__Bacillota_A;c__Clostridia;o__Oscillospirales;f__Ruminococcaceae;g__UBA1394;s__UBA1394 sp900554975	Bacteria	Bacillota_A	Clostridia	Oscillospirales	Ruminococcaceae	Ruminococcaceae UBA1394	Ruminococcaceae UBA1394 sp900554975
CAG01392	d__Bacteria;p__Bacillota_A;c__Clostridia;o__Christensenellales;f__CAG-138;g__Aphodomorpha;s__Aphodomorpha sp900540495	Bacteria	Bacillota_A	Clostridia	Christensenellales	Christensenellales CAG-138	Aphodomorpha	Aphodomorpha sp900540495
CAG01393	d__;p__;c__;o__;f__;g__;s__	unclassified	unclassified	unclassified 	unclassified 	unclassified 	unclassified 	unclassified
CAG01394	d__Bacteria;p__Bacillota_A;c__Clostridia;o__Lachnospirales;f__Lachnospiraceae;g__Blautia;s__Blautia sp900539145	Bacteria	Bacillota_A	Clostridia	Lachnospirales	Lachnospiraceae	Blautia	Blautia sp900539145
CAG01396	d__;p__;c__;o__;f__;g__;s__	unclassified	unclassified	unclassified 	unclassified 	unclassified 	unclassified 	unclassified
CAG01397	d__Bacteria;p__Actinomycetota;c__Coriobacteriia;o__Coriobacteriales;f__Coriobacteriaceae;g__Collinsella;s__Collinsella sp003466125	Bacteria	Actinomycetota	Coriobacteriia	Coriobacteriales	Coriobacteriaceae	Collinsella	Collinsella sp003466125
CAG01398	d__Bacteria;p__Bacillota_A;c__Clostridia;o__Oscillospirales;f__Oscillospiraceae;g__Faecousia;s__Faecousia sp900546415	Bacteria	Bacillota_A	Clostridia	Oscillospirales	Oscillospiraceae	Faecousia	Faecousia sp900546415
CAG01399	d__Bacteria;p__Bacillota_A;c__Clostridia;o__Oscillospirales;f__Oscillospiraceae;g__Dysosmobacter;s__	Bacteria	Bacillota_A	Clostridia	Oscillospirales	Oscillospiraceae	Dysosmobacter	Dysosmobacter sp.
CAG01400	d__Bacteria;p__Bacillota_A;c__Clostridia;o__Lachnospirales;f__Lachnospiraceae;g__RUG115;s__	Bacteria	Bacillota_A	Clostridia	Lachnospirales	Lachnospiraceae	Lachnospiraceae RUG115	Lachnospiraceae RUG115 sp.
CAG01401	d__Bacteria;p__Bacillota_A;c__Clostridia;o__Lachnospirales;f__Lachnospiraceae;g__Eisenbergiella;s__Eisenbergiella tayi	Bacteria	Bacillota_A	Clostridia	Lachnospirales	Lachnospiraceae	Eisenbergiella	Eisenbergiella tayi
CAG01402	d__Bacteria;p__Bacillota;c__Bacilli;o__Haloplasmatales;f__Turicibacteraceae;g__Turicibacter;s__Turicibacter bilis	Bacteria	Bacillota	Bacilli	Haloplasmatales	Turicibacteraceae	Turicibacter	Turicibacter bilis
CAG01403	d__Bacteria;p__Bacteroidota;c__Bacteroidia;o__Bacteroidales;f__Bacteroidaceae;g__Bacteroides;s__Bacteroides stercorirosoris	Bacteria	Bacteroidota	Bacteroidia	Bacteroidales	Bacteroidaceae	Bacteroides	Bacteroides stercorirosoris
CAG01405	d__Bacteria;p__Bacteroidota;c__Bacteroidia;o__Bacteroidales;f__Tannerellaceae;g__Parabacteroides;s__Parabacteroides gordonii	Bacteria	Bacteroidota	Bacteroidia	Bacteroidales	Tannerellaceae	Parabacteroides	Parabacteroides gordonii
CAG01406	d__;p__;c__;o__;f__;g__;s__	unclassified	unclassified	unclassified 	unclassified 	unclassified 	unclassified 	unclassified
CAG01407	d__Bacteria;p__Bacillota_A;c__Clostridia;o__Oscillospirales;f__Oscillospiraceae;g__Vescimonas;s__Vescimonas sp900550615	Bacteria	Bacillota_A	Clostridia	Oscillospirales	Oscillospiraceae	Vescimonas	Vescimonas sp900550615
CAG01408	d__Bacteria;p__Bacteroidota;c__Bacteroidia;o__Bacteroidales;f__Marinifilaceae;g__Butyricimonas;s__Butyricimonas paravirosa	Bacteria	Bacteroidota	Bacteroidia	Bacteroidales	Marinifilaceae	Butyricimonas	Butyricimonas paravirosa
CAG01409	d__Bacteria;p__Bacteroidota;c__Bacteroidia;o__Bacteroidales;f__Porphyromonadaceae;g__Porphyromonas_A;s__Porphyromonas_A somerae	Bacteria	Bacteroidota	Bacteroidia	Bacteroidales	Porphyromonadaceae	Porphyromonas_A	Porphyromonas_A somerae
CAG01410	d__Bacteria;p__Bacillota_A;c__Clostridia;o__Oscillospirales;f__Oscillospiraceae;g__Vescimonas;s__Vescimonas sp900551355	Bacteria	Bacillota_A	Clostridia	Oscillospirales	Oscillospiraceae	Vescimonas	Vescimonas sp900551355
CAG01411	d__Bacteria;p__Bacillota_A;c__Clostridia;o__;f__;g__;s__	Bacteria	Bacillota_A	Clostridia	unclassified Clostridia	unclassified Clostridia	unclassified Clostridia	Clostridia bacterium
CAG01551	d__Bacteria;p__Bacillota_A;c__Clostridia;o__Oscillospirales;f__Oscillospiraceae;g__Dysosmobacter;s__	Bacteria	Bacillota_A	Clostridia	Oscillospirales	Oscillospiraceae	Dysosmobacter	Dysosmobacter sp.
CAG01637	d__Bacteria;p__Bacillota_A;c__Clostridia;o__Lachnospirales;f__Lachnospiraceae;g__Acetatifactor;s__	Bacteria	Bacillota_A	Clostridia	Lachnospirales	Lachnospiraceae	Acetatifactor	Acetatifactor sp.
CAG01700	d__Bacteria;p__Bacillota_A;c__Clostridia;o__Oscillospirales;f__Ruminococcaceae;g__Avimicrobium;s__Avimicrobium caecorum	Bacteria	Bacillota_A	Clostridia	Oscillospirales	Ruminococcaceae	Avimicrobium	Avimicrobium caecorum
CAG02021	d__Bacteria;p__Bacillota_A;c__Clostridia;o__Lachnospirales;f__Lachnospiraceae;g__Copromonas;s__Copromonas sp900066055	Bacteria	Bacillota_A	Clostridia	Lachnospirales	Lachnospiraceae	Copromonas	Copromonas sp900066055
CAG02723	d__Bacteria;p__Actinomycetota;c__Coriobacteriia;o__Coriobacteriales;f__Atopobiaceae;g__Thermophilibacter;s__Thermophilibacter timonensis	Bacteria	Actinomycetota	Coriobacteriia	Coriobacteriales	Atopobiaceae	Thermophilibacter	Thermophilibacter timonensis
CAG50001	d__Bacteria;p__Bacillota_A;c__Clostridia;o__Lachnospirales;f__Lachnospiraceae;g__Choladocola;s__Choladocola sp003481535	Bacteria	Bacillota_A	Clostridia	Lachnospirales	Lachnospiraceae	Choladocola	Choladocola sp003481535
CAG50002	d__Bacteria;p__Bacillota_A;c__Clostridia;o__Peptostreptococcales;f__Anaerovoracaceae;g__Lentihominibacter;s__Lentihominibacter faecis	Bacteria	Bacillota_A	Clostridia	Peptostreptococcales	Anaerovoracaceae	Lentihominibacter	Lentihominibacter faecis
CAG50003	d__Bacteria;p__Bacillota_A;c__Clostridia;o__Lachnospirales;f__Lachnospiraceae;g__Merdisoma;s__Merdisoma sp900066385	Bacteria	Bacillota_A	Clostridia	Lachnospirales	Lachnospiraceae	Merdisoma	Merdisoma sp900066385
